ph,turbidity,tds,temperature,conductivity,flow_rate,pressure,water_quality,leak_status
7.547699907107863,2.1190852920402485,474.389727756648,23.406762270973186,870.0868592894967,49.32830530398315,3.3203352767772887,SAFE,NORMAL
7.103214989180171,2.064897843814393,524.9122985208991,15.669070142801278,709.7286651675703,52.316043278562006,2.889088382835158,SAFE,NORMAL
7.6533819766704845,5.0454871925513265,587.3857948437768,25.148422204575915,574.3221142763952,53.47632743708258,3.415339092568752,WARNING,NORMAL
8.266120899485617,0.9063135820106579,513.822482456856,23.655802395604354,669.8852040698837,57.44843817828286,3.209182656084583,WARNING,NORMAL
7.036092637693665,1.5968148152968176,445.35422772641874,21.025685739496133,720.992417202027,50.68412726566495,2.9698730148452905,SAFE,NORMAL
7.036104130135574,2.682986830802104,489.0870041092356,32.20260081747697,578.6752214914121,72.13625897136133,2.964545013009562,SAFE,LEAK
8.305448970855174,8.457795474343564,552.5768442781632,21.654433086706344,993.3764478551934,45.41362572750484,3.2412430417018583,WARNING,NORMAL
7.737204310407036,5.047849588424693,616.8915806440176,29.33114341612848,994.275009990956,61.91664067806773,4.668097244895629,WARNING,NORMAL
6.871367929845534,3.181567980229264,268.71783559031286,35.056777289418065,678.3877851520008,38.30105177223367,3.852767001603182,SAFE,NORMAL
7.579792030510175,1.960988745363919,223.17112030356046,22.40034234199667,885.558399582179,42.12364812557259,3.2428335424630337,SAFE,NORMAL
6.875607615031276,10.687696982579139,611.8050538005656,26.07625065020298,800.8038727611454,37.55012888549855,3.109406608126357,CRITICAL,NORMAL
6.873989172500821,2.8674365064229623,354.30473726322913,32.41083265878838,610.6082441796408,42.59822154724137,3.5114979602090615,SAFE,NORMAL
7.369373590096224,1.5954668058363302,251.0480407534849,25.338403068660014,774.161886863775,36.91185338112011,2.893525749208634,SAFE,NORMAL
5.860703828739542,12.012254086836922,239.76437583533018,28.329557956221837,560.6339010887018,50.86550302838313,3.0859702714642525,CRITICAL,NORMAL
5.992557517240877,0.9485091247944756,666.2217630763068,29.55717635088839,541.5994790784881,42.85689338472614,2.2242256299506677,WARNING,NORMAL
6.8063987295313195,7.0990601447275266,555.3135377433589,27.6943792657789,785.8426166052792,62.11829678944271,3.2454267926895786,WARNING,NORMAL
6.491018215765903,3.0338423318680228,354.58886224339767,25.206746899825102,787.985453392603,54.021375725309284,3.2581375650286906,SAFE,NORMAL
7.419973132816692,5.03948057502232,359.54947913191637,23.87647835638137,1184.9357563608294,50.53311841646452,2.928101552261003,WARNING,NORMAL
6.564383147135152,4.433218005992064,456.58359445873697,22.620879239924196,672.0154170993468,52.126037627060036,3.4256948990544895,SAFE,NORMAL
6.2113874090652965,4.989515265865229,553.1268597383821,29.38605525908775,604.7864823132895,55.16831493882743,3.262234191043278,SAFE,NORMAL
8.225954138245088,12.71262463069697,414.7190686641146,24.36845659725052,866.0957593038684,59.541742886985965,2.9341029496839237,CRITICAL,NORMAL
7.041956589659425,11.481245415248287,355.6766070716119,31.783904893443925,695.4898480157782,46.022071337098765,3.6115237307811467,CRITICAL,NORMAL
7.247269743281547,1.6704415086608175,586.2055874243629,33.356668972966546,583.4283398778522,44.54719319307627,3.110157540908601,SAFE,NORMAL
6.20267626965058,4.31567186729184,446.899422634064,22.372751617388076,594.5536050563493,53.318242310705585,2.6762537904635115,SAFE,NORMAL
6.818932092832372,0.5355248322132636,427.00489012110984,29.95277006352243,667.6842853202972,62.551559641466056,2.3193571166502553,SAFE,NORMAL
7.277645812796907,5.3649639073722835,521.0549549694418,35.23594278317735,889.8011934422068,39.10464182586144,3.9177043502621647,WARNING,NORMAL
6.394304495804389,6.240747014672005,193.64019460368195,23.5786663888559,777.692677490524,53.193564890034295,3.262957695508517,WARNING,NORMAL
7.46298861284197,0.3004093985730933,506.8961761419717,31.802567796957035,549.9893719704194,60.32776599402012,3.241758021493284,SAFE,NORMAL
6.7795529170568365,2.9490863718656843,499.30993603116406,29.24772277313408,1030.2492804093135,54.92512859631703,3.1781011301259348,WARNING,NORMAL
6.995814375144707,5.0331226407366,284.5300141539201,30.841937649176362,536.6716259942032,52.6561968166395,3.809016487943452,WARNING,NORMAL
6.7788053714394225,3.8922613631333913,217.03522452207878,23.97438403492911,567.2809508164387,54.322901738040976,3.271302748402422,SAFE,NORMAL
8.496594729156257,0.9679792053141921,382.27661357266084,34.62073964089436,910.0648043140802,64.42700252311818,3.974015557284485,WARNING,NORMAL
7.190551942683446,1.0756494418227767,471.9568032366314,24.321318161051742,969.5609453584678,56.35966821824152,3.2729029441161006,SAFE,NORMAL
6.45960234973087,2.6895007852398085,484.18452208930114,29.5625767030513,763.6402206982845,37.59105191314271,1.8626466798148218,SAFE,LEAK
7.775781438472232,2.11884503436467,654.48557757863,26.747057706930175,467.68979720266145,49.32350823786867,3.8334406560712644,SAFE,NORMAL
6.345409445020285,2.286450645589326,472.0103350825443,29.146612825109333,717.4416613350098,50.70048778661163,3.357635714079904,SAFE,NORMAL
7.346204516503329,0.838172872341603,282.14080078061215,23.066320830636094,453.928552899946,58.20691925788146,2.9465493291219405,SAFE,NORMAL
5.828230913284157,3.0735504169243453,419.8834267164002,22.09054474388699,1147.2541082252676,50.666192326477365,3.0716404155695276,WARNING,NORMAL
6.270269765771099,8.500795507152194,294.162792601334,28.14812343610582,751.6902299453251,50.12820443246261,3.0461279779668815,WARNING,NORMAL
7.337802865108387,1.009731923971805,428.5075735640819,25.53098981492942,844.2689537733163,50.3414713335812,2.5792357659355867,SAFE,NORMAL
7.716926605996788,2.517939737002537,619.0692908979511,25.39483825611467,633.3503969711617,51.918862940420226,3.63861082976309,SAFE,NORMAL
7.31995779683298,4.65101768148398,505.10913676551735,29.17927336975879,1025.0200914293137,49.252807010884666,2.977068621701477,WARNING,NORMAL
7.1190462023282315,0.6428434400805714,363.5058243828014,21.021290836129594,609.5538536751267,46.646936818897686,2.765932837610981,SAFE,NORMAL
6.989227413087498,3.096969803582008,521.0808923785669,31.82753156370743,545.4119145748267,48.818294605199775,5.34942878614938,SAFE,NORMAL
6.165034606742801,6.113171603193431,356.6661403554721,27.47805154162681,754.879283329187,52.44103883038188,2.6234788871660197,WARNING,NORMAL
6.6961090541237045,1.2327856645067379,118.38670036694401,30.051316582343656,858.4115894455413,54.965347323130615,3.1561070017361583,SAFE,NORMAL
6.877552860328149,3.3270751254553206,301.9819308095848,29.1093929411243,1083.1650627494741,71.89155812907535,2.049747998882657,WARNING,LEAK
7.939985558353241,5.816089482280605,505.01284822239575,29.32999051171501,990.5736144741666,39.366261179112904,3.8271499262723268,WARNING,NORMAL
7.440532802697923,12.293255403415776,542.6803248353172,22.206170825604787,915.1152801341168,54.69743655213984,3.058776859879443,CRITICAL,NORMAL
5.965871891246087,3.2007203905800936,656.1177224016967,31.658752379944147,576.6639585480567,61.8062005240445,3.6084599546156895,WARNING,NORMAL
7.4268587785763565,1.6285371185357902,490.94155548040277,28.091656460933024,572.8587320021204,43.81207895017182,2.7283645127893505,SAFE,NORMAL
6.930442403708579,1.640646021559888,611.6591152090325,25.100025251370006,541.987651956444,55.477369416610316,2.392162848775481,SAFE,NORMAL
6.726154599785829,0.788638126785516,525.6111789757805,26.49884051476757,672.8822982535216,47.08094906579437,2.8270062159939178,SAFE,NORMAL
7.628173402188608,8.957900950421099,562.4883252566439,28.4485444501965,355.61058683261376,45.86873209897563,3.8727393504202414,WARNING,NORMAL
7.921699665747166,5.576864193647374,582.2064583906895,27.720915296658585,945.7824210098197,44.134944602201394,3.488595066656246,WARNING,NORMAL
7.851896083381339,1.0753903225686092,508.44205877043373,29.388968363007525,515.5743952338127,49.27443424301751,2.3917752147140723,SAFE,NORMAL
6.612547733744154,1.5475288919666161,578.9818466016764,33.613560465842646,493.3422638667705,48.97441486314171,1.9902167797570998,SAFE,LEAK
6.98355133690415,3.160982248411026,366.1736340740739,22.853454194487288,626.9502800822678,56.02638036141022,3.039390501881228,SAFE,NORMAL
7.431884401982495,6.081888585416521,158.80584477225602,30.0010980339739,458.37105433690897,38.4468422542203,3.746185931102386,WARNING,NORMAL
7.882881588985652,4.3233438796623505,528.0887644911791,26.57080398278484,815.972306758443,56.80014499275643,2.820741475708716,SAFE,NORMAL
6.864578033508297,4.029488121245263,494.9734237030408,31.57017890498512,526.1159865232925,56.62232355356526,3.7381551786663607,SAFE,NORMAL
7.070038716335328,3.4934207882423447,344.96734817099974,33.50259174650831,790.2644693565866,52.47156799400254,3.263485128692144,SAFE,NORMAL
6.42556551819578,1.1327399713658288,298.50571180024065,27.784490021552973,866.4785607152053,68.3025153721278,4.076384230869785,SAFE,LEAK
6.3626553631435305,3.192390957731271,465.6809879871143,29.483230643361626,601.1156622983112,59.86739898476178,2.860643519237563,SAFE,NORMAL
7.768768075675939,2.9082454879507518,536.0306342862613,31.864259345744735,570.8584469604621,45.99287083511582,3.1699779988726284,SAFE,NORMAL
8.149368019999576,0.776984620272337,512.3892086803902,30.99295642332136,555.6099661068652,40.483999792455435,2.872403236383336,WARNING,NORMAL
7.149592914893766,8.810601248050173,327.6425597105952,32.02708238989334,505.20044685808205,44.49741514308941,3.6926753548995537,WARNING,NORMAL
7.902473028524417,1.8281326593724219,354.5539584755153,25.807663586727365,624.3356538836737,45.35194373269702,3.495408728504475,SAFE,NORMAL
7.453145217533344,0.7995204282023706,530.3382426209661,24.93246945566352,712.1285084357926,35.374352102420964,2.3507819866062363,SAFE,NORMAL
6.748416171776413,2.096320704750345,458.72233500764406,22.455303053897953,451.0571190294968,53.9541831517916,3.546087263663668,SAFE,NORMAL
7.45297692385589,2.440282150189693,577.2184697694902,26.21863601416563,584.441321928794,39.48911071849997,2.45549625504819,SAFE,NORMAL
8.276625596526179,2.8410783320579935,411.2073672341679,26.663329613363555,728.39978860239,51.864157461629624,2.744385090623238,WARNING,NORMAL
7.174921772623034,2.4078081941871674,538.7429760965152,26.425593542651402,706.2416664648587,57.502886236281086,3.5728454870236774,SAFE,NORMAL
8.295250559069805,2.966960732125347,445.24202087645773,28.968913820191847,219.90587417706718,61.19581866521847,2.572768750883679,WARNING,NORMAL
5.3661784271371795,3.361234854804326,363.2638515482433,29.073034393733252,814.053729062346,47.98870064309804,3.0142918749835856,CRITICAL,NORMAL
7.775331753062657,3.233120250998779,561.3795400212139,26.73828687349519,922.9209293647363,44.26976149156571,3.579692939160374,SAFE,NORMAL
7.26093294776672,4.00802187232996,330.892690152859,28.387083611603597,596.9245415673964,60.69129220031908,3.4076029117324818,SAFE,NORMAL
6.990694854673893,4.18230045889531,458.8982275117333,30.30697721242517,387.7166542027541,62.05141277007037,3.37836222538413,SAFE,NORMAL
7.264232543574852,4.257924728885683,471.2983698573377,23.804854539316416,562.4102143860129,55.461107056739145,3.5958981410231754,SAFE,NORMAL
5.8087017597793755,5.0327208901825875,435.56535461954445,30.73288206232113,557.1013218643022,44.464775175299536,3.8535111320573936,WARNING,NORMAL
7.0462296785137415,1.6615938362681182,568.8959400150436,24.55453741054268,915.9739603939454,39.46415192962804,2.5797354670552384,SAFE,NORMAL
7.449978800058223,1.714349286374615,518.7138470468193,32.75632144450405,503.143353995108,58.92987359494218,3.3666228086740917,SAFE,NORMAL
8.234525831319061,6.100936938791421,504.41141870668196,27.664975179917167,635.5537823037823,49.50694763839845,3.6822592905680476,WARNING,NORMAL
6.837210847208447,2.1492691872423406,458.21556772460747,27.25640708819386,1002.0825808689906,59.91826076689978,3.5839267281009044,WARNING,NORMAL
6.634054477974769,2.7203549856279943,672.7593256034985,19.841194909789422,728.9765008679179,44.67825696407875,3.120336128583845,SAFE,NORMAL
6.848770069490825,2.5351096590923263,625.7600710658161,29.631556537447437,735.2075371661977,58.86961110630517,3.091448946443323,SAFE,NORMAL
7.840781482391452,12.004866272108776,560.3314939006143,27.380228311962085,681.7845451081097,61.259973049659045,3.612165644673421,CRITICAL,NORMAL
7.43012577676178,1.4234180620948844,540.6123276952076,27.696591032023157,875.983597652196,48.06376106958082,3.3070125129203496,SAFE,NORMAL
6.829167857363073,1.3994340948349864,377.7290187261545,26.627683962593885,772.7292054061552,52.468808444070945,3.747065441181389,SAFE,NORMAL
7.559287203179349,2.9748178460740045,444.11049549278175,29.500782640039102,1033.6377421585335,40.71046076852677,3.2549349362802618,WARNING,NORMAL
7.267954284543628,2.5921071468059314,526.2985083777143,30.30188616798054,1053.2795376236452,40.911960787869866,3.013222262364922,WARNING,NORMAL
7.878051493373023,1.0655380959115892,576.1897254511792,28.93609390833995,756.4690337245595,52.538350944722325,2.3182661981958588,SAFE,NORMAL
6.708562834285853,2.791345222728105,557.0457364112729,32.26827165230789,693.2993379074595,45.678738662168996,3.0847817460247486,SAFE,NORMAL
6.970636497381562,3.037393689192836,519.7154753668322,24.122807872800042,729.4517435994974,51.92566686966885,2.584522894969424,SAFE,NORMAL
6.92552429280749,1.9753651556974838,690.0751118657201,24.62860209916966,598.0425733057813,51.310766463798515,2.285227816620674,SAFE,NORMAL
6.175539536307517,2.6634389733363264,433.72942283654,28.62681473579316,724.0740880578412,55.21995692982963,2.7672274683970794,SAFE,NORMAL
7.407284193945204,1.548639998802163,571.5827765412466,29.647113918317157,440.4232046192703,54.237599887640584,3.5515561606933224,SAFE,NORMAL
7.3827386905259225,1.068006304781482,556.9728056080997,29.066782136505143,571.8267221105725,57.36440735364993,3.079074640846281,SAFE,NORMAL
7.2035794196497225,2.135962508022072,503.2879173508033,21.849883303763164,841.5676515631667,51.81612801599198,3.2890883898489016,SAFE,NORMAL
7.035789006637398,1.2307516889139924,507.660027976279,22.189951836116478,796.8497877582732,52.458380410175685,3.5367995713849734,SAFE,NORMAL
6.20924048056471,0.8779927617442498,505.24137657907727,26.26085316500776,677.0877622466038,49.98340422072123,3.1820961902266522,SAFE,NORMAL
6.905548274064249,0.42561390821889,365.011641700238,19.842912205804645,775.4007776471362,58.39787484951394,2.8559937604227215,SAFE,NORMAL
6.960099838431262,3.5373453164437896,498.1033213760192,28.043588344228482,971.1081905475344,64.723230120182,2.976945684594056,SAFE,NORMAL
6.638405911544867,2.0777748615518434,539.7936776578317,26.700656937306807,630.5894301623658,55.99731855521698,3.586214892201681,SAFE,NORMAL
7.087100001833794,6.125400735274751,488.6323733027565,23.342152034115113,441.66366229274695,53.97969847653164,3.1868936617583254,WARNING,NORMAL
7.482835599770177,2.221738722704441,228.9500690869453,24.793029416993853,812.897061489667,48.2612029077368,1.9278881854315233,SAFE,LEAK
8.520330130847372,3.5247799913965476,259.659735967096,27.43890915321724,796.5259264718946,51.94376080335067,3.023425843130376,WARNING,NORMAL
7.322204468982288,1.7524404229794512,351.81216197971924,21.02590493966428,836.7453023991311,46.8400563713376,3.4658373151329496,SAFE,NORMAL
7.380285273505935,2.9050638823086246,436.5687299513951,24.586399868643678,484.50044846903535,45.07297407174518,3.291438508207168,SAFE,NORMAL
7.147887858963683,0.4297011518750746,358.2543713870987,25.946441248751448,429.95654949712133,48.43040890555191,2.6897276389309974,SAFE,NORMAL
5.856860149290672,2.110076411877802,527.5094418503043,25.800795209402718,747.6890910824036,64.31697049489755,2.826955422145199,WARNING,NORMAL
7.1814402871855485,1.4316191994210548,593.039869863874,25.91575596758952,735.0903205650162,49.32198359632555,2.2256801414675644,SAFE,NORMAL
7.242161146958718,5.706148886227377,610.0403689377546,32.43621662499159,635.7080438713356,62.98728841983275,3.4746842033584056,WARNING,NORMAL
8.924269478739701,3.360879236612464,490.4173526864958,30.794217198616966,960.4135126632136,42.22297896804836,3.510899874899583,WARNING,NORMAL
7.065347324653215,5.171139404854063,580.0993220345839,24.427456831886516,698.2197587425178,51.11171358823816,3.133303419241591,WARNING,NORMAL
7.411083139633529,6.58293273995652,382.493787165752,22.851221208932607,921.5839691243006,55.76559673787113,3.0248408887129927,WARNING,NORMAL
7.17570176120633,1.9711530689350854,431.8015593558955,25.346598812958188,858.079349194333,56.17729425321787,2.659264780744607,SAFE,NORMAL
6.381925373666328,3.2559951754521514,309.96141814312034,31.908640705027032,503.81749079856405,41.33602793755742,3.366186747896867,SAFE,NORMAL
7.999975970160515,1.1268938350373325,594.8279218766078,18.490761835301416,540.3522384583089,40.27381695394419,2.378908322515988,SAFE,NORMAL
7.726353122880742,3.9178258222171882,685.9135022407861,27.334346970517228,469.2018574547859,54.95539810881519,3.5884130825298333,SAFE,NORMAL
7.753722362930133,4.3310652864650905,408.16827401582054,25.76778530771725,777.6270468052063,45.57388655494378,3.489588624563698,SAFE,NORMAL
6.563428781643683,3.728209270603118,189.58068737278143,31.793476041627443,717.6593994894225,55.075617257255956,3.7840921507706966,SAFE,NORMAL
8.181956017655269,1.9693227729552016,335.35177618721366,30.9245913046412,943.0169062021425,61.486376241534394,3.225174025147405,WARNING,NORMAL
6.218704256045403,9.352281211383978,371.97932734966105,21.12744749353496,807.114884672201,44.75121778214732,2.9400039031699903,WARNING,NORMAL
7.610799965660189,3.031364495944555,290.8556652763572,31.78661013975791,466.3669018362276,45.82239883248492,3.4160915364180524,SAFE,NORMAL
8.733318938066985,1.1331778126210807,326.3630819311985,17.664944370983413,616.8292952599047,33.79054916584998,3.5904586268820307,WARNING,NORMAL
6.506624572408518,4.622088328409122,474.55418707085533,29.44910795522699,320.12143245140317,56.40881815704654,2.6211551865033385,SAFE,NORMAL
6.80359158927806,5.822006189517156,529.1666963265325,29.808201935440064,752.8071120224616,67.04325795701115,3.165384267013337,WARNING,LEAK
7.269755955561349,1.1543113319898903,202.2730843165387,33.740668528191236,1202.3347017217711,40.02517987306314,3.332681870396814,WARNING,NORMAL
6.84756704211866,2.4416499612640297,386.140618382226,27.909379458846338,723.5472891859189,59.95168294415703,3.4406500478565962,SAFE,NORMAL
6.114535598253707,0.783075443832016,454.5211445650305,24.34227521986267,736.2133664915392,60.683615054364196,3.023851066758187,SAFE,NORMAL
7.24799408236422,6.752058964875533,321.9878934378406,22.966547353801275,696.882853189868,56.27187018746656,3.515508493315846,WARNING,NORMAL
6.456387400391726,2.769172657943426,478.3420986357468,32.84091271895585,764.0532896471705,45.15586061509407,2.7199037197864055,SAFE,NORMAL
7.531514701444627,1.4373053265059317,435.8604338888095,33.788445921892524,671.8778091064528,48.052725231644146,4.20902133331918,SAFE,NORMAL
6.556403036036338,5.87322380877049,396.1691254259925,25.20609907604434,811.2139744761796,54.41914700026247,2.8878102781824495,WARNING,NORMAL
8.284954083512277,2.9691889076275224,346.2610065892035,27.08875975442675,560.9648945800401,54.184947897218,3.4038857427835603,WARNING,NORMAL
6.651722695364635,5.33528223034336,482.80893477004724,32.45322320375311,568.4244201761132,47.99589663348099,2.9237310926922415,WARNING,NORMAL
6.974556938656027,4.096772685794642,358.3814850343649,30.07627358935782,467.35363643362206,53.683241766342775,3.248993352987711,SAFE,NORMAL
7.769462052158769,1.2688474631551168,242.03834538103928,26.252884783685598,694.1452930161876,47.111204301614315,2.6603788938783395,SAFE,NORMAL
6.338394978496232,1.9144376980382047,452.6519188261123,23.96136352722135,500.95179412024476,49.099500937194925,3.7377866507771516,SAFE,NORMAL
7.359221954222891,1.4728087350812744,301.31720876281645,23.634825033503148,961.4565500782869,48.377212923169864,2.7913070519786114,SAFE,NORMAL
8.1149999279977,1.0612879534557915,252.456443954555,30.813419451689445,622.4306905971143,58.75858361943823,3.240796840035374,WARNING,NORMAL
6.074761735807141,0.585060942701351,465.5426493923863,25.531988805056578,345.5771986921641,38.57191462329502,3.1680607402277823,SAFE,NORMAL
7.329243700972613,10.58187330120001,430.45090124568213,25.373524219741864,495.62340269644153,55.199174440205255,2.8491682790863955,CRITICAL,NORMAL
7.381917955973897,3.6786221879072647,346.03960593745654,29.447614664680906,724.3078035334677,52.87407054685237,1.9274104868687707,SAFE,LEAK
7.747276010244118,4.0784244967161065,477.4728292675532,27.322407196063253,817.4238872323458,31.84654035857849,3.729700449089431,SAFE,NORMAL
6.334134502385343,6.320708702485174,500.87187739362577,28.557760070868127,763.706924030825,56.96819584429186,3.2721905419920967,WARNING,NORMAL
6.275680370841007,1.898409484824037,478.77942455082876,25.703866356619315,551.9788658534602,57.96628896227593,2.3298485690451303,SAFE,NORMAL
7.565359095931829,0.8433500527745941,474.42297062578456,25.537554724023725,597.1786828116537,46.75825252260263,2.243355659406891,SAFE,NORMAL
7.4078892712632305,5.0169741186213646,257.35403675282333,24.062239999657145,576.098747935251,53.87815862887603,3.0389733039941476,WARNING,NORMAL
7.375344995242114,0.9865225825777395,605.1884462819528,29.83587295894799,801.9943246627164,52.14092046785091,3.1587659229837555,SAFE,NORMAL
7.442513746647883,4.934866379225436,516.8964633710244,27.34021288329395,720.9331243205688,67.85518084207314,3.0925197800697055,SAFE,LEAK
6.7239826948950565,0.7160959048880355,335.905089776067,28.172622223998772,619.4674319536535,54.019371192790786,3.921968381848781,SAFE,NORMAL
7.3625775880127025,0.9183590198268929,448.5890329927343,22.921053810633325,581.2972398064801,50.84611538896368,2.3652163355437517,SAFE,NORMAL
7.405150731309077,1.743247087204552,471.39491293507905,29.782829663759387,605.8707952310267,58.75957079189922,3.306146163206973,SAFE,NORMAL
6.6999540073815425,4.806897981286485,445.2792052887167,28.248318215136976,701.5275413280858,62.861536213773526,3.522815533588022,SAFE,NORMAL
8.50604215780133,8.553062016009466,665.1673190172579,29.921214986556716,941.3478907482623,66.57609026607291,3.5122325664169343,WARNING,LEAK
7.5316830446382514,4.073753806393331,216.56979636464996,28.380557238616234,733.5874135108496,45.21948044702946,3.6469260307648548,SAFE,NORMAL
6.366087551958146,1.8020281896729815,272.8563071152909,28.14406462158817,639.4109973940414,53.4382265753154,3.258452936913879,SAFE,NORMAL
7.659587526043681,5.651906471743247,174.1276993004738,19.719403139817445,625.3838906737203,45.03068798405323,3.323064211332161,WARNING,NORMAL
6.517722830840875,0.6933870569242864,459.58512651242705,31.551012169164007,1006.340998734752,68.56924041590956,3.0350784834877444,WARNING,LEAK
7.750959222619716,1.3321585888360326,515.2817925967696,21.71816891966367,848.450748383156,50.37845176019339,2.4451837167226946,SAFE,NORMAL
8.011016905305183,3.1887373728390127,493.3918840974603,31.148301172906287,876.1680000113212,57.656591901091765,3.3643956474682346,WARNING,NORMAL
6.6255223771538025,5.131400885537758,415.30508438585986,26.708772668319526,834.5302645467559,48.67715349226346,2.9986788205518704,WARNING,NORMAL
7.874363290471026,2.540754821579423,498.7848352502377,20.57312666311467,691.0106894292842,53.992824114767444,2.828001732949589,SAFE,NORMAL
7.488946648855549,2.330502653529867,414.42605824823306,26.655469701977346,915.6014688305036,35.553224892450885,3.3862472130145633,SAFE,NORMAL
7.775442111996143,2.440931166283193,538.887081957917,20.99906382598697,435.79360735019407,58.32136333141224,3.4307315094545845,SAFE,NORMAL
8.527755087857763,6.282615700447729,582.8753108862733,31.431930044214575,979.1694338824525,60.42107484436608,2.8471435114895356,WARNING,NORMAL
7.028228318797991,1.5593567422713162,338.2574361055749,24.937050108946366,833.5850062085137,45.25938739749199,3.3250043793858834,SAFE,NORMAL
6.6723846849497574,1.2519561568075435,415.48350467555844,22.83526085930282,787.4620011136678,35.52095978575023,3.1593860834236716,SAFE,NORMAL
6.5773398992621335,2.410456768471498,434.9201537672974,29.643392535513726,563.7424616461437,61.86298071918503,3.2949448305265903,SAFE,NORMAL
6.628932800524193,6.877131798483599,621.0519935435558,26.830599375870122,867.5726449866789,60.848147942027495,3.826783848310054,WARNING,NORMAL
7.146028803410127,1.7181124624835782,352.3869532793451,29.080668354917385,906.1084950878267,56.32818611283468,3.4212650854048277,SAFE,NORMAL
7.438806382371651,2.434842068118792,581.7195373915921,26.54441256511516,573.2063953190175,48.51895173527713,3.3834785103700407,SAFE,NORMAL
7.393683559531014,0.6813082145704158,274.07283955220765,31.626612838199154,578.6840204187877,47.75955847250735,2.757394832595642,SAFE,NORMAL
7.779028274325217,2.5161438271457723,599.2254721317368,25.393947468388376,513.9504057501796,60.672261461318826,2.827825527275254,SAFE,NORMAL
7.209101324314535,3.5493454045287733,552.2260091252454,20.696445885769958,798.6381080786045,47.43396219278358,3.440777233844543,SAFE,NORMAL
8.217473854010121,0.9879992400396683,431.321095405212,22.622784477626357,682.3317115934985,51.259618170999154,2.406170443042792,WARNING,NORMAL
7.014740216733431,6.290553359974764,560.000845421662,28.74075229972427,1082.0470139236759,49.95780002894147,3.0218043972389905,WARNING,NORMAL
9.104118416612733,3.515716834023971,389.8871355364102,24.368812921615138,423.86376940883173,52.623576459262146,2.818373506165321,CRITICAL,NORMAL
7.637967143435504,1.9505166527242654,339.2624460021079,32.13354390496537,543.2885552407083,49.14124426856312,3.128897006695284,SAFE,NORMAL
6.599989710508602,3.535123162435018,654.775494689617,22.31728286598522,702.1646052625497,50.0775333657166,3.0921768123975197,SAFE,NORMAL
6.4503752513572215,4.246433196749406,385.0582614559847,31.072881716937836,819.7020452378764,64.33209879311147,3.2652894955615115,SAFE,NORMAL
7.53773069067023,0.496281245398869,531.2402876776483,25.267802741046516,811.5541340850506,54.197984131708154,3.432571930182555,SAFE,NORMAL
7.043576050271905,3.635528826305968,583.0609702886047,32.23013552127015,715.209386966198,53.061343905697434,3.683303461278979,SAFE,NORMAL
7.699800345864465,6.715148517954675,546.7598422870716,29.022524205012452,763.4306251741134,56.57421764829798,3.720899540366835,WARNING,NORMAL
7.531266337201481,1.5402512161891557,521.91260050473,27.7700197480747,721.3180562912138,41.04944688644655,3.081440298230384,SAFE,NORMAL
7.149019761140189,1.9852444804225244,531.6211296075932,29.6576009961162,888.8858074631763,58.14085187697502,2.9045449231995577,SAFE,NORMAL
6.607244397352117,2.263373479357675,576.8943767321032,31.906615460329682,599.8741064542198,52.42290693428003,2.806117175203725,SAFE,NORMAL
6.139606942719895,5.171313158932734,488.1266082015521,26.796785608470376,620.2616381007041,45.06349500120906,3.0388015857352983,WARNING,NORMAL
6.887439533553086,1.1570121659187151,445.2429506526104,19.492009893969783,824.0979367176742,49.230038659170646,2.70608422772899,SAFE,NORMAL
7.799479156026431,4.108009346392463,285.7271331956167,31.80018221268244,983.0211777474136,54.26528739239551,3.4348260395563526,SAFE,NORMAL
7.349865620891143,2.297626799719914,488.1752234848435,25.915021049933,585.8352764075161,50.68956222197198,3.711732029791533,SAFE,NORMAL
6.327982854901609,8.817731241311689,573.4006052349457,37.239597039074155,743.4128599274961,58.68931730151243,2.4376893769401065,WARNING,NORMAL
7.321226648095828,2.4056553026157426,317.913336040381,24.58923325203841,631.8831409756447,43.98791746516163,3.20474263894851,SAFE,NORMAL
7.469722165810186,0.241262858477888,422.5131933429972,25.47681658465746,799.857842036619,40.9994587490454,3.9779767870280276,SAFE,NORMAL
6.581299794659207,4.664243347522694,501.04477281587856,29.977781892932562,404.5705228247762,43.903775485846126,2.4591959780488004,SAFE,NORMAL
7.30760757416187,3.9597939655050514,631.4838956845523,30.04633140850951,637.7697387717946,46.722647469415286,3.9386166563296605,SAFE,NORMAL
7.2407461029122,3.4064885636099813,310.9717010944403,28.690494870268694,596.6423853240789,51.073374474620664,2.770097720695036,SAFE,NORMAL
6.399920791518564,6.592431937707463,545.2142986601322,24.760296649947033,638.3762847064136,47.34838037872583,2.896408292536545,WARNING,NORMAL
7.450451152243798,0.5811544925540002,407.0655709823026,22.359224524338163,243.0012586033306,40.50283786937598,3.5087821488754534,SAFE,NORMAL
7.592549168457764,1.3501799216647363,369.16409082833815,24.291658306193348,1064.400572961887,39.17555255160842,3.4537890768842687,WARNING,NORMAL
7.958135870222694,2.893777593179024,339.839008186236,20.933368285130978,251.0448067463122,39.77289889706431,3.147296555433999,SAFE,NORMAL
7.937661436424432,3.273036108942094,371.33489570268705,35.25378215115496,785.7172006003389,47.69320752198581,2.8182821157866984,SAFE,NORMAL
6.235631442430036,2.5792796281327117,509.8927730375907,22.90150616584493,467.0946200681254,43.51119231461686,2.578041963674982,SAFE,NORMAL
6.543522472059414,0.6922605557669324,422.66744685072433,25.82378334432187,475.9516354521783,46.92951630389761,3.1616784095155346,SAFE,NORMAL
7.560524687046062,2.0013030738013255,535.708496127805,29.769798372176858,724.8441121160369,60.62008555482568,3.093850696277208,SAFE,NORMAL
7.559650165638546,8.414363064018191,315.37813867822354,27.020885661369086,824.4244615959171,40.642628198671844,2.803864404497761,WARNING,NORMAL
7.560533380414234,1.10560709620253,533.6396523507779,24.634655932790515,506.41437188259556,52.39680874837378,3.0722308573320705,SAFE,NORMAL
9.896912043458304,2.8450289308310848,502.05520860228114,26.40564196017023,500.5501796867376,40.52161717510997,3.3254461396851402,CRITICAL,NORMAL
7.599623357485217,4.118957424939438,269.0644266492971,24.565642136199365,466.9180197081869,39.32055633300193,3.734934204270073,SAFE,NORMAL
7.99489594812642,5.068020498822752,630.7479882476265,25.98217256130023,738.647268055677,52.97033505054566,3.2975314027443163,WARNING,NORMAL
7.867801234445242,4.648557601672577,490.78859155988647,28.562186281706612,511.5049014609356,55.39949065818984,3.112192447434503,SAFE,NORMAL
7.655973875914059,1.8826521476063443,541.8516875082114,22.853250744800683,931.9681950646108,56.31224965064175,2.788279011296532,SAFE,NORMAL
6.979311528751758,1.3449708933240843,588.7362898374768,31.32176278445155,492.31897449655924,58.88771011885647,2.8277665052207177,SAFE,NORMAL
7.731278454345287,8.86389694478777,566.2050199624175,27.29074690912825,797.5241489170602,48.58177218969761,3.3082226729932063,WARNING,NORMAL
6.6590223498237,5.4138598979825545,434.86771001302105,24.666048150274545,978.0414424209227,52.19974501328968,3.335374488096104,WARNING,NORMAL
7.034226975281994,3.054226059743077,537.0192160084082,25.737464583164243,712.3877556275555,46.91717860733246,3.088875304212037,SAFE,NORMAL
6.860245516519628,7.361963266547637,232.7948252966378,31.669801671506644,377.7346047633751,60.34351970007867,3.6525383657685544,WARNING,NORMAL
7.257311897570426,0.8485034138352482,497.25194907648495,30.273635173726074,772.0123626412428,42.70946701191908,3.229418479060056,SAFE,NORMAL
8.820260996671456,0.25148117196813125,657.8982009234751,27.95988636221071,655.6627456714118,54.006492703545014,2.956805701754975,WARNING,NORMAL
5.892914365185777,3.2454258639063784,366.55470414194843,24.598120734387205,692.5043647237874,41.478226714317984,2.8724790373734574,WARNING,NORMAL
7.680382133262159,3.3605930449038355,559.8544225292837,29.27297484455516,985.4880742220907,50.87992749256629,2.838927661604441,SAFE,NORMAL
6.071098890167244,0.770565611103359,662.7580622516427,27.056637918074014,709.2834263714797,37.148513148250935,3.4400134997019687,SAFE,NORMAL
6.869647693947397,5.2801510788794275,532.7048243578892,33.98267611469195,792.4178340698793,51.81275699635448,2.889328647317868,WARNING,NORMAL
7.962265417877156,0.4009825400625892,573.0488070170387,26.849820168304035,580.8308279923064,65.79293453727948,3.2537838536534123,SAFE,LEAK
7.2449960133668245,3.7836159813098615,261.6633056337819,33.73527105332482,649.4891629778197,45.53077437801979,2.7757550358372787,SAFE,NORMAL
6.445578655449486,4.420958809317542,337.8091102273387,27.779323828464943,902.1742013393894,48.06128267792731,3.1164868036970095,SAFE,NORMAL
6.6992874035180225,3.216700273494427,621.5682319428084,22.85261961541355,724.5389377682231,56.93362438984894,3.1727303836862983,SAFE,NORMAL
7.675718424254273,0.6628846080700941,565.2420182828362,40.18687014977655,751.3827086826484,50.35684068422587,4.382070734133789,SAFE,NORMAL
6.688743357798004,6.545441374358489,509.52252762254983,21.212165913816747,880.2001545525125,59.77696847328569,2.546449049391831,WARNING,NORMAL
7.351521012707383,1.9352542665550496,418.2466077318386,19.093103693277758,993.4354240316892,53.14860939039339,3.6043323001366945,SAFE,NORMAL
7.23190028793267,1.9403866420007108,484.15452570444876,18.701056711509807,491.9512497205601,57.004205997938776,2.8157173108490565,SAFE,NORMAL
6.743879756675928,1.6349684491521814,658.5776109991367,37.958728541686064,611.5191898928963,34.17826008793139,3.874870356013081,SAFE,NORMAL
8.700760862527728,4.76103714751916,437.77171538694864,35.49596176127141,962.4535711073911,50.735642293037195,2.8509862364208742,WARNING,NORMAL
7.643743315622608,1.860285607387173,533.9101306594516,27.576046826677707,1058.6491735641957,41.13737005650074,3.7181184739377473,WARNING,NORMAL
5.7824001893396755,1.0095242359508847,530.7575952563632,28.73656809603727,652.8479863734481,46.840478388407774,3.3108711409069604,WARNING,NORMAL
7.3305180203386,5.707229471045327,370.0978892779615,28.003685991082392,748.840084386153,53.45658768376624,2.534314088201772,WARNING,NORMAL
6.736749474662129,2.7932967015296324,379.3578427794918,19.917375313345232,763.2133643609401,48.16287498614598,3.299363467855034,SAFE,NORMAL
7.796703334357357,5.843634899371914,633.2415913471191,32.835310186714004,742.1713262983881,43.72646472173966,3.4577944967695955,WARNING,NORMAL
6.645235483097109,2.9535366780956567,518.4155934621415,32.311439710032865,744.5659268987001,60.033275681256825,3.493822887926572,SAFE,NORMAL
7.119684490973171,1.5410567069502408,368.3588857080151,22.07562776293692,945.6743297654214,58.0577599787246,3.0815322824667395,SAFE,NORMAL
7.55349109528632,0.47756248605849055,412.64648593445565,28.302732375350907,375.86624990029395,39.024812640798494,4.497314456359134,SAFE,NORMAL
7.806028635919085,3.2557191813666044,331.72946151941323,26.706343090430124,582.0547678701118,56.09973428155308,4.173043195742031,SAFE,NORMAL
6.359792515060957,2.267303722138237,577.980199101725,26.155364079699428,814.9730703058835,51.36146751280654,3.369066199172861,SAFE,NORMAL
6.965849134911337,4.89937496095772,419.7879807515557,24.283610545722173,610.6784991121549,51.88667936644283,2.5419342017207085,SAFE,NORMAL
6.867538282187331,1.7891106308587414,421.38651994205253,26.55070753119372,751.5646155580333,62.444370457248915,2.6998564839614594,SAFE,NORMAL
6.742669537198402,3.8664992154977993,550.9102363836523,24.892616664393493,895.582942887494,51.239163091460156,3.065516739327679,SAFE,NORMAL
8.435817968196767,2.862636889240477,248.46880567383448,31.256965180694106,988.0232378992839,55.71357924301106,3.1519934247175,WARNING,NORMAL
7.483487197672669,1.4256971969192391,445.57165911254793,26.889434809585808,749.9403848699428,51.71230355777034,2.7869401667411777,SAFE,NORMAL
6.317381231965468,1.910249732985153,448.69185634807434,24.22982017524424,968.1106054511016,51.75620910002266,2.9281332740882244,SAFE,NORMAL
7.842503362938343,0.829554074231634,415.7269779133146,26.899147812010096,725.5353936772834,42.59731462909539,2.205574200037993,SAFE,NORMAL
8.685509337908844,9.270174716292043,384.0554641706461,26.434804416777727,645.3638787908053,69.63117676180256,2.119350094059697,WARNING,LEAK
7.922725682385803,3.8066501282348066,364.7929132055388,26.266460064908355,422.2389661339931,25.395337688644158,3.2068793126294177,SAFE,NORMAL
6.136441023832191,0.774434492236329,483.8940587118287,29.70835504136154,519.4078916027751,44.19543614681868,3.996195145860467,SAFE,NORMAL
6.861036148993624,8.960262341713081,328.7896249368549,25.8934363627783,700.8488729651124,46.08997548981785,2.4244536063468165,WARNING,NORMAL
8.086837804430637,1.0914627873069207,469.34219067022303,24.71568278892618,704.6169188540376,57.26730232646494,3.0933131589138485,WARNING,NORMAL
6.704631374066854,1.763433343949763,383.6514073955041,21.559537146304542,741.299542525702,38.712214917718654,3.190754575483312,SAFE,NORMAL
7.51067359970236,2.4002212456811396,391.63133762095043,26.96562033842293,1030.5688695891554,48.5952781064435,3.386375346530439,WARNING,NORMAL
7.742243837400536,2.9157733492627815,473.638938734015,31.98141324822265,835.2030096555175,56.29510411022125,2.944812337261485,SAFE,NORMAL
6.551148669895342,4.808793569114764,390.28911064269647,26.50476190068851,844.8038963235294,40.25701945160147,2.6499129941224577,SAFE,NORMAL
7.15833225075674,0.35737111412448663,602.0453595035125,24.992803894264853,1029.0360848480027,48.9043242703849,3.5228886282650587,WARNING,NORMAL
4.931112861951649,2.9509019034346067,433.192076846683,23.971056604447043,635.8396262516527,48.65553068686879,2.2229416977843823,CRITICAL,NORMAL
6.482928651065997,2.3031090001293566,575.5978033010135,20.10466219599028,608.3962351513004,45.21614188016054,3.3908946945841754,SAFE,NORMAL
7.023202294024788,3.2993357945234445,358.5686587134861,31.70580880441925,920.0420972087368,50.29396191733811,2.7980403724336806,SAFE,NORMAL
6.326551772624605,2.2133247721383995,355.9078351798071,28.938807000897135,787.4499664466626,46.59575943417517,3.3219235542438676,SAFE,NORMAL
8.342687912752144,1.9813013877849193,250.43333821433768,30.078521161377843,692.0176818124444,57.74101110874925,3.780254898071717,WARNING,NORMAL
6.198901035427557,2.622355636701867,390.9410910249556,28.00427824390778,689.099316887416,54.23500102333324,2.8568299071565435,SAFE,NORMAL
6.891968859312112,8.637215093753255,422.0872916412891,23.77856961339968,669.0454591283101,48.52523676699623,3.0159114199110335,WARNING,NORMAL
7.291518404100264,2.012986447458031,459.2433625015047,25.73262712355375,681.8206045445024,50.52708891736665,2.98970301201719,SAFE,NORMAL
8.20889130234628,6.347007345085509,533.6820893565681,24.99784196566693,699.4972469208367,46.887448986085666,4.339237118719458,WARNING,NORMAL
6.194896494174393,3.196486944137798,524.9754467363402,25.332559317152988,646.4581126243676,60.694136077239776,3.136011143262684,SAFE,NORMAL
8.014214626508473,3.0862899361976166,586.2769521209768,25.35708444009014,799.9740746528702,53.617766213323875,3.1130715407567284,WARNING,NORMAL
7.2071631427137115,3.322699667348104,343.5238359556562,31.419105472223272,834.3774975377096,48.88028743653586,3.1567557333621963,SAFE,NORMAL
6.512943944266435,4.1095215400636365,453.69890453130773,35.086859944617046,598.3566789139534,53.5085126047661,3.876446063229567,SAFE,NORMAL
7.52347243198429,2.142643435434016,329.97989382615054,23.510903619458414,862.4717221718729,65.11023827011978,2.8810177907084404,SAFE,LEAK
7.3393417869014295,6.055327946380705,499.7081303161835,26.32316104669749,471.1530668080244,44.516290946346714,3.5966655175067292,WARNING,NORMAL
6.779848185988844,4.116749715522249,666.5106164493471,27.867128286854427,790.6763164149166,57.0764400405097,2.8204991602770866,SAFE,NORMAL
7.248861459493013,0.9047968020292683,306.4286153878552,23.07818841612559,799.675311167581,53.31388406908455,2.7858104188168005,SAFE,NORMAL
6.930280482196768,0.24424557407283376,532.5057257545469,27.211248809977054,684.9285010584626,48.270929941298874,3.3854109525889706,SAFE,NORMAL
7.279462141675873,8.46312573938738,575.8368850944772,28.406550269331433,710.3301126437055,44.16299540620387,3.807113867214067,WARNING,NORMAL
7.663491472164733,3.401012074565323,342.8726434755263,26.687954847094794,657.9752346712054,56.87337418139022,3.0083356745184267,SAFE,NORMAL
8.310211771301747,0.7981557542721074,502.3593833883863,29.508114663676874,608.6226990863797,52.32627993699233,3.004814013379837,WARNING,NORMAL
6.333529150821206,2.0106656163909005,406.80801942229635,27.001314894672525,700.091062309593,61.550405715516916,3.5176158895393956,SAFE,NORMAL
8.693123362259387,5.4120808511449505,435.46009286363943,15.536680263093642,601.6661237397972,59.34375617818778,3.1946751239607276,WARNING,NORMAL
5.833538540334249,2.5025947302795992,402.8337724945503,23.1579858601405,905.1160772271687,52.40358627140798,3.540000507853977,WARNING,NORMAL
7.093750433475092,2.6824952314079447,423.0149546456921,32.72962903055101,321.5424031264576,44.223910499362944,2.3873175829893443,SAFE,NORMAL
7.6118220445392035,4.7389724208914235,588.663573162895,29.08112824720277,675.7763077797912,66.43445692802425,2.6803297548787075,SAFE,LEAK
7.396694307414523,3.6423985733163886,440.5030632904999,15.595328771013438,357.86287143198166,45.04565663178105,3.1691866640672792,SAFE,NORMAL
6.764110336125585,4.331937919297823,377.799698747107,20.959359287723707,508.5070664212966,56.644418971847415,3.4259110787663976,SAFE,NORMAL
7.054314424749908,4.704174472229479,458.27970733949815,29.887280924912222,596.174377444199,35.82603740861863,3.1350692292296194,SAFE,NORMAL
6.854899345738817,1.579011104421442,195.3439904790635,24.695381794579404,941.1257289608131,62.565292347077936,3.239922106778394,SAFE,NORMAL
6.7874446701390525,1.7103483606008152,351.9724694186233,16.191030966553683,907.6625978847993,33.728864344246446,3.5032773665141135,SAFE,NORMAL
7.794721467914718,1.4175963571616554,599.8309363499222,31.237562268758783,713.0846359016577,47.491709081082476,2.5766571953413653,SAFE,NORMAL
7.449910840175534,1.7913334525615232,432.55856226147137,29.895483499630743,711.4952803977715,41.50275101978596,3.5031861391178243,SAFE,NORMAL
6.714963283317542,2.6024393970432715,392.63591848419014,23.682750241776898,886.7478788885016,61.164083105749064,3.725308044504445,SAFE,NORMAL
7.8297199128032755,2.7515623043180195,470.75637695469925,31.98010254289326,903.6438217943615,44.062622455567606,3.028579218945236,SAFE,NORMAL
7.4151096646136265,7.212863764037144,538.3943919480685,23.83435730248967,596.5364866755525,54.23038691328614,2.7694328784269944,WARNING,NORMAL
7.769003483187272,3.5162160459015213,609.4489716119099,24.508380708746458,821.0971313621201,52.135681934314405,3.6443892791419303,SAFE,NORMAL
7.640740189346529,2.6424464858528607,395.87686576615124,25.057218374515376,527.8392539376684,38.43966903536332,4.0597620570652815,SAFE,NORMAL
6.6197034923545495,1.154792443939169,398.63768931495576,19.418109693492163,629.8961334284136,58.23177527975061,3.2738922717059276,SAFE,NORMAL
6.807873271862121,2.2508799943591473,423.21933108325567,28.650831068893766,806.956671667488,49.87214433420943,2.75854630642885,SAFE,NORMAL
7.723105523586283,8.886232565926024,573.4992992963553,29.080420329912577,581.6140509079426,62.061152062333804,3.1970771997964125,WARNING,NORMAL
7.6272591858034255,8.794212124638422,456.8450021614752,25.165889430336282,636.1017279171676,54.90795948572257,2.783126216383605,WARNING,NORMAL
7.185368884225096,2.2287811782932576,709.9055689669428,29.82501349437941,401.42747466850926,43.91975273214751,3.5580499930567693,WARNING,NORMAL
7.282129168316148,0.551221311832545,430.67902005663586,20.635496111926905,781.1477777721544,48.39094095909544,3.174693902564616,SAFE,NORMAL
8.094365427051898,1.995859969370211,661.6182728901293,29.744321754399884,541.1391620672647,48.16285598898421,2.7360186767994414,WARNING,NORMAL
6.785900027814919,7.26532433445438,342.8363397709777,28.30159264396133,552.1962471121411,56.22396996390725,3.2997132218606646,WARNING,NORMAL
7.582968166819026,2.6164609732054602,283.2183520731297,24.237248576627053,943.9425118189281,55.9615797086072,2.872312285398314,SAFE,NORMAL
7.058465143296274,4.742349938521246,437.82853281838123,28.65646186916702,576.2794400941708,44.61436119768589,2.5424702482839683,SAFE,NORMAL
7.047623157740946,2.854680133567791,586.7264316619395,23.473650347945064,835.4475796861439,57.57732588366828,3.5796386784990557,SAFE,NORMAL
7.969143796391033,0.7337305695887499,392.76247328127147,31.420443615216765,897.8611021702627,53.25275130351054,3.349315591424651,SAFE,NORMAL
7.777791444291621,2.932618079189132,376.01556874460937,29.108206757050446,865.1137293896762,55.355134557819845,2.965424911430757,SAFE,NORMAL
7.769456745200447,5.18573506865221,573.0017635337946,28.454570738090446,655.1515723181051,54.14263243753673,3.8360365714224978,WARNING,NORMAL
8.11383516500803,1.7701990639817762,534.6119684285684,25.150511322788507,623.1047681058998,56.63215651096692,2.8266314118915608,WARNING,NORMAL
7.214702689142931,5.0921383304836825,354.9101817960143,30.100727316478686,535.6030489951335,42.537505548717576,2.9826589073069103,WARNING,NORMAL
7.677367079906475,3.0737764215580325,347.89364399666516,31.814842141580396,382.9286683993617,51.52068658714551,3.3875242507902636,SAFE,NORMAL
6.982813270384581,4.906276887475537,549.5150533610258,33.427570801928844,839.001058254806,58.05934942355818,3.638132527071614,SAFE,NORMAL
7.4269164467419095,3.680478148517131,254.17553002404222,24.81885171796235,821.894919735974,58.92576770262981,3.395484921365921,SAFE,NORMAL
7.108899861942621,1.2268576388494994,579.5428219260203,30.274148209740602,785.8555033596425,58.913422668762614,2.918021506483892,SAFE,NORMAL
7.267897175494903,2.269392315869267,533.0194549574082,32.58176196235021,189.13669309067086,42.9126137731657,3.081324283001261,SAFE,NORMAL
7.61660991780584,2.211113725737809,176.29054701505925,26.02782374942101,668.1015332655177,66.62597861824887,2.8773477992169156,SAFE,LEAK
6.62724552173657,1.6998223867881848,451.8681929775124,32.621714726143715,813.3165657142355,64.12067734147985,3.0338364641698177,SAFE,NORMAL
8.664671092979823,3.472184040813065,212.53582078318846,27.63545869247927,931.5795617655693,43.075871462056924,3.0716913324685944,WARNING,NORMAL
6.495787832950208,9.936784203889133,305.3893000363495,22.925384874789362,753.8046295351395,47.60781200943761,3.4081426618864303,WARNING,NORMAL
6.3500679710485874,6.0606501025084665,389.6434786912047,24.160138903865075,734.9006528983505,55.481188738346425,2.8549928837906804,WARNING,NORMAL
8.010677611450047,6.613075145945637,297.8653722886015,21.226342254965793,577.8083420142013,44.228475219948415,3.6774077090472326,WARNING,NORMAL
7.754163885774055,1.6125383433471274,716.1793086533071,26.844379598317843,768.1400065274133,54.65378099238014,3.1875117387374825,WARNING,NORMAL
7.636883871936509,6.686696013474936,553.6869664337014,26.359265735059964,657.370044000853,51.69379684579408,2.773046229584407,WARNING,NORMAL
7.639841856484996,8.191669410018735,614.0926851795673,27.75356125962619,568.7142368855297,60.30953175325612,3.394302189876819,WARNING,NORMAL
7.19142725900716,1.5670437847121599,433.165618998218,32.446808479729306,491.66344664624296,53.43774701336929,3.139933796380567,SAFE,NORMAL
6.5719219399599185,3.97995409787809,453.6560888164805,26.934266763196966,529.7711334587059,33.755722052710574,2.9699596451463206,SAFE,NORMAL
7.253063190735609,4.055577575907687,639.687245087822,25.931482757429706,758.4857127466462,56.90117633565193,3.908257528503714,SAFE,NORMAL
6.725986801941522,2.4019076116031233,502.04788728336223,26.201979178522834,450.18205668027315,59.83703263298444,3.043674607719934,SAFE,NORMAL
7.882583813392426,3.2712950216410586,523.4690161737332,19.586601951722475,647.0606012336891,49.495364012870624,2.972960238320014,SAFE,NORMAL
7.097059832948503,4.198004474772505,340.6584497827681,29.733861112733678,935.4056792844499,51.18302887112149,3.6803503893505334,SAFE,NORMAL
6.622151962245242,2.529939372656521,340.10258349893707,26.39683010015829,441.858688440482,51.20868224948651,3.451934406141384,SAFE,NORMAL
6.975029910842904,5.866895549718604,481.32479791042886,27.321327046076902,780.8663960941972,45.3174414173456,3.577212224118126,WARNING,NORMAL
7.489052017992937,0.9097500291333147,494.7563204651489,26.196940245892026,798.4923065716544,69.7560031574229,2.918459677357549,SAFE,LEAK
6.805392813037217,2.2034518239263776,330.34906508815857,27.50954039930799,647.567478405498,43.740777927233275,3.3099593025637852,SAFE,NORMAL
6.6244457231034986,4.808416328706454,493.01483594734253,21.75296582209873,811.9843335756809,57.423584201049735,2.5068079189798125,SAFE,NORMAL
7.370581048044339,9.262005783096857,303.39964773081425,26.995677770980016,666.1532473288715,57.38677953412962,2.239776503540747,WARNING,NORMAL
7.3714765997761065,6.11857841779593,451.65962396684364,24.58387083821838,843.1498258070208,46.33711613454932,2.904541783979858,WARNING,NORMAL
6.84513977724021,3.2217292491472134,277.5015245391395,27.139716535019115,507.74498087067036,42.50887545371446,3.2235848501884203,SAFE,NORMAL
6.870273186067174,2.625474345241403,609.3588705820742,22.94015034708527,1040.0289447003427,49.14820545379004,4.400101142189717,WARNING,NORMAL
7.362434956150346,2.3043965920356517,412.65334576382656,28.914258161601527,958.7051055643998,55.5783594281828,3.8248861641758363,SAFE,NORMAL
6.186340960951873,2.315382103962859,366.7717788578366,27.0856212861519,298.6510093298518,52.454260286933625,2.6532500780380515,SAFE,NORMAL
6.214775357936412,0.47386627008782967,312.5114060337538,21.8180829383046,911.0364855941536,64.52682258948275,3.637799121851523,SAFE,NORMAL
6.697089045123295,9.01490760308054,300.9617568062208,30.785342251458854,596.1363904637082,45.298834361308316,2.5272280638166653,WARNING,NORMAL
7.050586993801707,2.7790303078325267,502.369228642485,24.94263495771755,957.8517675680578,45.4929393005898,3.9665180320640627,SAFE,NORMAL
7.417635295918603,1.4826477016684316,570.456226756264,25.56552020254779,881.5965104980853,57.053451672023826,2.947340521620057,SAFE,NORMAL
8.232749351864687,3.935679054485636,558.4479341158093,30.19286781428264,504.30989217106253,36.653509166517274,2.9127170243967484,WARNING,NORMAL
7.800361736241413,1.5872845661131565,617.5909875026697,31.29352046055452,803.5153558791341,45.4950468117251,3.710106497071682,SAFE,NORMAL
7.088043029025601,5.491824847770935,659.7816549683112,25.136488620881007,573.8482626034726,48.95513433676197,2.92044125805627,WARNING,NORMAL
7.186688654468118,1.524130035877585,564.9512238403486,27.44593926860431,796.846905506485,49.88601895295184,4.07413382622958,SAFE,NORMAL
6.498229444753534,4.961183241443194,389.65285694840014,29.7278754419739,708.2864458202798,45.93846060358138,2.9149364442913663,SAFE,NORMAL
7.187040804805327,2.2777077859237207,470.3377256904736,32.053045689324605,568.6917800629468,35.40668668086894,3.643740025964863,SAFE,NORMAL
6.997938952755903,3.571033914528898,179.1641538627964,27.35470926690062,459.34336951434904,61.3174881441851,3.2579829965434675,SAFE,NORMAL
7.425902992236662,5.223618272393442,526.5096165338174,28.88694565790169,741.4130829661816,60.89554130506715,3.5393990763962404,WARNING,NORMAL
6.6209383395133745,1.87854041420218,467.91186124719576,23.34422659076797,783.5330331572005,36.683908737033605,2.6961422205046834,SAFE,NORMAL
7.563542559968821,5.136992197881921,641.4273655084137,20.95078707910586,671.5876198819628,55.390669202319245,2.283276329432835,WARNING,NORMAL
8.272917239101805,0.4990511769016938,360.7968886049262,29.21959170803146,560.6575055887262,48.91929567166381,2.7306312984134684,WARNING,NORMAL
7.1238678960802,7.778757194325442,511.86187608181115,23.77229472203886,613.0214636950873,54.47571037549071,2.998055611885859,WARNING,NORMAL
7.481198205469259,5.752534640553009,329.59871235046955,23.302571472566083,502.67876213437046,52.244794601476656,3.100036944531404,WARNING,NORMAL
7.683100794197779,2.705924968383953,436.7959890888348,29.565679075466868,832.4985171935798,38.34194310153664,2.9579704710470947,SAFE,NORMAL
6.9191456696799145,6.459710562697338,253.76809368121576,26.41020436887791,311.32040470794686,56.41623948216766,2.131713170933944,WARNING,LEAK
7.3568647372672915,6.013306754930834,612.7255615957731,27.91028113126039,871.3104721003713,45.58422089785218,2.8806377168765573,WARNING,NORMAL
7.208814680547256,2.898089548010208,576.3179266377313,21.867029731416103,686.331225309259,29.229027751057043,3.2197768674248186,SAFE,NORMAL
7.268373268984182,2.874498506743109,393.277873387561,23.355715654881678,793.8954541114493,51.593620741043416,3.078324182881139,SAFE,NORMAL
6.658893151301173,1.3264848460372622,481.42023846858444,33.52247592046545,811.5561023319447,37.49448523369472,3.0128244480498436,SAFE,NORMAL
7.21715712198126,3.017141871579475,454.61826340091125,24.367976595911454,721.1125362335653,59.15818449715429,2.969955412717851,SAFE,NORMAL
7.548598803871815,0.7089152013969352,376.5127458334423,26.186829979676443,629.7947464015873,47.67187556927581,3.228210059672956,SAFE,NORMAL
8.21580052545653,4.9187046940624155,464.7832393637757,27.94945202188522,899.1039391839925,50.63139680906498,2.6763936848354746,WARNING,NORMAL
7.871489578259645,4.992305145056904,396.8674131976564,22.720156568579668,391.24253160717495,54.15745419878793,3.0773602104119573,SAFE,NORMAL
8.70722772025809,0.5080202342879395,567.6406404261317,32.41119938278288,934.3226979961756,50.83948751508592,2.996219756062035,WARNING,NORMAL
6.662856705978365,7.289778679718187,424.7030010592547,27.03001189792675,497.801430265009,45.271762503303265,2.575571109705903,WARNING,NORMAL
7.810624445704475,1.74319369861888,736.864257257503,26.05434147888546,641.3905804886917,59.036644262989746,3.1092528493185156,WARNING,NORMAL
7.328339404016846,15.512662259138192,440.65826621468113,31.272453154011554,957.6362703222464,49.131563026992566,2.206932372788491,CRITICAL,NORMAL
8.73286205325237,3.437062210003337,463.53248941020814,30.647199785642982,1101.3036357242202,41.00647587423285,2.860534727666225,WARNING,NORMAL
6.6341912002513945,7.337181985729916,513.3790226054019,34.867963529482665,732.7547965381943,52.838248559452154,3.368432026100064,WARNING,NORMAL
6.612194710473457,1.2880578349317802,550.4461205082627,25.251870830682147,456.1710218515146,49.35592104844389,3.405952701054097,SAFE,NORMAL
6.780425148189185,2.2737207124144194,459.3569354182478,35.77311001224244,853.7063959651626,49.81637456144888,3.206593337263463,SAFE,NORMAL
5.713272992983136,1.8706427880727519,510.7655398433594,29.58456104240837,692.9747302750889,51.006004480249246,3.31239577006731,WARNING,NORMAL
6.831971484823468,0.6952449986919115,471.9364757004152,33.76161377205767,508.8334000704125,50.44782627631816,3.509929292597155,SAFE,NORMAL
6.668607136912412,0.9127057673117959,356.57008251046113,30.94321564137721,739.450638464278,61.659884217882066,3.2523183367062627,SAFE,NORMAL
7.305275650533345,2.6257417947495463,324.2219640263836,24.432076105818073,464.2468896419897,43.59162333806663,3.7882669961762483,SAFE,NORMAL
7.439229183044012,3.8385573550624614,533.9097146582473,23.665163376165463,735.1084744993993,33.35348818388931,2.1392288324426425,SAFE,LEAK
8.51331958745112,1.16525376175076,632.0677230012294,19.78350912115357,534.3561680516536,50.00470389838074,3.6123984075235427,WARNING,NORMAL
7.865296686730235,2.1633659326945143,254.28561440492336,18.957687486552416,345.7622610236698,56.654770828663516,2.1126868408846957,SAFE,LEAK
6.796167441036318,1.5801844370024607,277.8525145838523,24.55093693875445,400.88968942591157,37.48646854591746,2.8866657219428946,SAFE,NORMAL
6.57110973005615,2.762628297448715,276.6934415691911,32.06801999448825,590.6324474252162,52.91624750359171,3.5652294878264117,SAFE,NORMAL
7.544343420054554,4.661187357104915,543.0173460733716,25.00749135913963,790.3362286304606,38.74694500774373,3.510058641954844,SAFE,NORMAL
6.2758367550855505,3.137694822812253,553.0323547949399,24.29428845568307,925.7324804122397,56.75007970294783,2.715033579319816,SAFE,NORMAL
8.482021136098048,1.8041752193374248,332.8392816894276,29.798545107806923,956.9619446478878,50.086310501831406,3.175998795904877,WARNING,NORMAL
8.025608084504901,5.879296418156787,714.6943623212877,23.553867327268296,427.84048364049687,42.96111277266132,2.9023617883531476,WARNING,NORMAL
6.871577043526707,3.7492889432085046,403.8040165429861,34.36226047242446,659.5843052017497,37.17175168707249,3.6237037084157,SAFE,NORMAL
6.000805829636386,3.2067851726361165,622.2773664119062,25.953330047017435,590.1576447199063,67.44862863059298,3.161331382491788,SAFE,LEAK
8.14771066191579,1.1789320875549918,547.0248909986632,30.72275453564815,680.8622337136927,68.44195498761728,2.8759089330188075,WARNING,LEAK
7.119822108323167,5.463750651008193,335.02790236053664,26.199730377584714,953.8831287444372,41.36748115971902,3.390880572436268,WARNING,NORMAL
8.066471418381424,4.023302700145109,399.8360766377834,27.098308569092573,729.0073582337159,41.17908659369689,3.4895425894515073,WARNING,NORMAL
6.083900638843943,4.173346543059377,345.30994168567435,31.508343302208935,856.1980528959189,50.63266599728179,3.1024123008673796,SAFE,NORMAL
6.780437483932359,2.4319129829239796,288.68168428720946,27.91740170945095,1098.0645915355253,46.915140484900554,3.5266727162263716,WARNING,NORMAL
7.203670589802728,2.1004992111960514,419.6134468060088,32.9751773914725,418.32552562511756,47.39133206096028,3.980805390258985,SAFE,NORMAL
7.23288641563532,9.045172989603312,306.1679817644471,23.866864884798748,614.5105738816911,52.26986695848243,2.159755442441032,WARNING,LEAK
6.88495416996453,2.074791525430629,429.00631668049306,21.803882067791495,802.820708220084,65.34194460656212,3.8030223359147084,SAFE,LEAK
7.635994952643249,0.969920541196092,681.9548028903193,20.002694868681345,747.9792599184087,60.896851101291126,3.916030791425507,SAFE,NORMAL
6.452665699432184,3.3269129372041792,533.6025789544669,32.019862914513254,888.7586250784032,47.437953849436,3.4245670297864135,SAFE,NORMAL
7.100334360485094,2.8796358411066416,383.14441336819107,30.606353796888882,630.9154204249353,55.776910982418364,3.043743300531701,SAFE,NORMAL
7.284206942198329,6.059851402036579,373.35320153683017,25.9374482827509,737.078974659993,35.22363748933552,2.4206644649621842,WARNING,NORMAL
7.560107183841124,2.5788482075339405,401.86556325949084,28.195021247952752,563.8800962660138,51.08719909491123,3.2212314435987657,SAFE,NORMAL
7.698130414662223,4.557707347311655,698.5359112512922,31.277773102224092,891.4954235340193,48.10680876023311,2.998723795286887,SAFE,NORMAL
6.412750535713492,7.622928770950943,319.39746587123943,26.239071571042178,707.5766921424608,57.70763740185845,2.504464556303441,WARNING,NORMAL
6.126120080485064,3.8569634733936535,449.787717256891,19.959788879388746,952.6786468568672,54.97544292821297,2.8716574508601584,SAFE,NORMAL
8.094373775328956,1.2340853252743786,505.8435508478195,20.010778525470485,953.992791222194,52.47102737238979,3.1800623450400725,WARNING,NORMAL
7.432619808385715,3.9354907056594164,595.858646594974,22.621333843282567,469.30871642097827,53.68196332224706,3.3347115081783256,SAFE,NORMAL
6.676059424410413,2.193450458028297,410.07950417846394,27.40881803768182,981.6923743051616,46.53164784205214,2.6876665907040382,SAFE,NORMAL
8.285806382865767,3.4950350191023523,334.47891670926157,23.233500788612016,867.5955736588319,57.74115876324637,2.0099533573543122,WARNING,LEAK
7.280972244005001,2.8960624904925587,484.7400866960555,31.133949171073436,671.8197387850806,53.681096033160046,3.072167817343554,SAFE,NORMAL
8.025508028844678,0.9500313370106205,607.7596477170453,21.905603995856872,851.4209512117495,48.70202756915634,2.741009217330983,WARNING,NORMAL
7.2472629369870765,2.567647720028197,417.2540036688447,24.22614788661427,608.5803266151529,50.78993974866616,2.9818261216919395,SAFE,NORMAL
8.64252354741739,1.171308548144944,349.2698627208339,19.714599163431437,944.9882075787862,56.75271875871241,2.1765802622928847,WARNING,LEAK
8.428738589710242,1.9489313016176792,463.2248255080949,25.21923315141196,717.8532448947207,57.50954401496037,3.039616011331366,WARNING,NORMAL
7.025725096064649,5.451505927337235,255.1695497238194,27.028485475260858,859.8317641370824,47.26208064021954,3.3861771028092336,WARNING,NORMAL
7.880099665668049,3.068911527077822,423.76093712978815,31.31103433647329,586.4462280699938,42.85026037793337,2.9782982358739223,SAFE,NORMAL
7.651763164709603,4.367847397341876,591.3630819830746,27.47993753535253,750.7074407199095,46.354814356342075,3.251660715097106,SAFE,NORMAL
8.158042090272644,3.2560885497344394,554.9816192543589,29.963601303472874,859.4699782480633,46.76697599346898,3.052911556963344,WARNING,NORMAL
6.524553577593927,2.318391927122957,432.73628713302963,31.02045289770035,755.395100117122,50.98601808443172,2.214434561858243,SAFE,NORMAL
7.680236021998907,3.5022309348187006,649.1195271737481,28.569099019501564,801.0517743505146,59.579362715639334,3.2405134538975444,SAFE,NORMAL
7.9408971407947115,0.5878963297750194,679.1849841490796,23.41355310624687,563.2456712094523,46.23573968279021,2.807727264310302,SAFE,NORMAL
5.96888235950382,4.930552080227465,529.6903474524266,28.61841614017201,754.8167317328724,53.104153785706856,2.537626067615923,WARNING,NORMAL
6.371719041133957,1.4463462359230888,273.86743912136916,32.95121739328205,564.1731575739879,48.526182221057816,3.539102318594713,SAFE,NORMAL
5.77253747556793,4.177900767405023,224.41059535535996,25.740235360869157,696.6948729227835,50.15290445016059,3.3346928704461476,WARNING,NORMAL
7.0114152158888094,2.246492133406597,616.0188197325027,29.21860375685263,611.2720316894081,52.42369533530154,2.8938794375720414,SAFE,NORMAL
7.702279579057174,0.9506371310679899,479.36735017920205,29.115335334999042,663.167233537332,59.61272859918628,3.122435934726784,SAFE,NORMAL
8.25164993646722,1.673941221077398,646.2665014018677,25.52409339394652,384.7071994667365,51.97876912199665,3.280213516790404,WARNING,NORMAL
7.251866346293843,4.193152099606833,289.3580710145395,30.749316289736335,704.7638961308215,29.347447553717732,2.3506546830734587,SAFE,NORMAL
8.340030881899905,10.994368044278678,430.657771413682,25.461233500771133,680.6446345945445,48.40705571334962,2.6297544728203133,CRITICAL,NORMAL
6.233928979249576,2.758223294090585,573.5028708244296,28.81220626504769,427.2301552337267,62.55282702395163,2.6536217536502735,SAFE,NORMAL
6.007632292451392,10.155114344383676,362.4255015013768,26.04250423020505,761.4278701850751,59.13666402131594,3.448837180521995,CRITICAL,NORMAL
7.161116610772367,0.5862033367990028,571.7742071589024,27.174511884397432,848.6841261331133,56.325028933619954,3.9827364483709506,SAFE,NORMAL
7.468845814257516,2.385584653921825,435.2664567264794,30.734293341793194,756.74933277088,59.43470126701542,3.4955992449848265,SAFE,NORMAL
7.177113676334135,2.7599317032736757,453.3672967660695,19.2121256170471,841.4231649230915,56.592182768294734,3.258847295258846,SAFE,NORMAL
5.752790529972087,4.348413092217739,307.9640524062604,29.467987123836302,605.1433717017087,59.27959462963065,2.6863847069946414,WARNING,NORMAL
7.137615972341048,1.7298772822794646,480.16632466290196,29.828673259635046,661.6991477100236,41.05997647753091,3.5703110397821964,SAFE,NORMAL
6.286871349646603,3.7396847256132717,713.1347618717248,24.70039658779824,713.3515902244956,49.521126843892,3.018757254099031,WARNING,NORMAL
7.668770784181027,2.4797499142968706,496.56261663583564,26.874578850495897,726.2782650090311,51.18043354617301,2.6942790530877767,SAFE,NORMAL
7.456618772267794,6.651229341643887,354.99308713330856,23.095176389572828,277.0590655943209,50.432373954317335,3.5612875700866216,WARNING,NORMAL
6.542084149570852,3.3291223289519944,617.4649896093661,23.803939570346053,534.2405865247007,45.38346172284017,3.8649250300276266,SAFE,NORMAL
6.8402931578643145,14.684932053997422,358.6114167488487,28.083826396962937,880.4219596503596,51.170563228980626,3.56934763958899,CRITICAL,NORMAL
6.458550534677734,2.4952798672668464,656.5323886966437,37.50055766639446,559.1799880270818,36.39813853295047,4.389240251554608,SAFE,NORMAL
7.15612463190878,6.363236829040784,297.00490459414254,29.655856761698942,655.5546094886688,53.62532890009341,2.820735891395551,WARNING,NORMAL
7.868599624350867,7.753110451101133,482.7250088749536,23.606742451590385,690.6167938229456,44.60970390967135,2.965565490149646,WARNING,NORMAL
6.509991767565119,0.15344859508574862,633.1574994823379,30.103180447911004,458.7367567652934,32.59167428693341,2.7596599549819585,SAFE,NORMAL
7.552832560862491,4.887236463887001,345.9817045687026,29.323554126767398,984.4295537856196,50.132112094393776,2.756624331108269,SAFE,NORMAL
6.828819667139292,2.4248906420341485,459.9792100079156,20.09253722248156,694.3642433014,62.38491797910818,3.8986033445622046,SAFE,NORMAL
6.644989017416359,1.0835358402911397,588.8747090824845,25.736475980602478,545.8370360943079,34.79305515831963,2.646032258608994,SAFE,NORMAL
7.12507874803181,6.7294733857189,179.3374833201974,26.429811048554367,816.7221692725786,48.05565026840277,2.926301667454091,WARNING,NORMAL
6.475330374306438,1.8157299880743598,561.2260500665972,27.47232439959516,646.589677661167,37.023113555936824,3.8303829738621915,SAFE,NORMAL
6.812445486256973,0.5487468054624567,439.448821089943,26.873939763278113,710.5796711658618,52.056433813769026,3.393113189139364,SAFE,NORMAL
6.3614854751878065,3.388863362585012,623.0344984274922,27.591067797865897,953.593955470217,56.96832984919207,2.692074126384366,SAFE,NORMAL
8.575307593041472,7.409062044196904,350.7003257344379,23.259420006445325,602.5851731408881,43.52607533291434,3.159632652227818,WARNING,NORMAL
7.22468448638021,1.0973094315886411,283.586896477011,25.69948000667028,905.7012987374779,46.611096873871524,2.3506393977866984,SAFE,NORMAL
6.71019214440519,5.339309078647141,384.8356206084428,25.936850652400693,638.4045158401735,48.81054017276675,3.099491932084833,WARNING,NORMAL
7.349785937513955,0.39378935416193106,382.3300236462947,31.63984882976424,712.285642294911,59.91526857828204,3.2383739194482777,SAFE,NORMAL
7.1213703652164195,7.763923854235035,425.22168282407233,24.210003238332554,754.5633015524527,38.81462798998497,3.270485023057049,WARNING,NORMAL
7.045321280326744,3.9121400872718644,393.770434853962,26.022054917608124,637.9694894464611,46.368994265757344,4.138730083727004,SAFE,NORMAL
7.629916690030398,0.9900333014977185,209.0521711483119,25.575994345088343,516.9874717365691,62.5656779434565,3.571613045070415,SAFE,NORMAL
7.730255397033114,5.006702098645818,438.6052356596255,33.349502667786666,781.5711127023419,44.181162378630496,2.614683719592577,WARNING,NORMAL
6.828649196672631,1.9030705278053932,477.8156051429556,29.660662575769514,901.867665864602,46.84398772970483,3.25435826083373,SAFE,NORMAL
6.796927231548724,1.3277826730461948,426.8109069049243,23.265209235473613,812.8251520753906,51.44104079917998,3.167318039345184,SAFE,NORMAL
7.0074638119938495,1.8686136841152583,484.41938940022516,28.58978663021105,807.6268744043654,68.61737464875236,4.13280239004756,SAFE,LEAK
5.588655184685091,4.659758129199839,460.1937694039955,22.953516672347742,617.6339970532898,41.061013384232,2.9793220195288592,WARNING,NORMAL
6.139366256461013,1.2521539973436913,284.1607738590295,28.042292824121944,823.9049096555676,56.0428749996549,3.2651697607630874,SAFE,NORMAL
8.156811987211167,0.23172323710650605,413.89767012449516,32.46411930911195,764.4656820047471,40.49765703322334,3.3335416478088122,WARNING,NORMAL
8.351477399450898,1.94997331783136,463.6679902683821,19.17472071570175,855.3212894023525,41.93960503158858,2.665111233202966,WARNING,NORMAL
7.025674772310535,6.916319897628626,421.53952426488814,22.96714519367342,717.7623867197444,45.89247605653547,2.437804168180782,WARNING,NORMAL
7.603589874139036,6.854153070858047,270.86518552456675,27.623372062244165,807.4181643962319,53.718743742044424,3.0867808869103057,WARNING,NORMAL
7.417875108180476,1.866390700822933,596.7735534081964,25.415976261326716,613.0185190083902,45.60206903073187,3.53340335746326,SAFE,NORMAL
9.355216565918667,1.8108682271873342,333.34132159261895,27.855769204315916,825.1659673677743,51.06331932713185,2.543519009154302,CRITICAL,NORMAL
7.983702438004204,1.7173984293920612,300.9364086453721,26.666674100498366,473.2648397252708,44.260027645289796,3.1501114832605173,SAFE,NORMAL
7.110457685963464,1.6531949358216225,454.89822796673224,20.27684840979071,639.76055723569,50.65190558895485,2.8653190340301355,SAFE,NORMAL
6.531121691579703,1.7522273528159182,412.1091795336974,29.48792397608456,574.4779479710336,39.61838725802792,2.231976847192376,SAFE,NORMAL
6.075487575819699,3.5106035912505797,522.1729912332729,21.660685667686728,1331.0568526380848,39.81728767354548,3.3165695344877544,WARNING,NORMAL
7.342424545107057,7.029097600520372,554.7184722755457,27.822076291534856,817.3840319527256,45.89171755694471,3.4046053748752145,WARNING,NORMAL
6.670554478300988,1.2502420693017775,536.4677822145659,25.18199319662564,504.9142879611296,54.88866662075642,3.535215088404612,SAFE,NORMAL
6.204422403281629,1.4732053951986457,449.7860387697087,36.60428131294893,453.8085803284778,51.55037087305294,3.5916140527083353,SAFE,NORMAL
6.747398981030232,3.810263537417719,516.3956909281596,26.516452513148902,385.7738914743767,43.8050154169044,3.15041423448157,SAFE,NORMAL
6.442916397469924,4.849147131994136,262.79842856423,28.403998367078902,494.84948755104745,40.94744432566624,3.4002263153073478,SAFE,NORMAL
8.380999144550795,0.708710768402453,581.3233028736938,29.21587570272776,547.2225026133085,58.27048348068805,3.293942386695976,WARNING,NORMAL
7.8171478298646155,8.805369428790566,401.42044307060024,28.350486122015447,524.436408111861,60.90594606593166,1.913414899218749,WARNING,LEAK
7.194419151078368,2.256463463780848,686.3925494477899,26.893275464646347,615.9151809042119,54.061795073198965,2.4500976641134637,SAFE,NORMAL
8.235960897223018,0.7818678904467686,584.9759972373466,23.03770004716717,850.2102810853573,52.84434004299893,2.829781716385297,WARNING,NORMAL
7.254157815353333,0.6724842467292462,426.3257300388673,26.552762870656906,664.1564240466658,32.89760916029842,3.226190022148604,SAFE,NORMAL
6.597101059070216,0.6298029162815336,452.5692754085148,19.53645700808567,828.3222453553263,54.74911571500505,3.3338731790294545,SAFE,NORMAL
8.26618685408876,6.2803404822039886,592.0873937290178,28.950232020661456,508.2843608478251,62.707318323645886,3.526063590471838,WARNING,NORMAL
7.577237030579261,3.088087722352965,178.78574041566952,38.68196161768245,631.1415732753376,58.57770427546525,3.537334139094902,SAFE,NORMAL
6.473927691971481,6.319557527143756,430.7723059841377,27.706762136920705,531.1617150654606,58.14445339247278,3.2930106797775083,WARNING,NORMAL
7.066762925341474,2.66053493438342,654.1708488528444,28.358032053948033,779.6898505971998,36.757410236832705,3.446103963151693,SAFE,NORMAL
6.587067222630671,6.199423401647167,551.3824308030051,20.79237024747026,667.3922276082753,44.36550232399889,3.9665146169247625,WARNING,NORMAL
6.232040188324965,2.6090343614241247,349.47433501535306,23.736160952852565,1019.1540410671619,48.84128408375903,3.405434747566888,WARNING,NORMAL
7.848324283272149,4.335363603508649,487.7369533344896,30.57934675257827,579.3232140934133,44.30684114811411,3.1832237828551384,SAFE,NORMAL
8.536591648329091,2.803001362658003,332.796816543265,21.210882507207113,512.8714479891644,40.720999722816345,3.429085474666101,WARNING,NORMAL
6.221002698326601,2.4865294463743557,409.0239752566033,24.088075366216216,753.4131573640263,53.3529269812554,3.6078280795709112,SAFE,NORMAL
7.5940784656834,1.3658425974760984,490.0605142892836,29.271481449350162,668.2817663619567,57.97393201317771,3.9747324813976066,SAFE,NORMAL
6.744550201614722,4.765132650763619,511.17902179287825,30.23645733182024,790.4521031987575,38.82881147636228,2.652576825421881,SAFE,NORMAL
6.859012231364713,1.102236771548942,537.530246905384,26.56374321664833,688.8990219375635,58.30334294832453,2.3802766443985854,SAFE,NORMAL
6.785324253032792,4.759546053609933,598.0544732351526,27.490792274979434,674.6756796008062,51.786024400985035,3.3036597878052003,SAFE,NORMAL
6.595206461224129,3.1945865465367835,306.752850686909,27.481479065107276,579.7655094820395,62.98426635925034,2.4773565105786135,SAFE,NORMAL
7.233965139561379,4.84945416704189,452.8825233299813,22.066522073159494,651.4738649904893,56.35864651033825,3.075406167706255,SAFE,NORMAL
6.618334918512273,3.404176646347001,347.9583482430924,26.7066639911104,424.6595752805106,51.039150467611144,4.105480075412977,SAFE,NORMAL
7.389319778045888,6.666274354016897,402.1372323466927,27.96757517855363,915.5803749779403,51.10184874142206,3.201727980602323,WARNING,NORMAL
7.164833323385604,4.0380904028380975,359.46748682354865,26.646379703047387,928.542083381823,50.017042180253235,3.207208855173364,SAFE,NORMAL
7.032736367193514,3.2455698897988294,509.9284183941238,19.29775192891919,868.7510865962256,64.54862322507297,2.9997248938645016,SAFE,NORMAL
6.564705436570882,0.19564644733347716,576.3623051927933,33.142584140083486,617.5883941104639,54.896435505297,3.952523720113721,SAFE,NORMAL
6.796260068602168,6.85014048651218,582.8417068778888,22.626509254611562,586.9125748451014,47.05612018257857,3.411653011658652,WARNING,NORMAL
7.728773858078029,0.6220765932185409,317.37923027771336,27.288513033903122,789.8371734263818,54.55423213876054,2.9659988186461304,SAFE,NORMAL
7.550642031337067,0.8583807638248008,435.2042344297202,28.2871628897467,528.7058223433264,53.728698386042566,3.9399767756079465,SAFE,NORMAL
6.515711328641014,5.173316474946682,314.05177287098,25.180713797787295,904.5984177041669,46.617453202370626,3.2925900798556453,WARNING,NORMAL
7.269532613800458,3.0025800176303976,310.0526126405571,27.97803515622064,271.40201518170403,43.43881513090687,2.9925086710911657,SAFE,NORMAL
7.725970986360252,0.6519897806623479,370.59223508735096,23.898922152098546,618.6513952123133,59.45563278041229,2.1559295983659688,SAFE,LEAK
6.03141630321504,1.8087028639226386,491.19572291089855,35.58839388217222,508.3733193203386,47.900826488150166,3.2687076740833105,SAFE,NORMAL
7.580352134665954,6.606805937722775,512.2698051414775,25.957968986873443,924.4441470837718,47.451612087599784,2.974308276087495,WARNING,NORMAL
6.736163368737907,3.3287505889288926,528.5075407796085,30.596038425871654,893.2254343394075,54.65455014330575,3.042634883676622,SAFE,NORMAL
7.599419068015211,3.059377547451676,521.083008936537,22.629486022287967,801.5872018534369,45.85778899496434,3.014532123508405,SAFE,NORMAL
6.665718590420238,1.6239196587835558,348.25788315710815,29.885111647497567,1044.8127349314361,51.82912111104085,2.284699038715698,WARNING,NORMAL
5.936582529534837,5.301995644372412,591.9310823063427,24.131174544794167,701.8021570873314,46.958057883176984,4.481887686165414,WARNING,NORMAL
6.060720293481786,2.7228579160811304,546.3936043166091,21.42741566381289,813.6264255832992,29.365756817693605,2.853095210401909,SAFE,NORMAL
7.233659462662968,4.629430508992546,400.4771808382946,22.739666469400248,412.43416551406744,53.090802507419184,3.5341620381748258,SAFE,NORMAL
7.381805751205038,1.4802495677227656,405.00963935393105,23.608358749164438,642.3762468199785,52.094583476033705,3.09055009195197,SAFE,NORMAL
6.566978362426914,11.033499784104865,371.0950099364079,27.44581278886109,719.8079306033183,52.83060748192573,1.8313122533259307,CRITICAL,LEAK
7.647014721144162,7.4343402068876,294.9788078987027,38.50315953637865,534.991750764539,33.395612042344425,3.1258838028676372,WARNING,NORMAL
6.036935956411728,3.3021821406977505,529.9229826653926,37.942702819754565,745.99403862319,39.1945922285333,3.2597246934298982,SAFE,NORMAL
7.153744140946879,3.8558593699572175,548.6474141167221,25.7125914483572,345.62696730919436,59.30017159879086,2.9274604131944297,SAFE,NORMAL
6.3522886601662805,1.8234791451335715,338.8737045744882,30.837678346932105,790.023697148023,50.59121494079234,3.9254541636459845,SAFE,NORMAL
6.7437147245384885,4.892690560945752,302.1769546713627,21.98489171127383,621.7670460373721,34.851977057862115,4.095990268559531,SAFE,NORMAL
7.23317906992149,0.26242400920140085,337.6155855568428,18.583750649558077,558.277164379509,50.676720530304905,3.3435537247388076,SAFE,NORMAL
6.597710644301234,8.715375106403572,463.22935585430145,27.122341184811006,833.8057414910679,37.44162290524194,3.4116424686522935,WARNING,NORMAL
6.930811119039123,4.6933588354931866,284.1627150392811,29.185158867635927,963.4908703711722,45.41364516970748,2.6237258420829015,SAFE,NORMAL
7.904404966450109,1.2265649924775532,585.3371975948698,30.133024736181632,860.5262377050442,52.02863685125761,2.621864632255656,SAFE,NORMAL
6.796175691333796,8.573959746510003,578.1549293109952,31.31879273390623,553.9413251022331,52.040184999556175,2.8727771616071927,WARNING,NORMAL
7.784984478445599,10.41465407387731,500.9213932633682,25.678218141601086,820.2678333950167,58.054835715301074,4.200073528592032,CRITICAL,NORMAL
6.409205201739668,4.008809491626534,547.1682899753754,27.28816574394452,653.9286773343999,53.72217676701721,2.9257154241282177,SAFE,NORMAL
7.570862924540698,1.502755069838615,457.05064655269007,30.284955078721552,903.2978172063591,54.226204199945826,3.858534467953034,SAFE,NORMAL
8.209098034460531,3.096108962704211,505.81847937923027,31.77387371418883,739.8009620824109,46.94823589571534,2.8387229437851746,WARNING,NORMAL
5.469848849910898,4.431208124470661,293.97813080283515,23.37146540095058,434.5761300216127,43.1968071566872,2.71888395639989,CRITICAL,NORMAL
6.642173321170667,3.7697947975087445,616.8575372645578,27.842709643168522,656.4297690320428,50.39137785491214,2.9498167078143065,SAFE,NORMAL
7.603950489026378,1.2267366328801952,391.5176472947929,29.59821155780113,551.4495550692804,58.16074046373032,2.9370445298269074,SAFE,NORMAL
7.057868229769905,4.374264269444457,434.54390054528943,27.59021034362974,560.1002110815849,56.60852000308482,2.837243079042144,SAFE,NORMAL
7.459802111359917,6.554752177885448,748.4640920870811,24.511826102231787,641.5121078166501,48.39114918687136,3.9807695111572188,WARNING,NORMAL
6.777210369298926,0.9670798049499942,423.5991061072949,27.01237080670074,749.3583072791781,49.5228687755051,3.1729075328220926,SAFE,NORMAL
7.26061285123103,1.084409172718974,538.7282178027846,29.11891961609451,863.4487228911133,42.78094810641304,3.1005172167805726,SAFE,NORMAL
7.091025935225544,1.7597237723837933,511.74389596101696,23.957392683934643,605.42367292976,59.204052604524364,3.212689185887198,SAFE,NORMAL
8.017447443161865,2.5293687064204096,290.0617643592743,22.211044642801475,918.2816463257925,62.92095651263767,3.6574570009548264,WARNING,NORMAL
7.378094590310849,5.396164919905517,330.0308338025751,35.23817128746378,393.5673628342084,53.514627537242184,3.2125412238557813,WARNING,NORMAL
7.436321863452641,6.505651350325627,694.3066372200906,27.750119041211722,549.1786554102164,36.91450865184104,3.3527665847496344,WARNING,NORMAL
6.911686123714273,1.444920124111911,519.4995531013722,30.753401252097326,1068.6872881110553,55.38719298936792,3.7088387930491624,WARNING,NORMAL
6.858675643149255,3.488169995977264,447.9749993130776,27.83798499091312,494.32969326423955,63.23622645865846,2.665473533712434,SAFE,NORMAL
6.897209268526265,6.3286280781688,385.72223129667304,31.201269624147923,925.2298644930569,41.05204083137622,2.7811363162941567,WARNING,NORMAL
7.476116499664808,11.444143093651538,488.4093074612484,27.31671385189989,695.3236713912365,56.76677572944079,3.2542252182403986,CRITICAL,NORMAL
6.905310863425816,3.47462844672075,499.8177279515803,29.348453794622564,687.2453505825208,48.495932063458596,2.846113286894588,SAFE,NORMAL
7.402842399827489,3.6178086472292095,477.1825848290002,22.561878571776326,868.3470816955777,59.95076180606193,3.083952095041117,SAFE,NORMAL
8.652780559051807,4.026638227401488,578.2752697181602,19.939515659123078,843.1298399565804,40.737825530359,2.6485926366369448,WARNING,NORMAL
7.809787292402185,2.3205167414824244,345.9769701398357,25.09408863538378,940.0752367786708,46.53066240731515,2.7685844163574713,SAFE,NORMAL
6.971783527482511,3.27914012731795,329.9158275864541,21.296824517012336,655.5300407088741,37.45662515908291,3.75519363815439,SAFE,NORMAL
8.04084974551476,0.3583673657497148,575.1684590364432,18.532072956606765,725.7383722931395,52.71629664969815,3.0165500003568395,WARNING,NORMAL
6.914347238884914,1.8320390860249576,703.5224864572692,28.2069907269662,654.9651907586866,54.424818005113686,2.970617354852207,WARNING,NORMAL
5.773312825375503,4.325759609386121,551.1110931226578,19.922554394653424,499.86041263470236,52.75174294805241,2.7864743895416106,WARNING,NORMAL
6.494339582357817,1.3696504000246466,605.730445414469,30.797982621122934,730.7131741738986,45.874233931504655,2.7573081845713356,SAFE,NORMAL
5.890445655281901,5.483896770094963,441.01912366480906,32.76474226722368,670.3203188198039,46.48468952182783,2.6812503912611785,WARNING,NORMAL
6.953940561171084,0.5335362342635339,481.93380298345744,21.228041084950174,363.1507540510002,47.38237599686504,2.55444598124269,SAFE,NORMAL
7.2128928654326865,5.338213299894798,480.3187614838709,28.15466246618384,899.6908378458113,57.08251670697317,2.8481063328668452,WARNING,NORMAL
8.373506118592697,5.32823448308214,443.3488022694642,34.431736581445776,726.6585794968436,38.37889751747687,3.1421733208721996,WARNING,NORMAL
7.428849161634914,11.577708947992727,619.3556239151567,25.11208224881051,573.9588094220869,47.275529776018764,3.520319827497198,CRITICAL,NORMAL
7.046629629833795,2.246266091778251,583.9016729923976,29.443385823503316,759.8365523768618,38.22138820049713,3.15777894964746,SAFE,NORMAL
7.780583906828443,3.004596117238424,402.09189368434784,36.57161403225747,605.660182787145,46.726135408754544,2.696232435456646,SAFE,NORMAL
5.652205283694481,8.157892045075398,252.53075292807088,20.29140449000226,736.2690132120442,49.88621283354501,2.9293350638494196,WARNING,NORMAL
7.364930190675996,7.473138746828716,442.3710867353679,22.92286353996052,949.6969483143051,66.80368727160416,2.8991108167275415,WARNING,LEAK
7.739605635720877,6.049441757302002,311.44173781157,29.2563643975256,771.775070185214,44.65830500732011,2.8694232143793172,WARNING,NORMAL
6.164989627954111,3.864822417878609,452.841006759632,35.689754486235316,612.328171991363,58.216561981841,3.0106270921763008,SAFE,NORMAL
8.00062783024485,8.01119747483905,320.896088941324,24.155132666208125,514.4293819854479,36.31725386592621,3.644798457060539,WARNING,NORMAL
7.43694748524609,14.279949701045147,600.7819963206841,36.742927437767555,571.419073335063,50.31834761312405,3.536888329030164,CRITICAL,NORMAL
6.909298460269439,4.615538915276869,532.1307264052471,27.527824589584984,846.1670242836083,50.30100435519861,3.998351545506326,SAFE,NORMAL
7.642947306274399,3.116094457790387,529.2157895341008,19.13097734479676,689.8173750388289,55.96191310289335,2.753433187230763,SAFE,NORMAL
8.789485000463078,5.011444503550512,578.6623004916322,33.36192650429143,800.755517608363,45.63034441885661,2.641608618772033,WARNING,NORMAL
7.327306378540947,3.4382041451400256,496.932869308908,25.145504581560004,649.6626207026487,43.720771163123835,3.015412975503021,SAFE,NORMAL
7.3737544104102355,2.40940592129806,515.6162146006307,28.794101114368157,531.9901391862506,33.35917240421466,3.783200949054898,SAFE,NORMAL
6.87844737032183,5.500046064284406,622.1638479553665,20.363321249866914,807.8197122025292,52.64838149909573,2.147632477008437,WARNING,LEAK
6.605108941374646,1.986316655168417,433.8581846612061,23.986993661363833,554.3984911820486,44.863526703727736,3.2569652524508266,SAFE,NORMAL
7.781235071580972,4.548821299609624,522.6138401446732,21.012512307037287,626.572273741984,58.20347945019673,3.030744228206619,SAFE,NORMAL
6.600741321863794,0.6825937453631931,323.6233788120509,20.58802574915716,479.6952631290317,54.09418570096325,3.5117655742439235,SAFE,NORMAL
7.250096366053575,8.97346307680175,459.5132298524125,27.39215839181367,531.6639341337126,59.48397128762119,3.410119617255062,WARNING,NORMAL
6.865639787264419,1.541625393286426,721.1140464327864,29.26710987526218,861.2300917912519,43.01173551202186,3.509559525154009,WARNING,NORMAL
7.535285878022474,0.84264612041528,547.7790455745734,24.812967407951785,888.6154844223531,51.63616870812273,3.4450702651945457,SAFE,NORMAL
7.433563473700864,7.301425907433689,439.6806821225624,21.25138484075516,896.4656347861202,51.519641796686955,4.601104330259088,WARNING,NORMAL
7.92627796098053,8.229476795759842,481.74487388834024,21.895577305175085,897.0866479538118,46.03108810430861,4.092148832001708,WARNING,NORMAL
6.842988520801677,3.807334848527084,447.48020923988685,28.48651855213216,636.2742817174021,59.84293736288181,3.6126982200965787,SAFE,NORMAL
7.01108754529464,2.784363807833722,477.80407437340267,27.44276228218754,819.7707346100489,56.250692989612794,2.9573868884455554,SAFE,NORMAL
6.514865398952385,2.290731443393202,402.1191779725631,28.552298693145538,889.5197510941613,66.24591575896085,3.012126773267463,SAFE,LEAK
6.888994717946722,3.6569238393160433,509.38454402419484,33.233620890424675,542.9339773137641,55.55723571473157,3.7745678276996495,SAFE,NORMAL
7.464110345131397,2.907245168654779,513.6371923497552,29.301398188724825,734.8790133308235,64.95108258316048,3.7939335137041645,SAFE,NORMAL
7.7298920316517465,2.6375718393271965,450.7965612457326,28.63611759204998,677.0338890280523,64.76909601462916,2.774599919668652,SAFE,NORMAL
6.554484273075662,1.3967716859257,466.8071167339497,36.474865860779005,363.1569947340523,46.06761513003819,2.2004586166538633,SAFE,NORMAL
7.808724144073962,1.0502738824668785,490.8921210872925,25.90086225679973,758.6165182821907,38.24363852064845,2.284022351570208,SAFE,NORMAL
8.148946501163465,3.2078961927866674,386.7308366717265,36.53470152295281,571.3771374083663,63.492689682920656,3.7863284728274307,WARNING,NORMAL
7.489404432256591,3.574781862750073,508.2324401217845,32.69553476062427,889.2203884448131,55.55058454707182,3.8801755824957627,SAFE,NORMAL
8.513757068790646,1.621619007396555,543.6189260707995,25.808298364172025,562.776573099037,54.17019789828859,3.2086531718345666,WARNING,NORMAL
6.658347560627499,1.8307998722748415,625.7839327805781,30.219355364685935,759.2400609411815,46.41081627489141,3.361925990401425,SAFE,NORMAL
6.328741707682008,3.568433324710272,488.2046940070356,26.139196556726606,720.1923603595998,53.177210963207926,4.0911712184897775,SAFE,NORMAL
5.9548958257670055,1.363314678572472,383.32369341887807,21.25441836341944,389.8628818632208,58.13644536467706,4.207048078565353,WARNING,NORMAL
8.247231018042427,6.20964545030831,437.6475289825081,26.967842979513552,642.3385051317474,55.26869075725309,3.539833064703614,WARNING,NORMAL
7.65805595944784,4.420486262514044,312.8443135297731,21.131494681365954,764.3101141132536,45.08941261023542,3.1891508331244998,SAFE,NORMAL
7.161090730362682,1.6082757278039108,537.2823098722632,27.931859006979682,884.2313395249669,62.33879162690117,2.983824073000634,SAFE,NORMAL
7.395978038423874,4.261092801851342,202.83297277457652,30.201919356768208,703.336730209356,50.998626746278504,3.0592538535057656,SAFE,NORMAL
6.412157666891137,1.3942661678786417,572.9586228341323,26.132374020822155,863.0960635921311,55.433463639253105,2.812706379867513,SAFE,NORMAL
8.912026385731778,5.345444052177512,587.4389118838674,27.923829804221793,796.7259751959708,56.724624336707805,3.5258614703000264,WARNING,NORMAL
7.29045482738266,1.4450768765382558,98.324967302701,27.85756659314754,802.7462886939045,67.05383377009073,3.134312841037622,SAFE,LEAK
7.276576356223425,2.7417751390059677,603.0337191861757,30.377398349166402,810.7951591582627,53.315706817290135,2.7901889710876038,SAFE,NORMAL
7.7080366367290845,3.3566193645936515,573.2743403687622,27.357902087456768,650.5768965055382,49.58184399976002,3.764604696426003,SAFE,NORMAL
7.536706462215699,8.146403693945528,415.19378600589397,25.74109476984592,521.9539482747422,65.3097007360532,3.4764637403170386,WARNING,LEAK
7.356718816995392,1.5308033828994092,306.9821170816431,30.19576158159355,982.5558428910049,58.863946458308554,3.328843739186408,SAFE,NORMAL
6.646667881188282,1.475018701356479,349.46890801653785,27.63423274291734,838.299061753655,52.44868569139533,3.1196590527567554,SAFE,NORMAL
7.530027849995197,0.7299865510452123,358.9778644340644,18.457772685870683,687.6741622277517,51.94464826137099,3.4285719263313337,SAFE,NORMAL
8.517417147532523,9.774175150995264,607.9267152251552,25.59885384242392,811.0887411670757,34.319600138071706,3.0258299068925854,WARNING,NORMAL
8.141794032308484,3.0816145314640866,396.1151768721023,24.931314892175468,771.5299767606631,49.30024261577563,4.58455724832388,WARNING,NORMAL
8.315230638647577,6.312303463540911,558.6387715290343,27.589836961590187,546.255826579166,38.7805086048062,4.341298026445388,WARNING,NORMAL
6.842149026498171,1.858816025220805,435.11271864764524,27.15996258985643,639.1917015360478,28.642557066687033,2.7913632381639832,SAFE,NORMAL
6.507276625818994,2.009524677608867,456.60907659776535,19.198564028425494,938.7593017390419,45.23236258382016,3.070147246877476,SAFE,NORMAL
7.111949155930247,2.8945317179778893,261.4325286620431,21.03311324618548,699.0462287043532,38.94836318753168,2.750660619182635,SAFE,NORMAL
7.239007438602086,2.9616629672633494,312.35158251704956,23.188558012776586,767.5416273959697,47.159210539745445,2.2621706855998633,SAFE,NORMAL
7.965934062929664,4.884538619974411,605.1717025489311,27.257820332911976,926.7312380504006,52.46448287509722,4.053407375794245,SAFE,NORMAL
6.0152747591996265,3.1503510905132037,431.31329742391887,31.29536731180641,698.5030906563298,54.07323437291191,3.125119457420704,SAFE,NORMAL
8.27068522362243,2.216341806521879,486.07913386631606,20.58542507650962,532.3575423697587,49.125692923978995,2.6528878663935083,WARNING,NORMAL
7.089394470994708,9.895138434231706,666.7628591247068,24.311540195049837,720.3959040945808,39.689672026316344,2.333532642582854,WARNING,NORMAL
6.901183251036806,1.3793588683136724,434.6848585619418,26.806103289158106,599.4977185077015,49.0308186977799,3.311422328657014,SAFE,NORMAL
6.491526937317883,1.5383316012693942,427.8904825375143,23.27440400397619,449.51627827649236,41.47406514657627,3.3791540428887754,SAFE,NORMAL
6.041600329693962,1.39742125871744,594.7303064879709,27.349521250211847,844.5484750614223,61.226919066440885,3.4057519822197055,SAFE,NORMAL
7.77621940877334,5.018464649777576,451.48196279828596,29.561099794053607,653.8621479101097,48.818972655613095,3.7351210573712468,WARNING,NORMAL
7.251322577031883,4.167527860079399,488.40084323135693,23.97275549726961,162.6526811963015,40.88655388382058,3.648156776266138,SAFE,NORMAL
6.2970273701812625,2.646466444509408,569.6179547446585,28.310333888709984,745.6338664634704,41.591856441977356,2.5563147708054617,SAFE,NORMAL
6.293444859555469,1.332419789899234,450.01375725244316,26.541923186833774,747.8494944337294,50.055548478029785,2.6557383008579265,SAFE,NORMAL
6.96495071049691,3.3457882917297153,544.5106168033342,22.40359218961279,1051.1414266382858,50.46523822039746,3.6873310490360836,WARNING,NORMAL
8.368315067702575,5.515156522424266,436.0984473182096,26.436473509973215,699.2502251513879,48.4517744754029,2.8911098851463937,WARNING,NORMAL
7.018286054045477,8.370522505831381,567.7366984286022,28.826663890759825,892.169929618374,57.950351107552734,2.466791909823191,WARNING,NORMAL
6.147799932817326,1.7911259999092242,500.5592483418721,32.65497201905137,816.3809979330442,42.30677885793052,2.513176670218978,SAFE,NORMAL
7.027979855139839,2.6391692680150007,422.9515207513343,33.576974971590346,593.9039999000038,58.028787135288596,3.6684647450415584,SAFE,NORMAL
7.009093501176631,4.138453914853443,458.9099498701038,24.729261087697374,762.6927710823169,49.24837066705876,3.65969144488832,SAFE,NORMAL
5.3121793499409,2.197952186559759,156.68010233492845,24.48821567422402,670.4046134385068,56.900435124218134,3.264095758296474,CRITICAL,NORMAL
7.161993593437532,0.8587692088942691,593.25283899163,27.161560507114178,576.2058885504957,44.99539644559947,2.728617919323132,SAFE,NORMAL
7.038345828853926,2.6497014155041296,299.44386180193555,24.8292120503825,607.0178351160275,56.22494185608502,3.1685203013434124,SAFE,NORMAL
7.687344455369393,0.9750142710489723,321.70588071614145,31.852130008868027,582.5869368414815,43.54407435264313,3.1201565700452103,SAFE,NORMAL
8.494269266461743,5.8445372446367285,397.4377725848295,27.40276295543963,698.2561135251918,63.17876643203144,2.9797794883735294,WARNING,NORMAL
7.988595520683431,2.344716958127944,234.84593072589678,27.220974042303638,699.1492165032108,49.360134768090674,3.5419530556781846,SAFE,NORMAL
7.011777916611619,2.8602501871425168,506.1139535933095,29.573231122014256,601.0368261608988,46.55351645141628,2.959994433231763,SAFE,NORMAL
6.425431863880831,1.5746860866569872,493.3216805617509,27.639344704692846,662.5265487447158,40.61025930780411,3.4701057605726904,SAFE,NORMAL
9.001351862274902,2.9467535125241304,391.6153158532423,28.220978592216532,362.32621070814747,51.34876068764059,3.3669175044714708,CRITICAL,NORMAL
7.241452903810142,7.059928090812332,368.63521642193115,28.052763898278982,518.4786897827361,48.810952640130346,2.479267399448627,WARNING,NORMAL
7.209750504339063,6.285992593319973,366.792415567879,26.421448020849738,647.3600929569401,39.3035794023457,4.196671252357072,WARNING,NORMAL
7.183112439022998,1.129474503835353,523.7758092432061,23.390246555353976,1000.9017891950891,44.10929410447355,3.488461115440465,WARNING,NORMAL
7.338659332537499,0.1,258.7528972853876,34.03608806081488,813.9825859825512,34.36649643879247,2.4036679151922895,SAFE,NORMAL
7.09894771165324,2.6659261623125574,400.9200984928083,23.377065155530794,524.0842393029993,40.962504927654074,2.481556833285755,SAFE,NORMAL
6.798436595183835,2.357803042940054,266.4686735960772,33.61692207311981,990.6688977914291,49.016386976274305,3.9920800160237926,SAFE,NORMAL
6.817198741131726,2.242144486360882,542.2493345533948,28.36577049105761,699.7107697685436,52.828813861649195,3.2898798303011647,SAFE,NORMAL
7.177072710848801,1.8909583414257884,409.6533102948563,24.59366408180515,495.76629970838377,47.4097333579537,3.4803846796798994,SAFE,NORMAL
6.819602660206365,1.1045045588337277,515.6099224756948,29.219430374252042,685.7953823550996,53.77252901803365,3.3939486830266197,SAFE,NORMAL
6.701007952125985,12.099330412074385,599.9445167223223,30.143664347615058,877.3158234549041,42.33096075097219,3.743679940804053,CRITICAL,NORMAL
7.274501159384328,9.76834807606994,601.9712445152272,33.872806525674704,495.9305504396931,53.55008251697238,3.7659137476540536,WARNING,NORMAL
7.021515947805401,2.164177977108163,327.34784472430346,21.737420928718066,513.4953545123212,49.38229496863472,2.7612174588888565,SAFE,NORMAL
8.252795092007883,3.310329540165524,487.13519952041463,26.439987605074112,1025.1373468907614,48.351930995244224,3.4515952117493613,WARNING,NORMAL
5.3443211341248915,5.9162238766324675,584.5672823964363,32.50883922859549,753.3569240784759,49.97151051302678,2.497514599938291,CRITICAL,NORMAL
7.9640547963457236,3.3021453331552455,533.5771757001578,29.986211406614316,615.1013557246366,45.205950755366835,2.656040261388101,SAFE,NORMAL
8.07225963474834,2.023266582860032,545.4396326146261,28.9440700286633,680.8816269559375,37.724963014133564,3.0483105304545806,WARNING,NORMAL
5.748626837314296,0.8749218381637206,236.00118177737085,32.91395060459453,751.3941684975357,41.638617546659226,2.349747459730922,WARNING,NORMAL
6.960118684143756,3.028494703061641,531.7376357478591,26.280237378463422,665.1783821782989,38.70532406788887,2.811175713885797,SAFE,NORMAL
6.939991393802946,0.989913829091016,354.8482444357398,17.407860758188,942.9694035842699,48.17714568223099,2.113800817686303,SAFE,LEAK
6.214741813697525,6.738989416709136,529.7623260314601,25.533968796900684,717.8074416298798,55.461668312742965,3.1899792457232503,WARNING,NORMAL
6.655528318686388,2.925618618300517,527.1369586611568,35.04702578351714,819.4675288361699,61.86910166040267,4.021300289582024,SAFE,NORMAL
6.4225969081739205,4.380132717086166,520.7900679412397,28.193903827627565,714.9968051400064,46.31058623706787,3.2160149650082577,SAFE,NORMAL
8.426589310396537,2.300901851603414,436.7221021882998,23.630277978275505,693.2774105816451,48.71377102261475,3.217438874179062,WARNING,NORMAL
7.854974875203223,5.369295890609441,607.930963229129,32.33651787230884,860.7320686913092,65.06082707195431,3.0203193649596214,WARNING,LEAK
8.090088566495911,1.7585505019425263,511.2369607516121,30.37945161510076,864.5058041747732,46.77819075350592,3.688409680835833,WARNING,NORMAL
7.705170444830265,3.7288486573526427,488.5819135473067,27.588047003464627,405.9571736268132,44.986375367619864,3.174093789094756,SAFE,NORMAL
6.409663760147939,2.231961571730326,337.87069787540656,29.340528157055054,696.5298593388395,48.95678215637982,2.6503365396882064,SAFE,NORMAL
6.8328358136041585,2.513575458826148,497.53092058317264,22.930980399105103,1068.9476652886638,46.60405308544758,3.2848290966657165,WARNING,NORMAL
7.542562192859543,5.863455163471524,687.4452821085624,25.55160642283218,619.6908827053805,44.57156602800304,3.9762293452647897,WARNING,NORMAL
6.3445105337756385,1.5638979702178737,283.178101753046,26.740275086914775,781.732277093271,38.737928327737876,2.4862988099197647,SAFE,NORMAL
7.699098901120672,3.917959871081923,537.61273175994,31.39668918940127,924.5069534850055,62.74100893753562,2.729505215040161,SAFE,NORMAL
7.031772221289305,7.284176024252323,552.7487183518729,24.805012890559524,500.5342739548086,54.405705464967674,3.147783753752661,WARNING,NORMAL
6.937625434715282,5.717785624280474,657.0623285477398,26.897001185001685,632.810081457309,62.931611008063186,3.0247503475224162,WARNING,NORMAL
7.697671977742444,1.80244093119948,537.0888090324345,32.763965973992114,417.06062320495636,57.637579960308976,3.4099888232013003,SAFE,NORMAL
7.510984318040228,4.311801112159759,451.2814635882014,37.09730787023868,718.8026533853932,50.124807252861594,2.7085135652834302,SAFE,NORMAL
6.947323683926644,0.5340637264551419,500.71338879769513,23.51744509192556,769.2699405163037,36.639009267024214,2.9351380468225012,SAFE,NORMAL
8.011530862354974,5.999766294275955,417.8333077887537,27.559830358818104,815.8215961420113,42.72706545057754,3.226221407064853,WARNING,NORMAL
6.443255670680072,14.252808743202365,596.3109586915976,20.968188342887384,983.2796048208496,47.21071595779217,3.2433614526539603,CRITICAL,NORMAL
7.631154924860985,3.757587426024191,264.1224405996949,26.941996284752715,711.4316876740448,42.28888475957147,4.501687548601421,SAFE,NORMAL
7.615170880577868,7.5270007978130815,391.45545902205964,25.839582198738963,492.5281908374113,35.44303057525682,3.5916444188593304,WARNING,NORMAL
6.983317492480207,0.8340631354048242,503.53868855547205,32.00413187382302,541.4311572505592,42.872748764660074,2.4297175764150025,SAFE,NORMAL
7.428293115569483,1.2201781177458664,590.5116934314498,22.308377457033107,562.790074054519,48.44743612411051,2.692312453183056,SAFE,NORMAL
6.324220496530288,2.294004759438639,448.3459905615924,21.760067855376228,737.3844023022382,62.71935698094957,2.5192021812527225,SAFE,NORMAL
7.846818913444831,2.6479633238702025,356.1195034720297,33.08373891434289,1122.9954075136104,44.61504247220365,4.006986448058274,WARNING,NORMAL
7.070568504489908,3.774945527978896,424.6952696172683,24.4674711610784,687.0324395758457,55.24290497019886,2.6654078691691114,SAFE,NORMAL
6.834093885636673,1.8099317979188099,405.9646086566198,27.789724566272945,947.3299637786815,42.185877652469834,3.4936811688673424,SAFE,NORMAL
7.934306458085823,3.3363683907654753,411.48297967209703,28.1801782689946,679.4705713933572,48.20474290911075,3.4435575792685356,SAFE,NORMAL
6.706959416620069,5.855499068405537,397.778547276146,23.850737511073625,490.9194127062997,49.724989859896404,2.46714213934258,WARNING,NORMAL
6.214077092545509,4.300532412879729,397.830832416921,23.854996195258504,553.0509604529523,62.80119145427264,2.99056266018618,SAFE,NORMAL
6.110359578533267,2.234301071229615,244.08731129373206,31.507638738812876,568.7648894700308,28.63777962849471,3.0677910443564484,SAFE,NORMAL
7.624206965941948,5.075100075675826,486.01844898323714,29.70828835538132,677.9954119212958,43.50891247979626,2.409509422078824,WARNING,NORMAL
6.303699453252602,2.1570413725085897,530.9680266370528,26.93725016096615,772.9988883676504,51.975307184538835,4.092499450972693,SAFE,NORMAL
8.428355927389056,3.200741033669817,629.807394890262,26.452832700703024,581.4622871920405,53.344167893324204,3.285181670102435,WARNING,NORMAL
5.742649414481395,5.651187934932464,553.2481148106664,28.266443539409174,842.3106779516675,40.58335118632758,3.9965669700020823,WARNING,NORMAL
8.387519457803027,2.593409399559708,547.1232086412601,28.52879684768049,888.498588438164,49.69182753534496,4.304029961514603,WARNING,NORMAL
7.347712227041833,0.9760716406631826,485.5214463765772,32.04458208886962,652.5965919046472,50.10282455324483,3.279804462191021,SAFE,NORMAL
7.132300821690725,3.133796961735067,238.4937376750032,26.916575553755425,865.2653602003829,61.77264622974671,3.386795313151203,SAFE,NORMAL
6.818556639233735,5.685480831141892,483.6169346074661,28.771922992800654,350.3977300584283,51.66758293619456,2.806104073869199,WARNING,NORMAL
7.479395280046449,6.045313564008146,463.4852017953474,29.872715180714724,275.51712428768786,48.86558422944038,3.866793343029529,WARNING,NORMAL
7.173655708302606,1.1738836146952931,573.5848008615098,29.94310076015348,849.9019969821156,44.370207410985046,3.176089154015016,SAFE,NORMAL
7.972311317411565,4.9345295692846465,518.0974360964733,32.79887834144491,624.0551667450012,54.860997766723024,2.9883139785663073,SAFE,NORMAL
7.279959354063428,2.4732125867156047,434.4152828259132,26.94964488540837,1096.6582227200943,47.961328515912705,2.816162708732536,WARNING,NORMAL
7.305211233023314,7.862325500927312,684.9782672295256,24.73653107210074,683.2862229203611,45.4671205774468,3.2366309160849465,WARNING,NORMAL
6.945471451450301,0.996306942197776,551.8147747764076,25.568147907083265,519.9494411430491,42.15908882471321,3.5107601728933338,SAFE,NORMAL
7.160138063395253,4.869770835176862,490.7837559941646,29.563306736379886,1003.6043319476303,47.62498445294544,3.3018228734961914,WARNING,NORMAL
7.415461238224442,2.264172639722703,504.63765453964044,26.567594631745855,818.0414190076061,55.588018531567336,3.431240974137317,SAFE,NORMAL
6.002882125140363,1.834252139089855,457.34186485730953,36.1471904899754,978.7795538748724,45.89545356270622,3.092168324770744,SAFE,NORMAL
6.256270204526001,5.8252037565640995,451.98053463733544,27.050355732980883,594.4247003662774,50.27553910570209,3.4524118712177025,WARNING,NORMAL
7.7202848658159,6.457566098409564,189.5737199637473,23.180186756739907,765.6014133619287,45.54456575682737,3.4370602065676388,WARNING,NORMAL
7.31960580668956,0.3687315102349492,340.189949926696,28.290806669251918,542.3938931382964,51.36328232270791,3.807417086098948,SAFE,NORMAL
7.071211664553124,5.896532130397214,385.08873256861574,33.15524885102413,385.741705967512,50.666197036118376,3.6031308995320854,WARNING,NORMAL
7.212903753145776,2.8437391185459453,504.07612079121674,23.73696076110145,833.6386400742401,43.702523751829816,3.2773115832457473,SAFE,NORMAL
7.44330719375317,3.0673664185581107,251.79798138108046,23.621514139595842,617.7686348982033,56.65477739697104,3.4073773552397997,SAFE,NORMAL
6.822168223783447,0.9430452917326877,387.4599159590222,26.252738518139736,520.7560861480747,38.35121127390326,2.6243344762570313,SAFE,NORMAL
6.655186692218381,4.645772425844387,372.08183938603,24.41635776466992,450.1357263663864,59.081854377924316,3.8389352618435777,SAFE,NORMAL
7.3370916785683775,12.293407789771477,464.0105781406181,21.59912761235165,732.8915437139701,52.63329732485844,3.0752241938018923,CRITICAL,NORMAL
6.5151390556694775,1.9310673721554974,504.3747730452582,20.836716647041428,711.545308912695,54.7030424262988,3.1376450746158384,SAFE,NORMAL
7.485776929000131,6.875846324091324,372.5025056690399,27.92971441520105,612.9761624948185,36.79493427054494,2.9607968030890133,WARNING,NORMAL
6.008191477033512,2.9821678374920375,381.1277504780661,29.86017242805827,578.6450405791422,49.59182270626302,2.756655835346413,SAFE,NORMAL
7.92040894612795,1.9965595101473688,368.36449979288466,24.195343111345558,837.8945318905683,62.26977793903687,2.791227165308942,SAFE,NORMAL
7.530818237689131,0.7689995853098711,403.184617083186,26.71792522800673,253.19523795595939,48.83741372152985,2.6612033024748944,SAFE,NORMAL
7.379220814019713,7.536764775564516,443.8625241814039,27.73984770834198,813.5747710052459,51.0425196029163,3.080281879879675,WARNING,NORMAL
7.8878836887618595,3.2657220461066006,607.8150402270119,22.579063726481696,783.7385346420953,40.8467451268534,3.6166780125356004,SAFE,NORMAL
8.365832111123805,2.0833407995199535,328.5007235755663,30.43544278805865,478.5310218197998,38.48740195801423,3.188660658572514,WARNING,NORMAL
7.910059045512692,2.3781364160084792,660.1009285980033,27.847601341670273,351.82266342901454,51.84307668996354,3.531715237017162,SAFE,NORMAL
5.911388038067848,4.908978159771831,301.94186378711663,29.09790603860294,805.9406306342487,44.57534239694512,3.4406005400535786,WARNING,NORMAL
6.30429612328501,2.0805295559618417,564.5570546527696,29.71987465919133,488.71275292423707,45.56979529512461,2.975764513950878,SAFE,NORMAL
6.762626995613025,1.3218010251073662,392.90448663496727,36.70305199221967,983.2103133993528,50.50552661244006,3.8190875797084196,SAFE,NORMAL
7.218263735147584,2.7435387159275884,340.6850189468066,22.90160781401689,1081.2521252606093,55.490938513791164,3.6996221014923734,WARNING,NORMAL
7.5623613143283865,2.6783951518228206,608.0255806162179,23.42892702855283,776.8162582657172,54.20572711571111,3.6106154968785606,SAFE,NORMAL
6.691979330792575,2.632506076040678,459.8103295757387,33.73169945823948,681.7455027445378,50.797247608758724,3.4079229265034643,SAFE,NORMAL
7.330736735133955,2.103392435708889,455.21843143245627,29.608912326438677,660.5754337872994,57.09700702598423,3.0301168455115177,SAFE,NORMAL
6.671231947352674,7.035861281152562,416.75089343328585,27.27610889396314,392.93075505065207,58.35132068034868,3.028997579964609,WARNING,NORMAL
6.771937537905637,15.206404942177963,380.22449288874896,25.08765387921043,648.569743742451,48.947141141430116,3.1850605962825465,CRITICAL,NORMAL
6.215337232206244,1.1766298862458904,428.7784962849981,26.072454378331955,617.4379141531168,63.346474525792885,3.8889617225457975,SAFE,NORMAL
6.5537367277223675,0.29909167975634837,62.77204502632986,26.150077459252046,585.488681217781,41.30202560165554,3.7588619286097256,SAFE,NORMAL
6.253820776068567,2.4858126058253607,227.55705218763833,21.020087044949427,770.5226339752721,37.73589510943633,2.4786860795333903,SAFE,NORMAL
6.516888722915867,0.3491981605350756,497.07818628054406,30.89279478760729,723.6356947710026,61.06716978090786,3.329829108635849,SAFE,NORMAL
7.937549257625488,0.6907452697658302,591.93328445665,18.957370698876492,841.5139194307646,44.39945463984499,1.9564095403375992,SAFE,LEAK
6.53542077781764,1.9595447274664173,613.6267853130875,23.603754815495034,620.158339489016,28.620135170783218,2.979329994472242,SAFE,NORMAL
9.042667445386174,4.884178078041923,335.1601817591682,25.27290268826807,808.4718219185701,47.39283192982394,2.8614273066170135,CRITICAL,NORMAL
7.545322530616622,2.4632052718471655,473.1385860434319,35.573937551410445,701.4313696073294,59.8293339793817,3.4780330613200086,SAFE,NORMAL
7.329385286586412,0.2004182026369149,186.78298735380065,26.596811325393457,807.3520256548644,47.54022536011416,2.6559612757950504,SAFE,NORMAL
6.599149553873151,2.4376136395898365,407.833263850225,28.265849995237144,686.0112015378756,35.798226102323056,2.435828613739069,SAFE,NORMAL
7.690216915586294,2.5842865336904346,548.8430686611322,23.49004195706025,1020.0467990761514,47.683143119913886,2.950571150559493,WARNING,NORMAL
6.797053521633559,2.618488311017937,447.9003185213873,30.474916051392796,260.5011349860389,48.514488386119744,3.196085563885179,SAFE,NORMAL
7.285406870251753,6.345098514210456,410.1902649480074,38.807524913983094,812.6111377124448,47.31136829322584,2.330558732893002,WARNING,NORMAL
8.992059176788157,5.638184214174383,448.4053262552825,28.966004318422197,854.1629238096582,44.247108509307395,3.768904565638251,WARNING,NORMAL
7.132758070192745,3.1710502803913125,603.9417063655226,25.657981800756964,471.9833805942513,44.62643713775296,3.099338451899952,SAFE,NORMAL
8.004491328399974,10.772661154494788,420.63580119257125,18.873042050097943,1028.4937670473876,55.82186798873548,3.2126440807123453,CRITICAL,NORMAL
6.707776502411879,1.955031098812964,458.7173055651967,29.774768941030402,704.0221924555871,45.36096852142702,3.751310606470456,SAFE,NORMAL
7.175508056652127,2.7154962897797748,632.327351632961,23.056214108144353,677.5555495782367,51.2913096220355,2.833575577444583,SAFE,NORMAL
8.439560444944856,2.943659277275973,422.60137303746626,23.976895988151885,766.8336408222658,51.26276058643127,3.9406461075600006,WARNING,NORMAL
6.761123059548563,0.760122110177462,253.61721883202813,30.726843001641768,859.7507191715796,45.06983066780354,3.2027728722954425,SAFE,NORMAL
8.46871399059785,2.9911686722047044,614.208962227041,25.1054813019222,723.7990046753168,43.98085488768399,3.595987761083227,WARNING,NORMAL
7.695426354818833,0.6143440438565809,571.8713771701325,26.623429903170347,718.1223533369775,50.55960835318001,3.421981721808283,SAFE,NORMAL
6.806273256874013,1.7053847538065356,184.00013807837882,29.99914537643397,850.8108910272088,36.78162839913168,3.5434998144942265,SAFE,NORMAL
7.642685417338865,3.2797607124144097,434.37777738213964,24.175744544067236,874.3922195500373,65.95093427813428,3.2380106506330133,SAFE,LEAK
7.880788114738711,0.89448123301265,447.3404778442975,21.84416986201632,760.5836431887509,45.41833603371444,2.965938120497414,SAFE,NORMAL
7.635266973552038,3.8343578955927384,614.2380944279896,28.857214341930497,421.4300925616641,46.87497180312841,4.169381500161442,SAFE,NORMAL
6.100842696076681,1.4781249905532678,448.27419821884746,30.017401332084116,516.661847004052,55.89261016370108,3.189932271754466,SAFE,NORMAL
6.691003976922592,2.2279499925052484,469.910180531525,24.68974061428466,895.2401949116224,48.641574444860794,2.6511670926650757,SAFE,NORMAL
7.026736955113947,4.331014512311346,473.6383259987294,24.491476021887323,649.9491632560673,46.65947152788714,3.9344062367860126,SAFE,NORMAL
7.147896599629968,2.8128903396580633,394.06915149178684,22.599618636127744,592.2489116093458,39.30141743543502,3.044614329778364,SAFE,NORMAL
7.634470468285475,3.769960896658609,605.6676424214146,29.85396382015805,779.19364451294,50.81524920871572,2.3383923453869233,SAFE,NORMAL
7.324390700653278,4.141545564931242,354.92784168435435,34.675592338213356,756.8726286120228,45.62530168564331,2.7878853983135925,SAFE,NORMAL
6.265258948902929,2.777298389078447,391.7462239223788,30.726180343413006,660.7356405533062,66.65068860279344,2.2209616559751697,SAFE,LEAK
7.4661384957041745,3.929409414824522,449.2876288237434,26.635252228530756,833.8392867536105,48.35750089731189,2.8108756722014347,SAFE,NORMAL
7.627410021698676,1.6807516181429187,289.4336519358098,29.86582151726415,471.75736657629716,31.86451427636681,4.079054154749267,SAFE,NORMAL
7.591853313551728,4.293056676085535,661.8491056167817,23.672768825535393,388.162260827442,57.60137230881435,3.4294781282321543,SAFE,NORMAL
7.956546507888236,2.4985298605581643,449.8973280515955,28.473614500121315,970.4648951531501,41.999786235518314,3.197625657826765,SAFE,NORMAL
7.783745508184233,7.159123739034921,548.9528750306433,22.65893176641189,497.89491894119976,50.850092485361316,2.9112839294479538,WARNING,NORMAL
7.521426055459906,3.3314026467366578,335.1015770106481,26.511258568924806,434.4015802217761,61.239040645425064,3.1309645771715786,SAFE,NORMAL
7.150884001978947,1.8938198371191288,535.4081241599774,31.30277371211944,641.2902265451359,47.52956921377064,3.7573718487080354,SAFE,NORMAL
6.037327346538806,4.347118163555879,545.5913163267528,30.24815228816674,694.6717334003029,48.362243950254204,2.2861489566714246,SAFE,NORMAL
7.5007327533928105,7.369511502250385,562.9043085927956,29.27390084699743,613.8924780850263,57.477248254380974,4.6697140020471934,WARNING,NORMAL
7.345381381014178,2.041149645684612,678.5999808492297,28.665107323808925,658.8808896883457,61.40459126532986,2.7586720234148356,SAFE,NORMAL
7.390105186036761,1.7634073486464559,383.01156796990176,24.055510822438674,444.15253408566645,48.90141655381118,3.075250310606696,SAFE,NORMAL
6.306275996925784,0.10203753637348406,427.6022474710093,27.569922692240354,828.4787650590577,66.18086576884829,3.120103723816121,SAFE,LEAK
6.443260421714217,3.3252474118915285,348.5701195611521,30.13310221245015,424.66764725662233,36.09147057821323,3.1069749261512216,SAFE,NORMAL
7.937206997333033,2.303965474359488,438.45261258201714,26.02738220514024,704.0513228831811,42.77878168219753,2.864106338841657,SAFE,NORMAL
7.172311392300342,4.334180687294132,529.6940224493343,26.181672754918303,742.1050586195512,46.17954558675235,3.637404257943109,SAFE,NORMAL
7.6770504881608375,4.40135076795437,523.2283207205596,25.119098667658367,816.8017838137783,58.45201268246538,3.77044425047276,SAFE,NORMAL
7.219822863291323,0.7968844818279581,646.8902709927308,25.860203629213682,740.9222446345622,51.84372389727363,3.6776461254391126,SAFE,NORMAL
7.220829297647022,5.621159662070234,508.82365702155425,23.90670661823318,504.10570620774,44.599735285193724,3.2445480686792694,WARNING,NORMAL
7.856798664183199,1.5487530939795888,450.0674226563052,27.09628687862457,625.9784542252346,40.992390541683115,2.9053326807360156,SAFE,NORMAL
6.838768690247838,2.0507045532515495,318.99006849307966,25.71889735267491,573.2839613481625,38.051606255491606,3.107221278001549,SAFE,NORMAL
7.267284543858689,3.8504025504958492,553.9584437788516,21.103017384606137,416.8556030542365,54.12956360433276,3.1567676317429942,SAFE,NORMAL
6.8764072979064705,1.1029945413870055,431.22043313139716,37.403769308828714,778.4033169175771,46.88475474604903,2.7097858102071193,SAFE,NORMAL
6.895852640797379,1.7790211647875689,556.6850126081238,22.85028737942897,563.8011475416899,58.1149361621159,3.2890786007191575,SAFE,NORMAL
6.983579513571953,1.0062968497460278,399.0274039059808,26.461224531397377,726.7709872535933,38.53164088892304,4.099763880733636,SAFE,NORMAL
7.3554936401435995,5.960630355258647,594.0849301420424,27.24467161046998,680.0004400700515,53.417479805690064,3.115117036747927,WARNING,NORMAL
6.864875964835566,2.199323578791271,496.3580361550184,24.86052953161861,495.5442257781748,49.660413231175774,3.4499598875897317,SAFE,NORMAL
8.079029287901465,0.9113100507854726,569.0702550906364,26.64112868483098,483.5155510557817,45.091593077867934,2.8715403795193795,WARNING,NORMAL
6.573774888446348,0.977654693634398,496.2975243850368,23.725820840832778,639.6877110530158,45.672135717782254,3.6428757434953014,SAFE,NORMAL
7.069189849087049,5.300359738835315,338.9596354273767,29.908717263214232,463.56938921144376,50.823488806205255,2.871110796654238,WARNING,NORMAL
6.892188259208078,1.4269603481067623,406.15470769720116,26.911045784659624,877.9796671338717,49.74787018424423,2.993393281415866,SAFE,NORMAL
8.212884519047613,2.011792746103005,296.3501035900091,29.873573033389384,942.090437760829,42.86688543877999,3.4587103415051446,WARNING,NORMAL
7.337588343558102,3.0881659442313003,472.15750283919067,32.8795826867717,840.94527265697,54.12485122012382,2.704636893676125,SAFE,NORMAL
7.922291177628044,2.3265334886059756,274.483925652117,25.87508502411159,762.8326811385767,59.640501711117665,3.4162568858490063,SAFE,NORMAL
6.16010773887412,0.4405363481470093,485.2651454220176,30.093795786546682,711.0300477559562,48.048770875295105,3.725557174744549,SAFE,NORMAL
7.386935186108482,4.671095780340839,50.0,33.14538058887747,511.383902694235,54.65337234368751,3.28146025140573,SAFE,NORMAL
7.822741556936406,2.4679088341908635,547.1919618140125,26.506129168302124,848.9609861757772,48.72478105937227,3.634354915759652,SAFE,NORMAL
7.257598792492797,3.7383032521508994,317.5596874839372,29.764397000274688,946.7511250334716,69.28202548186627,2.5541765393414115,SAFE,LEAK
7.945836262545746,4.916425083021061,335.5300629604895,25.138872864996713,638.9028000399304,50.11106134257435,3.4240993640220165,SAFE,NORMAL
6.83789808492974,0.3244812454890924,614.6247103794843,31.78884814041551,693.4604308666346,55.61142690797045,2.971916661197916,SAFE,NORMAL
8.186543208129907,4.948545735187232,488.37402486716064,25.000806901570815,554.5882416418425,59.33811357268233,3.3926579706675004,WARNING,NORMAL
8.809228686533475,13.356473528981121,551.5602261595061,29.812253584842974,640.3773140335857,44.873219468900146,3.9908775578651867,CRITICAL,NORMAL
6.946013007692239,4.035239785993586,329.3598112968298,30.980471590346543,473.6412515633754,55.64796606711143,1.707537726196787,SAFE,LEAK
6.88814823501946,7.235773576120183,565.4275078428287,22.28409159915813,647.9337230991468,56.89896297697371,2.889643045133848,WARNING,NORMAL
8.217369133982391,5.822229940172913,433.50434763131847,24.333160433033605,777.8843793092458,53.43891838408061,2.0545614195532735,WARNING,LEAK
8.305700502011499,4.821203136405408,464.11487808898113,24.171277843760187,758.5286966248851,56.10564227894215,2.5844837600379194,WARNING,NORMAL
6.833997980992712,5.9653762474434915,628.8356270003158,31.31973153200345,745.1239440170589,44.81500943047878,2.9623640267443774,WARNING,NORMAL
6.9058692280329,6.669836876242671,310.45256205026385,22.298609455394235,260.5680550306829,67.17834243190374,3.629970223066771,WARNING,LEAK
7.002750773797645,6.851104484266538,559.5643181575514,28.302756923645862,708.6415279269409,30.812557708467526,3.6039092199610754,WARNING,NORMAL
6.258884642276007,0.9750147548538215,496.24922123184575,29.905910861002578,810.3674506522663,43.27033168881168,3.5894455414170525,SAFE,NORMAL
6.556943637461061,6.2191710866820635,424.42915176796066,27.677555932661665,698.4218889448807,39.298311791479065,3.480090297321,WARNING,NORMAL
6.497101463273553,2.439421596372515,318.7037520955553,32.098932030632284,904.373995382396,63.78319430894889,2.529468540748898,SAFE,NORMAL
6.6625417044271105,7.0189275344186415,423.0817842131349,19.301624485472125,682.0559627868952,48.9523041363462,3.601025399372969,WARNING,NORMAL
7.175720578829253,4.292960020114447,351.79770454979166,29.431662194291462,771.4888793164062,42.442647947073915,2.8611093521387816,SAFE,NORMAL
7.3639503127755646,0.9607392148332452,592.422454860585,26.272987305896844,519.5122262349282,45.155248903248086,3.423954239033265,SAFE,NORMAL
8.285350344969855,7.677584074274985,461.01099921066236,20.979488488627773,805.5200814740372,37.80085168062918,2.7409826457100346,WARNING,NORMAL
6.501152171482847,1.5554283703007097,368.7635650726443,22.675608608251242,841.6189817500403,55.01929301131359,3.1097669684259306,SAFE,NORMAL
7.889025678933609,2.3435947376374586,277.4876956666134,33.26040576243437,571.5547734198026,55.824157518497124,3.1661516097617577,SAFE,NORMAL
7.050207809042144,8.901375271218143,394.43444879699376,29.528885473942,442.69725394148765,52.428363510650726,3.3727541224209716,WARNING,NORMAL
7.1653754032432975,3.3480377378020103,598.3482148711847,30.207631668512533,618.8517860061162,44.27251013773759,2.7803296601728964,SAFE,NORMAL
7.672373644516623,2.2615041929062594,463.3718799269174,30.83585777312119,520.3311458668253,62.208834573836924,3.530787089104395,SAFE,NORMAL
6.414094584906391,2.8292330892723934,428.3770572403319,21.572703397787052,807.8008018429077,56.25490642006113,2.543436899076266,SAFE,NORMAL
7.467686822328836,2.222347605556483,653.8425784540309,27.982913567278786,612.0008377552986,36.04281546572044,4.050263593628244,SAFE,NORMAL
7.316516545749139,5.29334512858121,400.2544662854656,31.393674575484088,829.3135257568573,48.44956116969177,2.824190184865737,WARNING,NORMAL
7.544715884805704,2.2785739637683196,353.0016553682971,25.389589811908138,418.5156660933507,40.74531335155143,2.2212309074917944,SAFE,NORMAL
7.402418050735473,2.9049626276140295,498.4907537060297,32.44978569550064,550.9090837918242,61.77525746203877,3.163951078504878,SAFE,NORMAL
8.918710097937627,4.5564234469079965,500.3478379185964,24.549573838936865,562.5112177353515,46.41275051225037,2.9940642846610412,WARNING,NORMAL
6.753582011024079,4.201052916132745,379.5853431034706,27.49904476535508,749.613934219072,38.966015330290716,2.7409837735155795,SAFE,NORMAL
6.828302131498728,1.6720784117995828,354.28015571430683,28.590136114788226,326.2539345429365,48.83057416509079,3.872861876266986,SAFE,NORMAL
6.763801631502665,5.338438433373316,623.6484362081657,30.018393695727973,650.5556546648806,62.71851311407107,3.577443171116001,WARNING,NORMAL
6.811166016587822,1.9525111697561355,398.0416909424165,25.849054157065638,634.4006194410053,56.91581789996249,3.431032005650415,SAFE,NORMAL
6.753829010885438,1.1950761117253532,275.7751659752197,31.048448474865655,765.0813163401136,45.829366660345194,2.7223031871710415,SAFE,NORMAL
8.032311571775287,0.4934296887340125,473.14436117977584,28.712057903063595,709.0733642581744,48.60785635476158,2.935000966510328,WARNING,NORMAL
8.194352973592899,2.606159406733135,557.3509779083076,20.44482553168067,528.188947266796,57.95964496779181,2.8944768876853137,WARNING,NORMAL
6.800477594375367,0.6230276568003387,427.12697570889355,34.34629053611562,293.4250975912294,61.157225495958315,2.28655745096299,SAFE,NORMAL
6.61735109882704,1.4725058659986505,514.4552650484765,23.16853841828528,561.2807580487937,37.594080982321756,3.335705940142357,SAFE,NORMAL
7.529990889470483,2.9624585746739354,324.31969267961057,34.67600222121073,471.97827164070213,51.22878667696937,3.3722514518881304,SAFE,NORMAL
6.81344386900332,6.5711435136090826,525.3911361464893,26.369258235231154,482.47883914037754,47.16105927817276,3.2610716914624756,WARNING,NORMAL
7.643052272428858,2.394241267193127,335.37414354044705,25.62436603127606,567.7330084996444,46.0994184140477,3.3137463838760506,SAFE,NORMAL
7.34204611459591,0.7782820957196146,486.6207819754734,28.59695270500596,847.1762306941104,60.73621808629448,2.633601318542113,SAFE,NORMAL
6.138979119501938,2.7556588167046874,542.1203386517241,24.20554698475454,471.5441597071966,39.16015597847705,2.75277151598764,SAFE,NORMAL
8.283253640931044,6.397374857350702,461.84447620984054,19.456338908038074,366.1015273339195,56.44016635806291,3.0417887032083666,WARNING,NORMAL
8.457114371166865,2.34976708917629,301.7462601452576,26.562765213676915,595.6917471242554,31.74326602576155,3.8922032508185094,WARNING,NORMAL
6.77104791666093,7.341199257034849,306.95060825090195,28.500211241380402,649.8867421082009,44.19894207583105,3.78127745390113,WARNING,NORMAL
6.928608908044811,2.9494955999489547,641.1745267812039,33.15107981554845,637.8570113682119,50.27000922766432,3.4584953948073784,SAFE,NORMAL
7.400105773507434,4.961830000438234,357.82303278081736,22.234558596334796,581.2762315740262,39.510385605505576,4.207437623373428,SAFE,NORMAL
7.4341197529909175,3.5366442660503394,541.8148768732447,29.32089299860956,655.9574953356451,67.6303266941677,3.4548831923503958,SAFE,LEAK
7.660980990870981,7.102311097070907,464.2051062398864,26.584399470519404,738.7913229365762,44.2618362061739,3.517977433410234,WARNING,NORMAL
8.607143177136445,11.243609919465838,329.5150966775727,27.13216695652581,543.0366033989062,43.61850353375442,3.9398909831432007,CRITICAL,NORMAL
7.076136940754165,2.035419882683221,386.06909526465364,30.888179548410157,880.3889715025598,44.451430035278555,3.547833231691959,SAFE,NORMAL
6.6411919288230825,3.384244436425825,653.9799616516542,24.95430864538535,667.0496089781526,54.66919872946966,4.0243031398018605,SAFE,NORMAL
6.2344765403898315,6.5679023369864895,868.7577131291844,27.670103900648993,876.2948343256504,57.25912882509917,3.214257100100023,WARNING,NORMAL
6.688348972040657,3.6291053656982015,411.92252005368033,31.35975115280722,747.4364679861736,46.4942685410091,2.879836121248096,SAFE,NORMAL
7.176811118988343,0.46463945300207526,403.6346111475363,31.11840154475951,473.1535517715368,52.53320125341244,3.1523049576571163,SAFE,NORMAL
8.456190504462452,2.3794683229477775,253.40449029571286,22.11885926344153,348.1073809788219,53.155886868451645,3.318861200460178,WARNING,NORMAL
6.83767209067468,3.6062045484749596,252.01015295666957,24.54824798906206,891.6979465657346,38.4697182102174,2.7476153728820836,SAFE,NORMAL
7.356651566147229,8.438592756265761,347.12977194588717,26.42509455276783,535.761051265192,49.04722996141016,2.8438176787194327,WARNING,NORMAL
7.188503972749074,3.2470903344452697,396.5995820954718,30.255754298095297,682.5122431661393,44.95555787044275,2.988552410330212,SAFE,NORMAL
8.031875291413659,1.3844971028046325,446.9469821425341,25.995188748562565,591.5087172195324,37.547094765003,2.6508249103828376,WARNING,NORMAL
8.968852698111535,3.6700021568649395,532.8160532066927,27.330951689019514,941.6333346362665,51.70591402336247,2.905947425998159,WARNING,NORMAL
6.828391858955776,7.87559216483144,476.50514713038314,32.00123675559006,686.5585521812719,58.118647019261914,3.567454970150345,WARNING,NORMAL
6.857392390237245,1.773863917453025,534.805016424277,25.64536324884253,451.54928925177046,50.35098567213036,3.597014187982808,SAFE,NORMAL
7.930912613948351,1.9740843345027532,376.326136871971,32.89263502925785,652.513249060783,29.426579402604382,2.4987069884174145,SAFE,NORMAL
7.677324042738418,1.797618589898204,441.50490897783357,20.57826533465666,902.4397820428128,46.344575257091456,3.354515852145101,SAFE,NORMAL
8.492695128015225,0.8904533152398363,406.30801078083556,25.428994248185912,543.3906184883839,42.85135508949423,3.165352806185557,WARNING,NORMAL
7.608749729728175,3.137884435903961,297.9935157442111,21.539421990616187,418.8949887760909,64.23794416867806,3.7255362142220196,SAFE,NORMAL
6.948495536449059,2.8635001255312695,213.11856539448215,27.466794252903213,831.4338139338042,47.286826912552904,3.0653906144666174,SAFE,NORMAL
7.613458381484617,0.5286331049578218,369.70286991992,30.003966487112024,523.7907892113657,37.08924614312598,2.580232242247732,SAFE,NORMAL
7.976092506408036,1.4843465671005573,152.28305192380782,26.35513357763026,394.0032175587732,49.63348605671523,2.956693175558765,SAFE,NORMAL
7.7743375268381545,3.457911966476247,314.0547758583107,25.102278365400966,529.856925049186,55.083965293389404,2.6013434302159815,SAFE,NORMAL
7.555091821775108,4.87945537420947,515.4203353466693,21.561521810913334,739.9994404117214,50.791410688297894,2.0724947759571486,SAFE,LEAK
7.946672282712408,5.838547520750459,471.619457587978,33.72533964462636,769.6315275160243,43.57877422348871,3.1733434746204083,WARNING,NORMAL
8.01850691331197,5.160220052019746,452.56848544809696,26.910352544824498,761.9077795725365,46.33073595178786,3.4596008009325905,WARNING,NORMAL
8.16751129372627,2.9960184295657104,591.6631549478066,25.19142792963767,505.86930593533594,56.12437858687062,3.2935240977743576,WARNING,NORMAL
7.65409692131275,0.7448811623793204,362.5831180938298,33.25012965419124,852.4336648118531,50.809210133389726,2.5575280084870693,SAFE,NORMAL
7.083017343778202,2.506392605524956,531.8344657571786,25.591818578513266,823.051555189096,66.20084086278206,2.5237247868469512,SAFE,LEAK
7.302699580503326,0.17239202966590897,353.146399012551,23.35855069026731,777.8708169207201,50.78450733178748,3.309002351091548,SAFE,NORMAL
8.04455627655585,3.4703197084325845,483.29439091871046,24.158877778893565,501.163716972101,37.775920548188154,4.049125158175316,WARNING,NORMAL
6.628145030308935,1.721569559117102,468.4258265112206,23.571040177665733,582.8055509567813,48.40249294837943,3.84745521550108,SAFE,NORMAL
7.458071316211031,0.31309735448930975,474.9023565259346,22.735887333141957,750.6834489038678,45.493511001411306,3.0531801347117593,SAFE,NORMAL
6.924662831370847,3.954421660321823,403.59545504694677,24.226253828911965,798.3028134470634,37.58091113209356,3.3057747502010746,SAFE,NORMAL
7.220121376054372,7.812304902052165,488.31862632875243,36.659802534849504,511.78518390304293,51.04417966082913,3.6565988740679614,WARNING,NORMAL
8.094916303825109,0.632275227709493,497.7007134109173,22.40070813877011,1009.1553555649352,46.65516424342246,3.1280605179556082,WARNING,NORMAL
7.3337693476139325,4.192829023618061,278.3216983534513,21.031392170746752,669.4773072854088,51.1954869206647,2.528070449291336,SAFE,NORMAL
7.232505583709305,2.175568315559971,551.8195282680073,28.112117870315743,865.0940994043623,64.64083232415682,1.7900999767339407,SAFE,LEAK
6.248100701314057,1.554183789644903,301.6900349716076,26.69613448374144,470.82674576058787,48.96558092010361,3.2908977198959386,SAFE,NORMAL
7.722377496219055,1.5572651105705209,344.71787954288743,29.640163826283313,731.5711732909191,58.196290172861616,3.100625003354406,SAFE,NORMAL
7.651838926798753,2.175138274221296,479.0363001666485,24.78366271910422,466.6738717462774,48.46715629541998,2.3470421548736975,SAFE,NORMAL
8.714278306313822,2.168573754872058,521.7496208878725,23.52594645078245,721.8008548055184,53.32359219795142,2.4864892125897544,WARNING,NORMAL
6.984555235532899,2.9046565583608333,476.40372048832717,33.694879069930586,777.8369105504058,50.958258854103406,3.068712403159732,SAFE,NORMAL
7.353405229364758,1.4216223163616963,489.0672488531188,20.553241661778117,787.8234561744175,52.139416236779795,2.9267801518290804,SAFE,NORMAL
7.374568578597529,1.6977644495391975,313.59748602646147,28.442395597051902,561.8090115136246,48.947437263307826,3.9161020735487617,SAFE,NORMAL
8.304217295834432,4.476986597027902,387.15903743333814,29.76121171236774,367.17276661286115,61.60289622791247,3.9094437129488675,WARNING,NORMAL
7.133293127329134,1.3074532527458798,203.95534603671476,30.28680849005928,752.6498692692013,55.055294029042024,2.7750585179697915,SAFE,NORMAL
7.395315068039237,3.638389682879584,339.7457629346678,25.786474927450985,622.8560339447092,50.92531964706187,3.9522547847147997,SAFE,NORMAL
7.625527556801577,2.2685951416359735,289.0057229105523,22.007112440838327,622.762235277655,57.26851605490714,4.008494701102659,SAFE,NORMAL
7.330626386209451,1.9032404038075275,451.5985223427918,32.99805611757111,528.617726413355,51.02849276494111,3.3464695685250896,SAFE,NORMAL
6.88749646981463,9.511771203710026,732.7354755212882,25.217822986531818,684.9299616656521,58.933517131017,2.734541234276887,WARNING,NORMAL
7.3358629950288154,0.9114929476262209,541.214497086653,33.11999192432506,693.7644059347801,40.562134121252214,3.259558587790541,SAFE,NORMAL
7.951542224901841,8.172765933058583,180.61676800928956,28.472295786284313,884.5030300669049,67.05285679399971,2.1373840018627153,WARNING,LEAK
6.481439290412258,5.38244005817527,267.8835114256308,25.064303952909686,331.6204848463207,51.37846064578982,2.906092216625135,WARNING,NORMAL
7.293078771902813,1.7608337840596522,294.14054182814226,28.573772189133592,456.49887283377655,40.87020951634026,3.333221958324776,SAFE,NORMAL
6.709915429542579,5.489821894903078,239.38009440120237,31.603207828231678,777.3862924059634,55.99237723586899,3.392753188485388,WARNING,NORMAL
8.03653264024739,0.1,416.102674706013,27.328353001962174,298.31222888846486,60.34901037270284,2.977625077371532,WARNING,NORMAL
6.133769166651358,1.618652870538723,477.45066962606177,24.049670229770197,564.4891511822497,41.800904340005495,3.2350725725514256,SAFE,NORMAL
6.808754706909888,1.324260963045395,294.84223773177746,19.8497880234227,1122.0256276097862,46.22557903907015,2.6904612146733973,WARNING,NORMAL
7.464048312545165,3.988647907181987,423.23470640418384,25.302972508410885,644.6090441326457,58.119556114938554,3.903830388219445,SAFE,NORMAL
8.295866820464038,4.946988061291583,476.4255822173763,30.230562323541964,820.4939615399335,54.51646479101339,3.9239454540450387,WARNING,NORMAL
7.153974817248908,3.9418154949739432,533.8770982013721,22.958664599054245,391.8868967795451,46.47921826269943,3.5552427634236765,SAFE,NORMAL
6.811360331314761,3.29818115590985,468.73264229786463,29.724648258384654,820.6167560840428,48.0065821608297,3.066150956606844,SAFE,NORMAL
8.516809948608413,5.743272236359969,489.6481333206942,27.11279630288094,626.6910748848236,39.996372141539574,2.7882065329479473,WARNING,NORMAL
6.18639026970863,5.191834298752765,445.5107222191365,29.981981350307297,746.6795748424393,42.09745132841958,3.622904076224334,WARNING,NORMAL
5.660835830365943,1.7241117463930535,328.2962315783943,17.64307239837251,794.8249974271591,36.61684399983065,3.2922890510253,WARNING,NORMAL
7.508010115037333,1.8951842831262882,354.5384767566161,21.318659468938108,601.995422813214,47.213077353788044,2.69904315607489,SAFE,NORMAL
6.848562042953173,4.987689236386081,291.264389731297,25.149606668641624,782.2128988243356,55.420868817364976,3.7292240263308214,SAFE,NORMAL
6.485137028008501,2.8827718664219333,629.8430780793922,34.46509230507267,492.8747447565062,47.86829151795054,2.976247958926215,SAFE,NORMAL
7.695849513109548,3.0376268427749307,273.69113031115535,23.982927354834146,704.2936664794007,58.93249899448465,2.768129914639145,SAFE,NORMAL
7.37066049963984,3.3454877556722478,564.2505324981929,26.49286677344532,788.2050855971684,44.8327853137995,3.6733282712247277,SAFE,NORMAL
6.8051449584842905,0.49032336319938596,274.86061247683836,35.6029227539842,597.5008740183404,38.0719810484756,2.8057034460076125,SAFE,NORMAL
6.303786920930374,1.6572116708899467,542.0926952401427,28.714548411045037,521.3051258222183,59.23875280816126,3.2628581584176968,SAFE,NORMAL
7.810720129796102,4.239280409837467,566.6553758280112,30.43852037745175,612.4830779612438,52.93778499871153,3.8415608579396063,SAFE,NORMAL
7.655140824571063,1.645097744834565,588.2382679016947,24.430701130002287,890.8334199383781,59.819438431685896,3.7914018756852292,SAFE,NORMAL
7.130576895354432,2.480623216922548,325.02402660700426,31.715946962538535,863.2309783065912,47.30695490040878,3.3708168176954425,SAFE,NORMAL
8.492645897233366,4.219663446794449,469.71345172011416,32.325579742060235,831.5448693888707,62.7238003117516,2.613682376660184,WARNING,NORMAL
6.450940663571694,5.9646185395542375,377.9227995548802,29.006392990890262,971.4096418846766,41.386509618720744,2.9512980551601493,WARNING,NORMAL
6.132132380352683,6.456263720182192,343.6065374969461,26.65609223350231,701.1335486418924,47.70194749398038,4.408072790055635,WARNING,NORMAL
6.715664351083129,6.706323568469848,455.26261172396903,29.23770901826233,731.6608753525564,53.26133948195476,3.673864488582158,WARNING,NORMAL
7.168089788551152,2.6715192836598467,547.6671376246795,20.497256581605402,341.2662197410189,46.24654507834975,3.084449256992674,SAFE,NORMAL
7.3703376145258845,2.457027699439725,378.5820266080262,31.35453560396622,536.1966413707993,51.82035056665356,2.570266797473271,SAFE,NORMAL
7.031134759500569,1.0276937773492418,489.50052267180007,23.60351318719769,792.0650738875063,59.981686106452656,2.2500070803424292,SAFE,NORMAL
7.446438777560008,7.842341445125375,341.07000593326717,25.885607225945726,856.2798859359049,53.013555430273996,3.8075809802663128,WARNING,NORMAL
6.323922403066689,2.374398812485143,324.81079089907394,32.2702194822635,467.3038444281433,48.57316261608503,3.817527284772039,SAFE,NORMAL
8.210635222851282,7.719755812835941,411.0716496062262,31.39024900170668,683.24392982763,59.81041076483474,3.180917852935358,WARNING,NORMAL
7.1424941751252025,3.71155331613785,418.26314590837075,20.515489128615005,1088.694586835676,54.099626773506365,2.9945027975905867,WARNING,NORMAL
7.982107082111689,6.155253195613531,530.1337872715424,23.21068591074506,684.2110288374872,49.93609609908708,3.7671235298184813,WARNING,NORMAL
7.439907742464393,2.8155326840247907,299.8170294941587,29.56045340316725,960.0703922368081,49.36107278518393,2.460588374138388,SAFE,NORMAL
7.519727253407649,4.523785455966908,709.0361899002087,20.042370137015542,762.5119060188533,47.05870535668657,4.199125886610081,WARNING,NORMAL
7.598837096162542,6.298865525542489,234.92805530593685,32.67738492891005,801.0463541387787,56.74471598570263,3.568905112718485,WARNING,NORMAL
7.5133959920121205,1.9831680264585583,477.3680241183829,27.471700307213272,536.2936694861253,57.04507479619864,2.5735185483601137,SAFE,NORMAL
7.649905931907281,6.730497129286407,415.7909108513101,32.65167029516741,410.3886887212382,60.1225416608506,3.5929879940631757,WARNING,NORMAL
8.130406771092701,1.1681276898430137,372.1990579027206,24.020452565007602,830.0334412128884,53.44186370390781,2.8582837545646633,WARNING,NORMAL
7.337564818791029,9.348054575570652,428.98418932327877,24.375313409629854,755.2788237565094,45.645688189625886,2.5321098647138442,WARNING,NORMAL
7.696302630311958,3.355472676580773,530.6601098702819,31.136611990887488,710.9022952684073,52.64603472005267,3.5912711477626256,SAFE,NORMAL
7.137185013998941,1.6802454055725689,549.3017057677451,25.81450929720957,461.1209459829129,45.5015175395307,2.6477037857353762,SAFE,NORMAL
8.208082050814632,5.309170076733607,423.8923576492955,22.036314060731392,635.7826709172697,51.29663079668508,2.531815849420835,WARNING,NORMAL
6.726525388558511,3.839299018527084,489.81456380515317,29.245887911487028,588.9992359476335,61.27843977891972,3.4423493136370653,SAFE,NORMAL
8.46065830303757,0.5221321179839012,290.3649172422316,20.630508884553578,606.6248991468636,59.45002995811042,3.148203555810688,WARNING,NORMAL
7.17188943454896,2.1761162494268382,427.88766323446714,32.76853705083518,741.1258645165362,57.24259847008615,3.7057596819874274,SAFE,NORMAL
6.198457428517367,1.2228899228447927,497.32486144709367,27.73683377060457,827.12126149159,49.818802958340555,3.0498958206528113,SAFE,NORMAL
7.289673090437553,1.326787086434026,176.03875530901564,23.441374065815435,751.4936504132398,57.16749915632921,3.0049680890671566,SAFE,NORMAL
6.723263839767584,1.2835219488528429,459.70982706325447,31.580752227926258,735.0030188590774,44.87404017126856,2.181655723838909,SAFE,LEAK
7.788450484292107,4.372549159865882,429.81536512414624,31.65114156727548,720.4333576484527,38.30580224948295,3.4511610449484325,SAFE,NORMAL
6.743163214488327,5.594726866325528,602.3776720571695,27.01492963716549,668.5408365786536,52.1751074163588,3.191094273732319,WARNING,NORMAL
6.887671596749654,1.5483384102558142,470.0539919069971,36.10163489477156,550.4801213092203,46.99694835119614,3.7941364632477836,SAFE,NORMAL
5.877321488338128,0.3720587597666426,507.5794045823387,36.0093791839257,708.4322930311082,64.27345572251,3.5799581491591783,WARNING,NORMAL
6.883385576525646,10.807622489659057,417.4186580275338,28.29339462521339,834.5096950969973,63.05889235227514,3.3660467858781367,CRITICAL,NORMAL
5.503284471359731,3.382579737216674,525.8458172545268,31.261624407176363,679.2465599925041,44.48826149754851,2.8346299598843454,WARNING,NORMAL
6.091268023559994,5.336532302952932,517.4746701480493,32.23522089780066,534.3345892390031,55.55741472888694,2.9923293314002453,WARNING,NORMAL
7.732290259301008,2.5683026631807806,293.2070368016239,22.46030619130505,484.78400242273165,34.20352733660796,3.474631841111518,SAFE,NORMAL
7.750060111055583,0.2762782768424698,487.31716140170676,28.146865058224076,528.3191716142408,52.714686344206505,3.1741906523482952,SAFE,NORMAL
7.497820293249475,4.0674584440660455,591.8688467830139,24.272656489774178,494.1279628906382,52.51085796619296,3.909092733226223,SAFE,NORMAL
6.523116699809551,8.702433702091968,568.0550102343848,23.708393771902685,1220.418132971017,42.05596428002946,3.8573056847883516,WARNING,NORMAL
7.1666020507006145,1.7625238624845319,453.28469744318505,27.486427258277857,542.008807208474,51.320816870522414,3.074804557960704,SAFE,NORMAL
7.197478222636602,0.23425406306477817,488.60272440963587,27.78696504181041,693.0824990629138,42.57350090098059,3.2466522673948814,SAFE,NORMAL
6.3891447175652205,1.021862584055664,559.7889844268122,20.5519615856336,684.3814343199678,56.81524687869165,2.8027993956800605,SAFE,NORMAL
8.252378811237005,5.517349339904292,313.33740392315997,28.374861097014865,954.3966700126272,51.489902075646974,3.1488955933496894,WARNING,NORMAL
7.81415360340297,3.8177493938436364,506.9259646778031,25.996208822634593,777.287333573126,61.94204282905619,3.674942269766227,SAFE,NORMAL
7.045325078319236,6.749485801186964,213.4906693608377,32.59167565836706,776.4090118984577,37.75304053760145,2.9280575532969184,WARNING,NORMAL
7.218820087296172,3.0204688722587987,553.4827397364019,31.650842374423867,731.3894197958383,43.05538164290939,3.016531247562701,SAFE,NORMAL
7.345867965563287,4.888160752903346,403.8292796147146,23.575966056215236,749.516785539959,46.11996200350265,2.6157173979419617,SAFE,NORMAL
5.770785592102997,2.123808722105767,439.6251095312395,32.25091348455419,758.0059281108508,53.923995928032134,2.918300459220615,WARNING,NORMAL
7.026975832235582,1.1023899549921432,383.3558091812544,29.143821369773903,587.0666251017956,52.167617484470526,3.5067989108985174,SAFE,NORMAL
6.722611026401541,4.89774379448238,445.0742577957752,26.126876055407205,534.8752872843687,53.40126080724323,3.079641749549056,SAFE,NORMAL
6.49886599307356,5.580040452833452,480.64600384623986,24.951284057974686,710.5555695715072,44.80682036285487,2.6242449931315424,WARNING,NORMAL
7.0032297949798314,1.7985477598835071,540.517676254387,22.409414404538257,603.3538645144483,34.77633733541052,3.306050518346157,SAFE,NORMAL
8.458380568794666,8.186306269601626,605.9400920407904,22.128008637774595,733.1859994856393,43.92056154839656,3.17432171296022,WARNING,NORMAL
7.648590002886907,8.338142525156005,455.8258253617243,19.691484241703467,505.73221412094875,61.26556484490474,3.760334202038861,WARNING,NORMAL
6.800174707152042,1.29101137675155,250.60917139899888,27.083526918085862,434.7235585925843,45.036886972943094,3.1320847404560257,SAFE,NORMAL
7.6008079469493115,1.3475135925799637,606.6775641739431,18.759780198773875,469.7217574212497,51.417557894500945,2.7024817402053247,SAFE,NORMAL
8.179548805610201,1.4068650589845626,273.3624867564685,23.53393635596445,686.7019147630111,50.487520799969765,3.681661460096934,WARNING,NORMAL
7.847243578038938,2.7154665373782283,399.3291933934318,29.62739809731861,409.1976370136424,51.46931274502512,2.7152341212275,SAFE,NORMAL
7.241741258944122,2.209029621508041,391.157208417038,32.97305928755007,1050.9387554232524,39.317621640728824,2.549294691381289,WARNING,NORMAL
6.7471442556060985,0.8746894200712625,451.3869507325703,22.406341301453885,1051.4017995631589,56.54418514392458,2.6800069213918567,WARNING,NORMAL
7.688756319529513,1.4444695574759254,298.38184739266717,29.43843090860555,859.388788130572,49.20514965338132,2.894617667601206,SAFE,NORMAL
7.475439769795225,0.2844631286301918,292.55413475115415,25.761260334894864,633.5063579786075,68.4822623563707,2.2548177511111307,SAFE,LEAK
7.826635254019413,0.35894250313954706,447.4174806500812,24.935175474574145,612.951735050766,47.016434832721,2.336680017795115,SAFE,NORMAL
7.644620261177379,0.7066094547718871,354.26513348149325,27.6186682802978,753.3764497525781,57.81697846797203,3.5904118691106506,SAFE,NORMAL
7.934686900723535,10.418203934844493,611.5312262931928,24.380614588180904,807.3916929487201,46.89678469189474,3.1144255557405023,CRITICAL,NORMAL
6.8253353519076025,9.597995973639646,383.89439481540046,26.66329860477386,753.326410724345,65.3537311689362,3.1174356597813104,WARNING,LEAK
8.122175845944028,5.0997530002556255,326.6013861551798,27.283744152311144,464.11478905975423,55.84571446479716,3.171826646454061,WARNING,NORMAL
7.3383197232846795,1.8147590158521927,650.6203030493267,31.642324707618684,665.8164327271571,39.717719110057004,3.482077183937935,SAFE,NORMAL
8.652682610837687,0.6939274285151796,506.3923479695274,32.509983617875314,795.9878358962648,61.25646318037693,2.7904885737479916,WARNING,NORMAL
6.717568527337303,2.971511641442242,776.0343641206609,24.6058153924334,274.92308980109243,56.201970038318755,3.480192930642538,WARNING,NORMAL
8.415174662215675,4.149706783389568,219.32229750326005,25.920239089515874,501.04399938795336,46.26236002984306,3.2563559392956254,WARNING,NORMAL
7.3385375484238535,1.5717698337400519,474.9319054790284,30.21684412667858,794.6565124401635,37.09464234016575,2.721155310340554,SAFE,NORMAL
6.744007397469886,3.9892664319831392,508.27350961794235,26.276145904356383,643.8148507407836,59.583833352240276,3.5045026429750457,SAFE,NORMAL
6.861279916161975,1.0122960857901482,453.3387462753317,29.857319609942554,643.9977800836174,63.82105939294422,3.2286356684458553,SAFE,NORMAL
6.975756884263976,1.8471372810372046,406.5599353211395,30.608798823216294,899.5194916148566,58.9529956621062,2.6767233164208917,SAFE,NORMAL
7.496916162481342,2.4394964601519784,599.4741974661857,31.076739415446585,690.3140435790408,56.95721116582051,2.714662998971741,SAFE,NORMAL
7.56598484162485,9.786801429385935,505.9677299097135,27.351107006084796,614.7782338190509,54.46096802802252,3.4398831745262175,WARNING,NORMAL
6.798409997242995,1.4253139589591741,247.29108924207597,22.346084284691603,644.4567597904437,58.472517976286696,3.7072373548415767,SAFE,NORMAL
7.182951785417313,4.134752005404646,345.67580997224854,26.328335761328926,650.3837943533119,47.904275567476965,3.341310795187666,SAFE,NORMAL
8.699589251028305,1.232781184014595,310.31941079959756,24.97086334133465,549.7827768332927,35.48282087587701,3.6446860441302067,WARNING,NORMAL
8.409280219070498,1.0769544085547755,435.46103409711475,30.108555791947754,659.9444824812784,56.072697330140585,3.816335100890733,WARNING,NORMAL
7.5054265687718225,1.5655309207369583,563.863829453621,33.10188168677298,494.81760153243647,53.14071664005991,3.0874069890372438,SAFE,NORMAL
7.226602434717741,3.052211701767837,404.4904910674489,33.21453491452826,640.0018424873945,38.77122160335514,3.282281464682791,SAFE,NORMAL
7.284021928702783,8.907137166316614,419.6254108457025,30.54210081720389,607.1039258688944,32.45729371696365,3.5346506511513054,WARNING,NORMAL
7.629462580911292,1.7806003477682295,332.5173444509044,23.2608731732512,741.6436545789737,50.65097317803351,2.6263665786846984,SAFE,NORMAL
6.4840452043611165,5.609805439330981,541.3610828152215,32.61261939613787,972.6143640612971,48.756757474857935,3.717121646614761,WARNING,NORMAL
7.019836423803659,10.108633468393956,597.9177005258213,28.706091593289724,746.722087105293,48.07998078028965,3.881667009387032,CRITICAL,NORMAL
6.031991148285687,3.6370615407639857,446.10688057276957,23.70088789450402,718.5666720798567,54.636514355713715,2.8309220620754454,SAFE,NORMAL
7.479456185823696,6.330994190784391,639.602251478864,30.447710214386944,742.090444514025,44.038850805533244,4.634864312703153,WARNING,NORMAL
7.6530371577919185,1.489779974181566,384.7102426778903,26.11580526932729,544.6932557429293,55.49804971702465,3.597273143106982,SAFE,NORMAL
6.861769476390438,4.054516260285073,282.3620886786731,19.201862595450578,826.3521400767659,55.55625007857983,3.1236905772525962,SAFE,NORMAL
8.301790734303022,4.831036860210484,546.5242235925524,23.078849797048527,773.1522955665913,28.715231131887954,2.1613785329312094,WARNING,LEAK
6.3419640358983616,0.8320412150348706,438.4954432484964,26.738705910882352,691.9022349656461,49.45070229006453,3.154116951927588,SAFE,NORMAL
6.174937583853126,1.3585876478765226,380.25129635686267,26.5809618041762,763.8960766648751,51.60099852534985,3.4109835615682043,SAFE,NORMAL
7.357116272991981,2.35383558097171,459.20054467376616,22.740185729871953,758.9762870115369,55.98465520627996,3.353809419823747,SAFE,NORMAL
7.932968811828508,1.6048777784119832,259.87398879999887,30.004290878165826,759.3031146081373,54.391876163459386,2.544676322770057,SAFE,NORMAL
8.378749384020509,2.5818575934058625,240.2319033703457,29.07906624795691,878.9679044411188,35.99256631224567,2.869304464182959,WARNING,NORMAL
6.878781015991742,0.7109461424835832,461.1076264346734,21.256949520424097,563.5376195732734,50.76530450154624,3.540090537474258,SAFE,NORMAL
7.955076583401907,9.455805126398538,502.1234987807479,37.533559862913236,936.0182911764548,47.92427168831833,3.496320241109412,WARNING,NORMAL
7.173044071349505,6.015394788837679,617.2630167563218,22.141648066446393,411.5215112769225,58.598857725842244,3.6711029527237944,WARNING,NORMAL
7.079160890041426,20.0,556.3966465336487,25.16901521204411,819.1401286330674,40.41098299268566,3.259370650374231,CRITICAL,NORMAL
7.8185619562406705,0.9377925359201349,526.2437353405686,28.50161639190447,730.1968573248118,49.979423978809656,3.184140192480548,SAFE,NORMAL
7.656626014889394,4.17141095412554,602.4520026797728,25.18179259434528,526.6761277422457,56.97061514709428,3.4557578376769262,SAFE,NORMAL
6.096525490111025,1.618310238962521,508.78741276915724,32.81710572574187,885.2385494379482,56.083284015140855,3.24720640879745,SAFE,NORMAL
8.233578244808127,1.0708190352136662,408.69580828019946,26.298842835489385,373.56742866946183,48.764857807825464,2.434977575103949,WARNING,NORMAL
8.166063947903217,5.781878506850063,559.486388837073,23.31312625580312,992.5400941518367,59.43810705438854,3.9602195699256817,WARNING,NORMAL
6.76210610894333,3.1296390598772836,555.07259169863,29.458080182700982,1106.2265924545368,44.15132716393974,3.6608702889510556,WARNING,NORMAL
7.477062473406186,2.2250415480307906,449.06208994913055,15.402359197360447,670.6239716343455,55.857303135243214,3.4115310887055137,SAFE,NORMAL
7.5458211303979175,3.719081898372842,306.0232591141332,29.1352760450512,515.0106959109822,57.18570541595152,2.515921844476178,SAFE,NORMAL
7.382471636076735,1.4129984143265135,235.79166490242412,32.159699403734535,596.0073158378433,39.05465655447226,3.618846540143239,SAFE,NORMAL
6.814786392308206,1.3698984936952505,551.0877241328942,17.773311145052922,875.5206138017272,60.42308936118045,2.9806578455876385,SAFE,NORMAL
6.729863642443364,1.670719262474926,507.44092411038275,25.383989357626987,641.9725271874925,36.811520931512405,3.6150683717488077,SAFE,NORMAL
7.182112150305988,6.5968181033511275,524.2918597214285,20.415287825131344,171.61165214211508,52.98987819628584,3.473204373520595,WARNING,NORMAL
8.020910313481556,6.232086120216588,555.5686409063862,27.05251447271081,769.0169263555864,46.24948142091804,3.0300688557017046,WARNING,NORMAL
7.580520108216103,0.8940574218858529,342.1172263530286,35.97408149198607,860.8909859734125,58.09879837803658,3.725981810757841,SAFE,NORMAL
6.940569967539726,9.185425672326549,224.79658698468774,27.917091816507007,792.576145285284,52.63831765755667,2.6040639765055626,WARNING,NORMAL
7.740189097453841,2.9273520267853077,511.90263936303955,26.125613814729853,821.198009595542,64.32720704893123,3.22810577415237,SAFE,NORMAL
5.2060201655589475,4.121027724509904,593.7290323952604,15.702506844681436,988.8141303199245,59.093984305961456,4.029342850365167,CRITICAL,NORMAL
8.004135990260473,1.622980786167402,492.223131533589,22.575510265625987,661.9371009959495,51.0547865378166,3.443330231656813,WARNING,NORMAL
5.982200354855331,3.0492825436982702,271.63760377121116,26.46792433690257,1009.2986062263827,59.64007568249891,3.656734882108263,WARNING,NORMAL
6.946291341017807,1.064502917884803,478.88277867526534,27.37263304938903,672.2130327630383,49.17446771257819,3.239663855471438,SAFE,NORMAL
6.4162310737617,1.5244920742113843,315.03041629627455,28.372461118824376,902.7972813469772,41.286252012482436,3.1892863627594568,SAFE,NORMAL
6.293722966995366,5.45138052790306,264.91005553335975,30.072378784732482,674.3661351713145,46.3407079217982,2.5897154097934587,WARNING,NORMAL
8.012578751164964,5.5411412147093815,449.07986375423184,23.37732665736393,1066.8950486367426,49.08182671304928,3.1220607154539097,WARNING,NORMAL
6.8726091590816765,4.261156915498272,469.49982122989064,27.160359448440886,816.6251659000434,25.13744101337622,3.536870325992111,SAFE,NORMAL
7.442552717211501,2.108274981983216,438.16534747990113,25.0147700911507,682.6890115646262,61.06931613768245,2.6530011131490925,SAFE,NORMAL
7.167155594784571,0.8784832205097232,502.57638865697487,23.246625440269934,484.0751112232333,49.22393896283325,2.7185172795800385,SAFE,NORMAL
7.533928579056186,7.148327252727888,355.1280934642477,23.512563118607705,737.1183808279809,57.71232348335188,3.4096398598125144,WARNING,NORMAL
7.253775323742179,5.830590317877894,460.28173339687254,29.163473780847664,552.5300995156034,51.284161492908005,3.613354499184073,WARNING,NORMAL
6.3019054430680015,0.4348453769634892,391.7578427057315,16.743092307340703,779.3799900469282,37.66962997370309,4.207541683119663,SAFE,NORMAL
7.897386773612999,5.6084145453263226,419.7972611077136,19.579719669107774,818.6142171427672,50.635386795436915,3.0629073331258043,WARNING,NORMAL
6.854370391787081,2.2239362632653616,482.20950958234874,39.66876057605333,887.2649631108773,49.04120253372645,3.0764623818787418,SAFE,NORMAL
6.110392670938174,4.946577175017687,577.1565864773224,24.34197545292188,796.787197092235,44.514407623962114,3.61579352357578,SAFE,NORMAL
6.9003193873238615,0.7210385207755675,485.0755215136799,32.87545736238482,714.410433251993,46.87761017614513,3.485293796859543,SAFE,NORMAL
8.250531853444018,1.6993262066952426,524.8810958535385,26.74136382376327,938.422567274747,50.21210853772186,3.070874889509946,WARNING,NORMAL
7.795155219479446,3.225067111041115,451.2270569103295,24.753707375828185,959.2841930922298,30.365938111044574,3.185833963974977,SAFE,NORMAL
6.955943505914499,9.458376485425353,508.51384407334876,29.62879313135889,510.5127089134889,52.88044279409112,2.885870429902807,WARNING,NORMAL
6.9555196069771,3.2314805530790616,574.0556629816886,27.32237154392253,1017.1740053741146,54.83199990836966,2.621969312007459,WARNING,NORMAL
6.974855464147832,6.415026179446044,675.5025462087757,26.283704030690984,921.2283086153258,54.007355541328316,3.1324324028580737,WARNING,NORMAL
8.65372358849259,3.5723055770693914,595.2930626321756,26.82402530278987,546.4394793741078,47.748424651012954,3.9613222570233853,WARNING,NORMAL
7.4673548165620875,3.4765341699642325,443.3898294459505,28.576134019869883,361.75584862027415,65.71313079164821,2.840714681601232,SAFE,LEAK
7.501029153033749,4.430335696635221,587.3599388730806,24.247170160674962,916.8050337829288,54.08789324096852,2.482494015903689,SAFE,NORMAL
7.921198417822289,2.8662588192444227,515.8850173617278,25.072557940051418,737.1242147729387,46.65714623869493,2.6981458001546983,SAFE,NORMAL
7.36715241131856,5.359297999472029,377.1347468405064,23.08985722601008,618.0380736559265,40.08905373940929,3.465807671031232,WARNING,NORMAL
7.018670497925508,1.14206005361734,517.5373163940105,22.17017727425278,756.5067603932811,39.08058415225569,3.414394233842774,SAFE,NORMAL
7.062555105640516,2.8818136193428345,314.5564399671749,34.40033337950894,913.5300888217407,53.19898870023407,3.835366963273047,SAFE,NORMAL
7.149879118410156,9.99751206695419,517.7161621370288,23.374990634066776,334.3160816239987,55.77485593288138,3.730782843903056,WARNING,NORMAL
7.173944434443111,6.599506640200242,660.215546048472,30.994380437761365,722.7129683056475,50.994149902250626,3.3487901600948566,WARNING,NORMAL
7.709340680545886,3.8094625992516615,548.7138443968378,25.57668368442781,710.332715863476,49.5474749222695,3.5252764359214046,SAFE,NORMAL
7.23636212006511,5.983659768520657,593.5941283205784,29.16190478407654,969.3620906870624,47.2871514183193,2.8253070727812255,WARNING,NORMAL
7.712848054050905,8.282487032125152,404.61675778712504,26.992332183480123,849.1358998822328,53.94105660441579,3.5446308224128584,WARNING,NORMAL
7.143498393923992,0.36628948967895836,507.70591847205924,19.834882772294183,847.4610665865862,43.792101020633446,3.145587065133756,SAFE,NORMAL
7.255044633221264,2.40147167732255,533.779730610107,27.115790083917116,620.1057508905492,49.84351864848644,3.625361917233714,SAFE,NORMAL
5.801259520827525,1.6941359216792162,413.3805240068421,29.42289984336689,820.5241174909152,50.74071535408746,3.4093429757496425,WARNING,NORMAL
7.841429372291737,0.778751853710907,532.0450980482992,23.180072534224472,612.6740322229344,54.61427169868793,2.963321530891187,SAFE,NORMAL
7.442541933128595,10.955046538616228,504.5626742344364,36.28685900924975,680.4267346556915,43.45369085142532,2.649786205864172,CRITICAL,NORMAL
7.898607076901756,4.5845695508123425,533.3779371507712,30.248762990675456,803.2997553224488,41.96536376464448,2.9498596674284756,SAFE,NORMAL
5.172621235264417,5.837976240802029,326.39089410226944,30.283877775639045,715.3688158782983,50.39834257474974,3.2923192901757257,CRITICAL,NORMAL
8.661862293346509,1.75986264586869,603.1318594581384,30.70868678880503,756.9227051838163,51.65607464315494,2.79197297054627,WARNING,NORMAL
7.102287260291378,2.3596901326970494,504.0771524068757,17.66384473084413,936.3479896582946,49.95770055611572,3.1235672773644194,SAFE,NORMAL
7.975727971716262,2.9881488992595795,435.8236332073169,29.819457107257612,634.3061052763331,28.289772839548718,3.7438362249894195,SAFE,NORMAL
6.472065851012129,4.025325172812383,438.718530707889,36.10431607131066,513.2320547995785,52.66052284935714,3.7874515629374343,SAFE,NORMAL
7.628941733543799,5.219512341557579,445.3408453612685,30.037655096887264,536.7828286749175,70.54734426951708,3.439086660163399,WARNING,LEAK
6.462609105778441,4.986291143700478,350.52880451767544,25.94881809221159,497.59423540838344,57.345649012159576,3.8816401353488326,SAFE,NORMAL
6.763361727512937,2.4889912134057424,592.6992015413708,22.5387250770162,989.3378591701537,34.351091080360625,2.5673158964750353,SAFE,NORMAL
8.53982194770675,8.50236260506547,565.573081445215,22.152583005125994,817.7633358609775,46.75681948737044,3.84876692496427,WARNING,NORMAL
7.0665223194656575,7.372274947931578,573.6394478700186,21.672260330298517,892.6960432404196,48.437652737445326,2.520083705436308,WARNING,NORMAL
7.352203011225806,3.7293220955653354,631.5830021184252,25.39827519339841,860.4309463836851,47.43283652074155,3.20501822123986,SAFE,NORMAL
7.809047411482128,3.0754146332146157,472.7733136711662,22.727463071983223,664.2874624507829,40.08870910063556,2.7935610770793105,SAFE,NORMAL
7.546977321580823,2.3375835897331734,251.31185874024547,26.392104664582845,993.3798163467363,42.85573581661058,3.5694439900521338,SAFE,NORMAL
7.305293233600504,4.042479739237684,525.4645505343003,27.815754757706223,575.6376948362068,57.470617745818885,2.4170448126490305,SAFE,NORMAL
7.455472701726358,7.108906496615515,520.994966794159,20.1206287846092,1062.2268604971025,55.97717719589272,2.3175669784033195,WARNING,NORMAL
8.882390909666793,3.130108307328852,636.4599770754814,23.939640846428155,722.2682052908821,49.106772187872295,2.8727727487180927,WARNING,NORMAL
7.159666842076491,1.8832514384966053,579.8501036583639,24.683801094075452,1021.9641399249606,57.58476379481517,2.8373989385307086,WARNING,NORMAL
7.340769332700478,3.0764867742745987,466.0781068731987,24.570951058506257,511.1612912881096,44.745367889007014,2.914531583990026,SAFE,NORMAL
7.935458077205329,3.7808549320979368,432.68256810998827,27.071660311308513,622.3409837829598,47.257360312562106,2.862517773181221,SAFE,NORMAL
7.973868153070589,1.0689389343062436,570.4364254042938,27.499129053570577,411.47948225248757,47.08253506420737,3.543652699533545,SAFE,NORMAL
8.030921213892267,0.8154975480465615,131.4063071259888,25.30283488147017,887.6046099487119,37.58871139472182,3.157633706896216,WARNING,NORMAL
7.647111155420429,1.925994184468443,478.9679959521491,24.31016187526315,745.579436299568,47.953351080433194,3.9745463725112433,SAFE,NORMAL
6.399896561088662,8.490458592464961,563.47927953847,26.9175458963044,1062.990236222976,63.10304520039487,3.315436310030427,WARNING,NORMAL
8.343402072610766,6.837663720758252,435.479135610854,32.769186592679894,612.8829894646112,62.22847755073559,3.6411331002053533,WARNING,NORMAL
6.397558224886919,0.6295832493280815,404.1410565537213,21.17817625259459,940.6749719602229,50.93772235517334,3.4899132681294787,SAFE,NORMAL
7.411844825667323,1.313099352769061,485.38122757832133,31.526743321002893,714.3847188114185,48.25017279826758,2.7508745963128365,SAFE,NORMAL
6.67200690498645,5.156581753836926,611.933601904562,20.465342821118686,683.1179460900972,64.15139503209183,2.9395978015294952,WARNING,NORMAL
7.1551031573849055,2.137319019209627,504.1252360495069,28.44733564071109,647.9110357419266,48.026913175784244,3.697074895204537,SAFE,NORMAL
7.430133687212437,4.20324907927136,368.7572057903128,31.198451179880706,547.8734945061689,45.85216042789768,2.311935396456556,SAFE,NORMAL
7.424950050815191,0.6707300072887521,596.0378447046301,21.705982589462995,767.3646253539886,57.65684603084694,3.443331871198947,SAFE,NORMAL
7.4953445279647,3.0283687398589687,619.397580470347,28.403041432440556,738.0505125410542,36.31118103480908,3.110874376377232,SAFE,NORMAL
8.329597888341054,2.7893131966073983,353.12047164943203,22.81500188047593,416.91710153088684,49.11231135223165,2.8275557985899455,WARNING,NORMAL
7.517474011059786,5.857736272484047,785.8279094437086,31.681262902406065,247.98171967265222,49.47474218226324,3.066857750477291,WARNING,NORMAL
7.029090355296546,4.02597086100483,449.92163113013504,20.59967411594142,643.6606152135482,54.12256248493108,4.010175473752048,SAFE,NORMAL
7.87486101780185,3.3446989770874067,563.8110924861804,23.43010765934467,909.1591481646698,45.26175123140602,2.338113012805679,SAFE,NORMAL
8.03262934224725,0.5110506551162693,537.2954633438511,27.52551933967346,739.9728010002295,48.63959428978878,2.5906582855882574,WARNING,NORMAL
6.340674529404105,10.212123435549119,366.23980136274776,29.84589514953192,465.51106478332497,50.74836336862635,2.2309885443629542,CRITICAL,NORMAL
7.618180048894901,4.896229256490192,395.8168779693982,27.370867609755475,380.70773192687636,47.96431459771653,2.980987841934928,SAFE,NORMAL
7.690820919617629,1.6320676303670876,458.1249372019143,28.9805625938706,907.8633390280362,48.516173542440654,2.8876934973804746,SAFE,NORMAL
6.991705547648006,3.2804859030003066,225.5926681577551,24.803133436888174,402.45240129929346,56.662168708600255,3.2802775492248712,SAFE,NORMAL
8.162994769318134,2.1924837857533026,548.51730741899,22.635573735612585,836.681252704381,54.64794097676901,2.960261035815852,WARNING,NORMAL
7.094961089077231,2.5467948542366647,222.51046279049078,32.85845073458568,802.427552515263,54.14401740654541,3.425475733445143,SAFE,NORMAL
7.28790351743008,6.7650054711123495,451.7600847222719,28.995059413959513,994.2389843643228,36.85194972409418,2.8061346327136603,WARNING,NORMAL
7.078849723001292,1.3071818035842229,369.3943611747101,25.04906001770841,586.7531340949669,53.43832580613761,4.2487211272558305,SAFE,NORMAL
7.210905333307028,5.0424281474677946,519.4570931741467,20.384990659668738,869.074959513632,43.27507374550821,3.5074754167675555,WARNING,NORMAL
6.432607439173359,6.961485033693918,185.49919375049774,31.892692470874984,951.9769381694382,65.93192529297569,3.457841864560868,WARNING,LEAK
6.191964382183994,4.4946671779254865,250.53606051317917,32.05741746201253,459.31728776177636,49.92650622332226,3.5132539329708456,SAFE,NORMAL
8.31615354425748,2.650872687116979,378.3890018376851,26.13014218785454,723.951153768489,48.43124951273126,2.6770242541284137,WARNING,NORMAL
6.607127056177171,1.5289040158423752,512.2612707528134,24.357548834530245,692.7304048395353,62.15205269104327,3.076626193112662,SAFE,NORMAL
6.506025355380586,1.7258175124722375,476.5917621764089,25.962814525096015,508.51974553892114,59.66864727234409,3.0982523552624346,SAFE,NORMAL
5.6926269204774,3.332440558398924,576.0338392077317,26.156849901685717,747.5757643834341,48.10229391197522,2.9640051260507976,WARNING,NORMAL
6.752726776617349,3.124995589438107,462.94796379209237,30.078147657978793,489.58155552963353,40.586816685463425,3.0264440438313565,SAFE,NORMAL
6.273837144614752,5.493443124052676,447.87097985827467,22.4485614595975,768.7892826449453,35.89095762449326,3.61464071632975,WARNING,NORMAL
8.349410612095458,0.7250648511985451,321.4105271378763,24.66558174758593,1091.2766933892237,41.620425897354835,3.1706435240507345,WARNING,NORMAL
7.906871962539844,6.7069989751381325,423.19555946557523,26.26532638337913,663.237972508325,52.56805279470624,3.349788738569775,WARNING,NORMAL
6.718294758375594,14.73702536594802,447.65814727151223,28.03356244400187,682.9195651556038,48.81865556835435,2.3555556995943383,CRITICAL,NORMAL
8.776705063741016,2.854294043289343,203.4294369080538,30.465516493901422,954.9714935591257,42.50473249866726,2.3258496577574577,WARNING,NORMAL
7.887235840894116,2.517219069762559,343.17367895233895,28.243922271973602,926.7078265766787,46.862539676350416,2.7280316043156807,SAFE,NORMAL
6.9726180315439645,2.7135658917507155,505.60273884219566,34.00841778474151,588.8238354019841,63.73583324248447,4.01972552602335,SAFE,NORMAL
5.450415999588499,3.2449041638701317,471.5392035349496,23.033813656762923,823.8788021500811,58.95690812907043,4.204287471430547,CRITICAL,NORMAL
8.80365980081352,2.3598300266644694,419.63911828786684,32.84654275285631,168.5266688481563,64.02159573112226,3.6915051585540843,WARNING,NORMAL
6.2272992732654835,0.3758881299749497,377.10709256601433,23.184500511071008,519.2587023077617,44.48152046374278,3.0028257897857618,SAFE,NORMAL
6.048220877130176,2.666128494614302,240.85344314195285,25.41878633776272,892.5786348409998,56.45568844914787,3.413253010977717,SAFE,NORMAL
7.915799302406748,3.395852249081028,188.95422815529918,28.548892271672845,608.1595151380923,55.62598756646964,3.831091287915249,SAFE,NORMAL
8.907826684437492,7.206887801883778,413.1974836347868,31.711480331368275,663.9402622114575,61.74688522517304,4.127205870920318,WARNING,NORMAL
8.168990972957364,1.2912817799955507,628.6734072139602,25.425382086353352,533.6223213380724,50.092564731781295,2.6249966863686023,WARNING,NORMAL
7.5947363840366515,9.196547218164149,454.4286406263617,28.570059672320102,504.74927728752107,43.73792585904496,3.3020516127775275,WARNING,NORMAL
7.6163280391657,2.228949619652947,572.5679722658206,25.73750486797336,250.68759604425406,42.785942715913194,3.0387030220226965,SAFE,NORMAL
7.7973908911462155,1.4400668505669232,308.7975094133936,17.81773982339326,634.6329146915978,49.89356804952303,3.4930276354347525,SAFE,NORMAL
7.731250012850736,4.897137118617317,483.97793946221026,26.8462567306131,783.8098619251124,50.61890410938897,3.2261397091210413,SAFE,NORMAL
7.396833996778563,2.020964893708195,365.5575881409603,22.033882502524726,744.433054477924,52.18155119105823,2.699838336023242,SAFE,NORMAL
7.272940772766313,2.8975330485464705,360.92643773895156,32.085956259536516,550.2371065647318,38.83284322912219,3.397411370671435,SAFE,NORMAL
7.156184810470334,3.0539548696658114,539.3507523728599,32.113625175696065,442.78148724770165,60.351116846750415,2.8517238434260617,SAFE,NORMAL
6.6722247877933265,4.699048965173679,435.54636055666015,23.65600924623375,632.7022001122136,39.177611828392784,3.182317609474542,SAFE,NORMAL
7.003527446193258,2.830532182417232,283.73589626530054,23.04121904192939,460.78569583896365,60.32561020429884,3.2062948005861207,SAFE,NORMAL
6.01493023006323,2.5912521524587437,461.7635498932402,24.484078363180743,561.8372833804946,47.416804206133634,4.0435227629347565,SAFE,NORMAL
7.131162261243675,2.1811506035309396,364.05977802319484,29.12957888944098,723.2390332760117,64.76444815195917,3.3603312971977464,SAFE,NORMAL
6.507986224994358,4.36635379730067,276.6803719892739,29.14544481054142,543.1288553655927,36.03311729156411,3.155397136088481,SAFE,NORMAL
6.427487477948961,1.932718368930297,330.55804987846125,40.63220282338398,931.5366764376699,59.40392602270166,3.5621318694404773,SAFE,NORMAL
7.325925905807435,7.3706480238646055,695.5071954627638,25.765281712397925,511.7530626549756,41.7535471104232,2.7579220959040365,WARNING,NORMAL
8.17440160044122,3.080347312452562,595.4861343467703,27.365478657586863,591.1394585142812,41.180809087588166,3.25047598069474,WARNING,NORMAL
7.842821624201619,0.5439676987881823,208.25548902171656,34.726932018679044,852.9515792119813,63.24897293927381,3.5172148825744083,SAFE,NORMAL
6.100649577463776,3.778832737674817,427.3960984056414,28.145364750853275,824.2763948156185,56.02330773164751,3.494401636948659,SAFE,NORMAL
6.507260304400764,4.24691235775202,436.14205243300427,22.647697309142533,792.9916084229905,38.17724939094758,2.935215977300088,SAFE,NORMAL
7.858539831591751,7.427151095324454,418.0755298627504,28.367863919693114,585.1513295182275,51.61527434971479,3.3819658664207415,WARNING,NORMAL
6.512258824523183,1.591473824562349,370.33325932642003,29.81926125156733,805.1430978626555,61.23832234934228,3.5401580515726665,SAFE,NORMAL
7.042756795002083,1.389102441545233,539.6480782768598,25.633219151232176,842.5716189866995,54.46735482938372,2.74744049012457,SAFE,NORMAL
7.585036469317187,4.8113719371111205,563.1234800999129,30.181118629262834,779.5043948294854,50.24732109229227,2.8979380356506232,SAFE,NORMAL
6.522158881595455,6.613988736447159,575.8800841278481,29.825160224400882,694.1746402164936,59.20701257660296,3.0387915061586703,WARNING,NORMAL
7.273762854302172,1.5353333824793014,489.61296121381827,25.16621972471432,803.8769034287193,52.949282946094776,4.364765043745963,SAFE,NORMAL
6.266182153557257,3.6781305791375534,523.038760636096,33.20681197199108,686.3605190634471,36.723061193558706,2.8260060786992263,SAFE,NORMAL
6.7790426492341505,2.8688738314879814,408.6615882055105,23.865682778553527,772.7070704565216,50.76840349717702,3.3625641477396915,SAFE,NORMAL
7.4238473538997765,1.584403708455206,260.8272967774693,28.749247113298882,713.4305151457013,53.8738007066188,3.0234682256562277,SAFE,NORMAL
6.084904386527832,2.7384397566662564,257.66989350013296,24.591544335085576,428.07602484648845,51.78038201776345,2.7312331798942555,SAFE,NORMAL
7.50833231657228,6.2944525397975415,347.7968610694502,20.22836915022105,594.9293814998953,46.76229960855976,3.548955036390305,WARNING,NORMAL
7.1862535407513235,3.0904889761854872,425.9312600529922,28.43348791232345,1074.4829388589244,53.662690699741255,2.494597132223829,WARNING,NORMAL
7.586742968092004,2.6254003791441645,296.0221145499971,34.71731194528919,351.2671583749542,51.46899321547686,3.921763510888378,SAFE,NORMAL
7.356739893845263,4.632737599661563,314.41547801608,26.78463570775221,979.4026049045817,34.06529015386879,2.6803282924436056,SAFE,NORMAL
8.15489830098169,6.69039300458477,404.5928768767438,21.02629976047747,812.5952638660822,39.389887700187124,2.867233027592262,WARNING,NORMAL
7.287657151853535,1.2701479542900111,553.6937270459968,27.888232234107132,706.1601975442478,52.481234568170215,3.485926975407947,SAFE,NORMAL
6.899416121212323,3.7916339625083197,490.1193904240229,23.725268499354545,397.52571190630516,55.965976459447305,3.576259302358009,SAFE,NORMAL
7.285608252122599,2.2407783118436786,346.37687243463927,31.215168629347463,699.793080218822,43.77686755375466,3.316652213745926,SAFE,NORMAL
7.5803086203254715,3.1011100592280356,455.5660269499852,26.085462334148446,565.6618346253166,55.89644337364457,2.9335991813596682,SAFE,NORMAL
7.234202049227993,4.895911258484069,290.5627710927288,19.909750631786455,914.0161339001926,54.00359173186442,2.403278734832968,SAFE,NORMAL
7.228414183842718,2.388947162472463,346.3773440382344,29.03409593971702,579.9941823141723,48.48771133846079,3.1550386043436642,SAFE,NORMAL
6.708605818535271,2.813690310063677,251.13883676381187,27.835510569801365,650.3510143772927,53.41461697828505,2.774980157733435,SAFE,NORMAL
6.735969357714336,5.9430829943022125,501.46059573663376,25.800486689533503,744.3124420908962,53.23738202200382,4.406026313941886,WARNING,NORMAL
6.2181763097402145,4.172361779823103,416.0631281865448,22.844789414728563,583.9849040855773,57.012431096945996,3.266508597624995,SAFE,NORMAL
8.424703720230857,2.76396859913538,431.0733065916119,34.15654958704472,872.546257364961,57.39319904929452,2.555404906287733,WARNING,NORMAL
6.329295735226101,3.336363363688683,546.7124549384221,25.19236587237119,646.7397781130815,41.66461555179219,3.0338889033239234,SAFE,NORMAL
6.714966361542865,3.15365470751128,330.32985186514884,30.588392685585585,361.44901582352156,44.13675856429656,3.578981151293184,SAFE,NORMAL
6.697114914101562,0.4985417138773176,506.0099080944345,25.146952427203942,727.1379995544127,61.812745315946074,3.7812377838757776,SAFE,NORMAL
7.826447063861109,3.379378998161944,688.190519298459,29.723296836691016,845.327345886936,57.06311303385258,3.0453276189713443,SAFE,NORMAL
6.993535225195581,0.9103686744406165,332.14633489027585,27.213808663042546,958.8455596456836,55.10839554108919,3.1406896432540607,SAFE,NORMAL
8.073419450871613,6.562759694474288,262.437731844426,27.112059167827606,799.4804140640975,56.355740006306625,3.4823903997914853,WARNING,NORMAL
6.728556563029292,0.8889428321098415,299.0591332793616,23.694105128238,907.5642781622529,59.10474893883254,2.7321620431463725,SAFE,NORMAL
7.395295913556661,2.1501730631531766,496.63023468391236,29.11257763290805,788.3269684288217,51.069488026644805,3.3736259587409347,SAFE,NORMAL
6.61525706271817,1.8248903539895929,659.555064079211,32.62049435230109,527.3049798003044,46.967486417752475,3.342835456237159,SAFE,NORMAL
8.701604389441371,8.259381738389607,654.6394839477132,22.862482471348272,559.3778268180636,54.48849100380505,3.4667984822972984,WARNING,NORMAL
6.368681106679341,6.376645522075117,551.388710714605,23.670866293425572,286.22242628286097,49.78892822896908,3.1805768044075347,WARNING,NORMAL
7.416874497158919,0.2108676998301101,555.5155830815319,38.778318496213856,660.9661555136086,62.39375941528128,2.417717065629478,SAFE,NORMAL
7.643643816652469,2.972100250066288,505.74682817845803,22.993592637252835,817.5075804124607,62.27496355852528,3.313878900326608,SAFE,NORMAL
7.489659368216049,1.0765439580307512,537.0119674439292,24.781691928728552,415.992889772886,57.12757845354731,2.7619859652821903,SAFE,NORMAL
7.070298638785604,3.3890158727718207,486.4509538921112,32.534801548917734,932.915297411073,39.78518094850058,4.062947109284853,SAFE,NORMAL
7.109125510186602,4.817114921278563,354.0283046654522,32.65530396445516,681.4973500472748,41.23944118689233,4.07724374305697,SAFE,NORMAL
7.2306680303853765,3.6064032164771787,655.6125610860687,17.287667691755836,538.6515188195972,39.47913420940353,2.6275904522135813,SAFE,NORMAL
7.097098598860058,5.025679734046352,610.2518074763502,30.06170365580285,415.07175198293805,51.49232855109159,2.7724842883027545,WARNING,NORMAL
7.874715381756437,2.44143264488102,356.7612198899301,26.219980940396404,998.9897156862111,57.38407585369619,2.0460732993060855,SAFE,LEAK
8.747366101113947,3.6922991252328687,527.8175192036695,26.402580315878037,912.7774669390052,47.537481034574014,3.5677228468801543,WARNING,NORMAL
6.809755750494516,4.90025264512845,625.3490672695433,31.66049433363018,627.3866028274882,44.829415227250266,2.9134509769133077,SAFE,NORMAL
6.2411379142946455,2.0827151430213937,500.2416154637164,25.60729628891048,867.2216251475829,50.830322561378566,3.3353126369682506,SAFE,NORMAL
7.1382025661541215,1.4211596383744705,425.35713313454227,24.95219854346805,662.2797764152676,43.72868854313788,2.930415699540025,SAFE,NORMAL
9.005796536358023,1.7398478003479698,621.5676871430821,25.713868968222926,591.2021389915476,52.12686754569593,2.3989347706974167,CRITICAL,NORMAL
6.637427802421189,2.7348161517052927,480.6408120109117,25.603589375041476,582.4158597346027,48.05408628218168,3.3053163773955756,SAFE,NORMAL
8.347381763810848,3.0350570111762787,374.65469531753706,28.389428053027515,658.2144664189391,44.74355042123552,3.8443893552533224,WARNING,NORMAL
8.374390569853508,3.851252608959666,311.9797391799849,32.29331970537605,628.2600601027723,50.92232141586758,3.185997941360764,WARNING,NORMAL
6.812488230804404,1.5925512256454026,98.26838835449536,28.710207204437427,711.0639408259342,57.10022777730081,2.6865311128713403,SAFE,NORMAL
7.598288155429693,5.0007268594876715,686.7749598943847,26.948542472133393,989.5022990311506,37.847202218679534,3.125908824867616,WARNING,NORMAL
8.339877636189977,9.526905929555772,349.57781238151273,29.18555505723704,1110.1006419923622,51.34503092712481,3.456647332246344,WARNING,NORMAL
6.9346105813087595,1.8365829095656254,565.6733818895601,30.12078452479818,483.5386355150272,33.2082101772796,3.0990854122849094,SAFE,NORMAL
7.057493747928347,13.068890564230278,339.55314865972406,29.312041420621025,782.7030339676737,47.96257144584757,2.6507187427455037,CRITICAL,NORMAL
6.79282336023595,10.373488675887883,470.03515372749524,24.33078024849238,737.7334151052916,55.561643222016,4.209897685899407,CRITICAL,NORMAL
6.4896702885149935,3.02769240844718,503.96741706073334,28.698418033783984,795.4841482814678,58.178499795985495,2.4437261221212516,SAFE,NORMAL
6.745505718453796,2.670904206898352,301.3046371317278,18.521792657442475,618.9675239082941,45.80207961995147,4.337302151022851,SAFE,NORMAL
6.34324181326642,1.7182170721097936,564.8444196163468,33.135685777962735,797.9393776330369,45.716881736071024,3.153595300498065,SAFE,NORMAL
7.223858427781458,5.5237584305756595,426.21144724169244,33.12432490646888,451.65719335728863,48.16063832530453,3.6486036192826097,WARNING,NORMAL
6.661018738258951,3.1859928875563255,516.317365735957,30.557604119377746,1308.8037177223296,41.18054327353934,3.307609100315254,WARNING,NORMAL
7.363650138253524,3.4456492996282355,624.5421882721589,31.983737833241456,752.3096505030527,51.30120228013272,2.7611584868440433,SAFE,NORMAL
6.110873047657461,1.4489486353963168,538.7547560092898,26.70335194845566,831.4053156171174,41.97933787519426,3.864442516217006,SAFE,NORMAL
7.43161616255012,5.6325870248087835,438.6207613143601,23.998053699853752,498.7138939630716,54.452036997468944,3.507970502140769,WARNING,NORMAL
7.783470273126247,2.5052711863535166,683.2858410825481,21.984388963503665,574.8733293951282,44.26618252896383,3.152204979898134,SAFE,NORMAL
5.804385050199981,1.155942601265783,444.6418438645652,31.032550397638275,435.65520103200015,47.44270848426651,3.56383408765111,WARNING,NORMAL
7.461839598893301,2.846467140395883,461.1759548870791,23.997540303967295,962.1313520043391,53.99500216419911,3.1313350591162057,SAFE,NORMAL
8.059368294731305,1.5354555095233575,430.36494614722955,25.504951400128927,500.25435966718305,55.08368837537556,2.099429147916534,WARNING,LEAK
6.353251286916157,7.4344035549153915,302.92764588530497,27.896552406156136,666.0079980993935,54.71981259300916,2.3446785225634645,WARNING,NORMAL
8.370800670786393,10.284914045703319,289.7056845138162,26.85012044233988,674.0006495058915,52.10895603477646,3.1889597622658354,CRITICAL,NORMAL
7.493313306556232,2.9099537568943696,383.4957054056905,28.059091131961566,785.1765000530971,41.30684370874526,3.0411700854823627,SAFE,NORMAL
6.706491700969114,6.256441496228067,328.3520215721806,19.767530718319705,467.3643380148019,49.748189415612046,3.1552261974457534,WARNING,NORMAL
7.160961645639606,6.151038697128446,416.67957634964324,26.066014595092938,854.7303290883701,48.60687061441391,3.029928963581844,WARNING,NORMAL
7.590828838765206,0.1,549.1394198411152,30.296653267397936,924.0966003065897,46.63414500565903,2.6391795520195473,SAFE,NORMAL
7.253203773988688,1.7422021622267723,400.91176964119495,25.272730761345628,581.1910917090331,50.592572529170624,2.5086928357220986,SAFE,NORMAL
7.577129194712459,3.293127415206023,476.39545197781956,23.55134633638384,693.4135434759189,43.10513774456335,2.777104779585574,SAFE,NORMAL
6.5555284848444435,2.1279375219074748,389.29123974831464,30.819179199260056,812.7781483624264,49.72224063097205,3.5771479591797055,SAFE,NORMAL
7.318552576825255,1.625557041444561,755.4042628084325,25.30299314155166,746.0031049066962,47.60205612898186,2.7914406189149497,WARNING,NORMAL
6.210399852166514,6.433626854647966,630.988191789741,27.737955534407917,520.050493202211,46.34086615872097,3.7210741229339916,WARNING,NORMAL
7.12214175705591,2.058955343110608,420.28714224985845,26.158224462241023,826.2275065069206,41.06855413636062,2.6816841641684057,SAFE,NORMAL
6.567264650974647,3.8587113798205244,482.6639111704549,26.998265486325558,972.2849664567292,40.8565749778061,3.792558961055917,SAFE,NORMAL
6.685129040187164,6.055373336359789,289.153897788442,33.118441176658365,971.7193013749704,60.73840199982067,2.9422095336430543,WARNING,NORMAL
8.065265222647307,7.72874131892005,424.271197830149,29.287743078404272,803.5494880052089,50.918447625875615,3.0459843142587157,WARNING,NORMAL
7.963917084415988,1.1615107122626518,377.95423313851967,22.112859954141307,837.875123467821,64.49819941206204,3.050315815372916,SAFE,NORMAL
7.626396684635024,1.2603353545447846,539.1468395449409,25.511671169052494,629.946145399115,64.89448219799004,3.491059083671906,SAFE,NORMAL
6.435381064729195,3.551024812182767,338.3626114625202,25.349548629852677,534.8971751502239,59.83718866691875,3.3260383811841274,SAFE,NORMAL
6.9785140852136385,0.3692011473002961,648.928866003235,27.86548594471666,687.6326379931788,39.7452627107392,3.2695856258471236,SAFE,NORMAL
8.049168389985429,1.3186683325894735,442.1486286693375,30.63513331912053,1107.5985066302596,61.28816293817986,3.159555040701496,WARNING,NORMAL
7.2992018395479334,6.916411066937979,345.6701482136868,27.12735023634216,604.4205670794497,48.988268425928545,2.915303063885257,WARNING,NORMAL
8.823530677987186,4.731800377259721,453.85903434782176,27.009847141852127,778.1943670781469,47.77876185889337,3.7484520282117617,WARNING,NORMAL
7.475322487576061,2.734789125163769,538.4130490683801,18.073783118442535,767.9972644362069,46.63620650789588,3.242980468461811,SAFE,NORMAL
7.334434381543022,4.243636249148025,512.448211528243,32.29617925664856,632.6224145342406,47.19541694201596,3.4870865710565067,SAFE,NORMAL
6.9836184750582495,4.963001532826604,468.7888498796084,26.32853175207555,967.0526338597599,53.19525145487455,3.300066547013464,SAFE,NORMAL
7.293478633347598,0.8043076803592858,555.315776551232,28.034564676809307,985.9858744853409,68.39824658389136,2.989214076102597,SAFE,LEAK
7.09327111453362,2.0284643095560533,547.9788411091117,28.025118509165754,1180.0703015494819,36.88531361643629,4.397690539311097,WARNING,NORMAL
7.695676073682013,7.5513552067337235,548.5778927005964,23.92308560611166,556.2869816642278,65.54725258592943,3.815070090409732,WARNING,LEAK
7.869691621756209,3.5977082526705586,416.91950994099426,26.0243690301644,773.2775013276422,62.07275310430036,2.929946000832122,SAFE,NORMAL
6.649807377644436,3.7563284546148643,416.0849664542386,23.89162738612332,715.9405951738204,48.57833472694508,4.226284197657948,SAFE,NORMAL
6.268136932509556,2.915796000792737,425.1187408156805,32.53331899419341,576.4455538640293,46.01872901549446,3.66368591464253,SAFE,NORMAL
5.914656238827693,0.5026747491047623,390.7122856967575,18.10458775051506,580.0862888313304,39.22336748984548,2.6535117989289745,WARNING,NORMAL
7.555593928838781,1.8111693195890008,462.68096703370077,23.186706173053818,730.0286028635732,42.73510427807296,3.640998792732542,SAFE,NORMAL
6.427643375678288,4.062725594605317,449.3252898688487,25.71172070058542,615.9531533228941,45.14250109635475,3.408086010800734,SAFE,NORMAL
5.6929765849332625,2.0687248130114635,648.6082010191792,32.98998286365381,523.6619555105954,49.17462624347569,3.282786893489126,WARNING,NORMAL
7.4720050231716755,1.201809118832104,389.42215618815635,29.831265282552604,722.2450472096521,49.763522568277885,3.707371150545602,SAFE,NORMAL
8.945099662202953,1.3563296207428888,331.59507771429094,20.44783885222845,500.87047721102823,56.089104626702124,3.370421605894702,WARNING,NORMAL
7.195750361922075,7.655119172914546,527.4881936501126,26.537962275499357,616.0559959085797,55.21088039207124,2.195072659052598,WARNING,LEAK
7.786943542116149,1.9765980877854556,458.5826453133336,29.885324033047002,765.1169993971091,51.909401450201095,2.5232900990713114,SAFE,NORMAL
7.257280550983296,6.657873237750923,367.6386856021229,35.90761255699121,675.6829720750037,49.65100374004267,2.772216250104971,WARNING,NORMAL
7.1307772427662,3.769105001698622,543.8538725971663,25.641008551276762,653.6642960159306,59.14505685610228,4.197793207751799,SAFE,NORMAL
7.8433535380914385,2.494462238447481,416.52097196536107,22.26224772878765,1025.5941757101054,56.71630472608473,3.5258418382594967,WARNING,NORMAL
6.996807819067945,1.558301911629503,632.9141832896973,28.289473076117723,952.4721315989386,53.559730575740616,3.4705569596662245,SAFE,NORMAL
7.387174619850332,4.821524291750914,335.982611177224,26.826857580481562,714.8422653815652,46.75398498585079,3.2539252625987904,SAFE,NORMAL
7.42518846433721,6.116360483766264,380.30152238066756,28.853234684754458,517.4229074237419,58.84518069407081,2.7392228018270095,WARNING,NORMAL
6.7323366824498665,5.149331818164559,465.31936198121394,29.761899739349335,845.9366847560207,56.67896401091478,2.4731857290637103,WARNING,NORMAL
7.894429644675566,0.8941981112166291,612.9341462469686,28.279726768551328,1154.7123008460755,48.03234358906081,3.6978946850071046,WARNING,NORMAL
7.077528170313214,1.9719899604710245,364.3797870003366,29.112786894669252,945.6986263030362,34.660070921676706,4.031701994525514,SAFE,NORMAL
6.6709783883550084,2.1754640307879844,495.18068171729124,33.54273994544669,465.9782402877946,50.76004612750595,3.538769960179086,SAFE,NORMAL
7.575556890499283,0.3910810477679392,310.32385663305683,25.8357662788504,664.4246219910601,44.461499064226004,2.9545912500130003,SAFE,NORMAL
6.5710724127462745,4.21330697635715,560.0069837179005,22.102276391164835,568.0629982133129,55.737947685472356,2.9955083513760052,SAFE,NORMAL
7.21972681015839,4.649802166475881,371.7811585602507,28.255903001936563,533.307035015714,51.72727259211565,3.546563765455974,SAFE,NORMAL
7.193616702349058,4.536545794011775,524.2527287501767,21.87466787925688,904.3079879995053,36.61814908669226,3.1417215525968363,SAFE,NORMAL
7.960126896082105,4.020472999393263,530.4486586871342,22.51363298906087,900.5138478935648,52.3581355909709,3.1213336889028334,SAFE,NORMAL
7.532288763015967,2.330485522120201,232.08816047762127,23.71159924460794,1019.5795437420428,63.72088893361678,2.9307467469797652,WARNING,NORMAL
7.1824811288784,1.504404067669723,475.11922217902446,21.99703719649979,822.1028254236552,48.777669287867106,2.8683292522425283,SAFE,NORMAL
7.772436409440201,2.3238038854366696,389.3173928269859,31.674260168035303,691.9397397601209,49.932932415761094,3.1398355044959922,SAFE,NORMAL
8.17314528431212,3.7913462776239264,509.82129650414174,27.195644392069884,733.820523953402,47.255620650847575,2.4081405901679145,WARNING,NORMAL
7.590467214446304,7.07729132212664,345.1127421120342,29.827155348775825,536.995330639586,50.57663232073882,3.5096549573642193,WARNING,NORMAL
7.207246833890367,3.1849484667448946,380.2281955539428,29.0410575397013,946.6179076038404,62.32104535888322,2.266410799427537,SAFE,NORMAL
6.281714637354889,3.1035614774370153,593.8158208062265,26.160197872871038,566.5830937651298,58.44423184101122,3.7326755998794345,SAFE,NORMAL
6.45442043584724,0.436611026605764,584.5291642138814,30.842015420307163,626.4505215008771,45.3934869596325,2.9361558011614046,SAFE,NORMAL
6.986342706951733,3.9763058462299137,330.70731189230133,25.06972796515569,645.3351527008627,49.417840963899174,3.1405303351397564,SAFE,NORMAL
6.773341458488502,7.423481839613491,665.5644929710412,26.328149034694157,147.22198967901284,49.93776663659941,3.479017964546054,WARNING,NORMAL
7.069120087910188,2.7518724457008426,140.15289950838383,24.168635256979023,856.1611873023951,53.29330373549076,3.0560441389669273,SAFE,NORMAL
7.239654947427975,2.592231416608258,475.74947114905785,32.601223229497116,529.407415893793,53.440684797403456,2.8307891372659375,SAFE,NORMAL
7.5707849280497115,2.2092828274438077,295.8658965260855,26.571459166881052,824.108235413438,49.233165689074355,3.343217275294021,SAFE,NORMAL
7.150650855358636,4.936629972991503,494.56549171408676,29.392110961322516,619.2591960865528,40.04115555783062,4.299162540218178,SAFE,NORMAL
7.540551150678342,0.41186523999914426,418.6027736519161,24.67415342813776,617.664618787116,49.08275686348707,3.593901191309075,SAFE,NORMAL
7.245132090367084,6.662312646053183,327.8832897799465,30.388078308581825,500.09718126871576,47.10034938517738,2.821035935965576,WARNING,NORMAL
5.817173403552291,2.5029315190207524,361.51135853037897,30.0912123603931,949.9189626079163,42.82042561971505,3.023988228815276,WARNING,NORMAL
6.542465224326872,4.028820964756949,355.60440341349,20.49808126548661,990.0224364265914,56.30710243858106,2.9613584656543064,SAFE,NORMAL
7.099138710994869,5.208904874178034,459.16612891067354,27.016500374864723,879.9799682774094,50.15371879563349,2.684183405674156,WARNING,NORMAL
6.353213680011224,1.3410983960711391,566.9670721086874,27.46760213318524,747.7200701442242,41.738020278797954,3.499928517860332,SAFE,NORMAL
7.619950110997343,2.953951467133449,685.0572081770705,25.80111442155595,724.4293128447316,65.83983892299091,3.0369783254538674,SAFE,LEAK
8.271525582640589,2.460058868804566,429.4926962199763,32.53884133712172,895.5866876871125,53.33197936437473,3.3588807129572316,WARNING,NORMAL
8.053133296188122,1.0608918860889645,485.8577069889776,22.131011510297153,677.3756883527286,56.335528635595274,1.8925835993890898,WARNING,LEAK
7.050589990348855,6.083420223938301,592.345888128292,25.206869254351304,937.1778731488662,58.38454903000833,3.5450117387042854,WARNING,NORMAL
8.243508295794967,2.303376699106594,396.1276259965102,23.6026486077393,526.7266669648037,46.51097914143952,2.903997561851183,WARNING,NORMAL
7.304067220041478,1.0187522599889687,356.0298330198078,31.119685908048666,876.6848198675059,54.349254833461124,2.6973709541025803,SAFE,NORMAL
6.964039820217373,3.093236129178789,683.8110400958897,22.885544316938528,931.316708274544,34.56127653016667,2.531162361182071,SAFE,NORMAL
6.770618135521342,0.7595200112123662,428.42788388061047,19.669670937208807,502.3396380020515,57.69888319911054,2.740073171438694,SAFE,NORMAL
6.98827121945831,2.0692850445508113,476.08042172190557,28.72554047360209,548.9747735368975,49.45543466185237,2.986068638825109,SAFE,NORMAL
6.92827622702114,3.736231998011778,257.53596542431205,26.443312815923598,691.9952056377201,54.21380381306707,3.6443522934995474,SAFE,NORMAL
7.319291355662841,0.6780357653370944,387.1424874589175,31.161398482692952,776.1620261233277,49.43845494961579,2.9781445439874212,SAFE,NORMAL
7.312401786734905,4.717791125162417,676.456675199073,30.249373582881738,588.8329034284302,64.54162059139449,3.691363865268635,SAFE,NORMAL
7.20213221410739,3.2168817371772995,505.53677510182257,26.830067364524673,716.5954449857915,59.79336033825865,3.3460759644205953,SAFE,NORMAL
7.505856718822445,5.229667552936353,446.55820096352244,21.227286923465716,328.08136641822057,29.11276113011775,4.109662780202235,WARNING,NORMAL
8.033452392350439,5.189462459406893,617.2458677301752,22.207590724822303,837.6986222086135,54.422139196671935,2.949538307410917,WARNING,NORMAL
7.8646878948089265,2.010102745640333,252.58832950322633,19.90723635128095,846.1663120410478,47.743978005355636,3.406864197618613,SAFE,NORMAL
6.160571422085068,2.0565559467822556,400.23008199493825,26.44695402419787,973.7799368450876,54.73817493267812,3.8244070644663104,SAFE,NORMAL
5.412255205568632,4.245690571787942,722.9986096243758,24.365189176782426,803.2792790370436,54.627104562603144,3.515172406361415,CRITICAL,NORMAL
7.854023937867492,1.1543617201094971,444.00374510273605,26.277122337576518,633.3876425968405,44.056119138247645,3.1148559725934395,SAFE,NORMAL
6.243184911109205,1.161673352363815,443.1736620548927,27.694256702022543,517.4209800444007,49.0736376154017,2.956202310445576,SAFE,NORMAL
7.042664218675122,1.7828745142330977,591.497485948281,34.5932028414492,553.6349832861611,41.84485344861111,2.2281689179596462,SAFE,NORMAL
6.380920881758448,0.8313082595002191,599.8386904667566,29.323469437687038,684.0122831033435,61.88840644663471,3.0802229783542296,SAFE,NORMAL
5.938613693693986,1.0074297926518512,293.8144340177585,27.285348460113543,547.569253816407,52.618282769310234,2.7387838434052596,WARNING,NORMAL
7.579023909743352,1.0406739948598582,501.35600080277675,20.74081287650131,561.6840843262162,53.45971572675953,2.92912658771314,SAFE,NORMAL
7.731408612211853,2.3101903386834963,660.694865223958,27.10484618520638,693.2007575017882,52.431531739037865,3.225834124550305,SAFE,NORMAL
6.796442719491297,2.2249785887040434,372.82990410547717,30.52736596717866,409.91116399445804,41.52150925791271,2.419450166876465,SAFE,NORMAL
5.386270395498563,5.78668566593443,405.3082976355122,28.563357232757628,521.6625928691878,55.06254532589539,2.703590351837387,CRITICAL,NORMAL
6.817628886223262,2.343712063883244,453.4582456234031,22.808555977402452,739.3182091103832,64.28127789074712,3.3936759426899776,SAFE,NORMAL
7.474262803781783,2.783856525889388,533.3213873288558,25.49420181503687,747.9699761100054,37.5512033845284,2.567493351041753,SAFE,NORMAL
6.16476190185811,9.084838089275209,278.6801987438883,27.293491725338676,855.678945795431,50.642353826109,3.1773951014558297,WARNING,NORMAL
7.3283519438454094,0.22256929928672917,76.49670718890974,25.367548617244232,727.8907409488302,56.07688712831964,2.4991601219975244,SAFE,NORMAL
7.1892831055789035,3.4773707871406727,475.85921615834184,24.531576276515313,705.5664677212117,44.011882228865275,3.463162981565502,SAFE,NORMAL
7.605504049720762,2.505916918773086,589.9053373748735,18.411192827774165,814.6655909086711,55.858400502181645,3.5285497002892563,SAFE,NORMAL
7.283706257889907,3.74043603827239,412.5648824260577,23.92727507465487,734.2543221763054,50.3599027486088,3.817459185276646,SAFE,NORMAL
6.518851741382911,1.8798171254592835,376.75201997511726,28.004569413266804,525.0209729110056,44.29936826258142,3.822596644265446,SAFE,NORMAL
8.037600051165144,2.3316742434166144,429.96402931815436,30.50046382617795,556.0800643620256,29.923433152790206,3.337075822314921,WARNING,NORMAL
7.089029298881121,6.857484633742526,641.7055403924344,27.304636040985,1001.783782051296,49.20525646944968,2.3191580196544415,WARNING,NORMAL
7.180886822343048,4.204066126563504,370.2526311042243,31.237795357704066,1279.057045622234,49.41344059787804,3.2010449656309072,WARNING,NORMAL
6.546712428648763,2.426668954349173,518.4338765304402,26.685722610044827,832.4981000513737,60.51376468211315,3.428958944518171,SAFE,NORMAL
6.889702424165943,1.5365843319828307,311.5714803477829,23.489090658708392,518.4854997896194,52.71068108213609,3.2604656806267402,SAFE,NORMAL
6.58063810018117,1.1504053939636412,317.3153429496481,25.103962968387073,1041.8137602444901,45.760362186634346,4.031377431382861,WARNING,NORMAL
7.078937758053604,1.9811900125807775,551.4051680772591,28.996054768452495,622.5576396389348,37.42925940621903,3.848834818236631,SAFE,NORMAL
8.39819593609964,2.601660174348522,646.1243153438327,25.927675564458006,776.4833738561907,56.99637295361233,3.2131016017933596,WARNING,NORMAL
6.239669199948051,9.06234594621165,556.6802538747708,24.430010580562907,696.327620717312,50.939492556873454,3.5728898789861256,WARNING,NORMAL
6.070507021486281,3.292142004118294,203.54046718037074,20.76984438073487,733.4766009690476,46.847802062065796,2.466802335230633,SAFE,NORMAL
8.229819229245527,1.7011110357260175,399.60669125175605,23.42729687602975,620.7491709915616,45.670722038199386,3.2945928455381424,WARNING,NORMAL
7.053473425993694,0.2240784533916905,478.6700240519553,25.411682239162065,933.6192017123153,59.947560549197604,2.568095612146366,SAFE,NORMAL
6.731649082938059,1.498037802511778,457.14889331766193,24.67477439218515,666.7990587964418,61.13033429117195,3.1104707444453648,SAFE,NORMAL
7.927933281177253,1.9834355413223228,219.63893995940504,23.101602777783853,810.2855890643356,44.98620343286761,2.8606325432781126,SAFE,NORMAL
6.776069122184195,3.53358239747404,294.33653094800616,33.22950799505698,806.3937223756207,31.613550558769166,2.8743958461920607,SAFE,NORMAL
8.478206799482855,2.0443994039993885,353.7887458777322,29.401603797164423,680.1226862675624,48.292632365212654,2.79379384825092,WARNING,NORMAL
7.674548109937488,9.343013719089193,441.88750507789865,35.76854284100875,429.15161085524903,51.80878501436831,2.9999305296551464,WARNING,NORMAL
6.858462014298008,2.461157847432354,217.9147293902857,20.57917152849175,551.065261464553,50.57947650812787,2.9140737146628406,SAFE,NORMAL
8.710115749285853,5.9218803320419395,522.0270050094526,28.252574902150755,828.1554892746874,37.405250334213605,3.5166535330651167,WARNING,NORMAL
6.775999553897663,0.6178190671335287,438.84211111848595,25.261564363782693,755.3349752528055,62.264429460843644,3.067796612263219,SAFE,NORMAL
7.719466760406515,2.8333006111975814,324.81559185730947,27.078612007394163,553.2943724540486,35.11652923230227,3.1772083393399195,SAFE,NORMAL
7.409504806284544,1.5120705940405859,473.2304394078838,34.40309458404806,707.8665746850651,44.008563747180624,3.3455369552478764,SAFE,NORMAL
8.111218902579159,6.034250153720336,277.1972930579783,20.042028534193662,737.737767849167,41.82444344670711,3.343930882651798,WARNING,NORMAL
8.293057837708798,2.156869878975035,443.74970860246594,24.7091433457392,804.8972229108483,41.40169729351821,2.665565247003484,WARNING,NORMAL
7.222402904346037,6.987302475814788,233.91390139541815,24.007484485574174,1027.6479395852905,32.53906639725624,3.0678385356353632,WARNING,NORMAL
6.672607490757672,4.67327187109057,251.42580578457176,24.71982403033196,289.08270427847026,50.48509990587776,3.318622223742741,SAFE,NORMAL
7.521980500057381,1.93097789262234,395.5144322208379,18.557276609646344,917.9254312077496,61.316246344884,2.7595528061436854,SAFE,NORMAL
6.725599241173526,1.1302556211437178,364.0479669733119,32.1414806441509,739.0937153104871,48.68241637713623,2.7030846642608566,SAFE,NORMAL
8.609371073268637,1.5940229429751775,496.1146416798992,32.300384224419275,514.551767707265,41.938961446878665,2.6134186136164086,WARNING,NORMAL
7.295574731757917,2.3339033895358745,447.7611847466849,29.327525198304162,729.6794740246492,61.276747536572955,3.301012394244618,SAFE,NORMAL
6.944274914081524,4.652119697808817,702.0474733146805,21.64649386065693,960.3543377964004,56.71453313622307,3.053079569074822,WARNING,NORMAL
7.329276214105436,2.9081724701040184,418.180587331915,28.11056531013769,1014.2251943725003,43.24376497957988,3.1243260314852916,WARNING,NORMAL
6.257011597329213,5.252315432076139,54.070746533404076,30.463941331848783,516.1912439859638,52.578733083249375,2.3099142513534403,WARNING,NORMAL
6.519870173042544,7.354015175685451,205.8793157071937,28.553528707620778,547.2518078625052,58.632181122203,3.235456265508114,WARNING,NORMAL
8.040289735561098,3.0276508954446073,306.4648009583706,26.80255733316062,467.2606275905469,42.76888205139176,3.260294005792172,WARNING,NORMAL
6.740174004720023,1.2493014131738887,856.1446631873578,32.642321595092895,741.9436291304066,50.97358726289466,3.331716783978472,WARNING,NORMAL
6.4671623121226425,3.8672721222596134,445.5932234843069,24.16344049346282,750.8236665882596,46.89214900142211,3.9210719392038613,SAFE,NORMAL
7.5756569267691,10.024774749138299,583.0237892703617,26.32467120728192,877.7489976721386,40.459985354236565,2.8201464107118603,CRITICAL,NORMAL
8.029992908264099,5.45842953893918,570.8650923597318,29.502401318231897,779.4364065468021,51.32988960623131,3.443876902330177,WARNING,NORMAL
7.703267317465547,3.6570178342174136,297.97110455301413,28.271363830099617,860.8294173802352,53.458978993622246,3.3672363512913353,SAFE,NORMAL
7.897233380064072,1.4012680847284729,234.82502587968887,29.239856961103268,450.34960815962177,50.352042196586595,3.4276408294595737,SAFE,NORMAL
6.6702434380013775,2.5305241946649124,527.077603510748,29.134146557200175,1015.4978595112605,43.470239260858264,3.0447911821673532,WARNING,NORMAL
6.204732533280709,0.6619095028983278,183.5455498195318,29.099466442114668,933.5018806124133,66.80626324747895,3.581750474298575,SAFE,LEAK
8.25093355636884,1.067389975357054,567.3190964358128,25.54072637728387,604.7444213671394,46.083183547710995,2.8353227793316473,WARNING,NORMAL
6.974124112810506,3.925079125185193,435.9533612297683,24.209977849422856,558.3000166647266,54.467218265100534,2.965137553683887,SAFE,NORMAL
7.024416888481467,0.5145814776501929,523.9265082644523,27.548555145510345,834.3208892124217,56.45870908422127,3.107396667803645,SAFE,NORMAL
8.12973589929434,2.241839831134065,486.4130700349209,33.04475482840576,418.90806281790185,30.0726442156579,3.0852912689600824,WARNING,NORMAL
7.589361006580462,0.9588047327952625,492.81941983895535,26.900557190891355,567.6626399460065,56.63493810153262,3.386805377501311,SAFE,NORMAL
7.519121440457125,1.118163789181273,462.5383849926825,29.397593643704873,515.003154830368,50.071553141707454,3.3301457281290032,SAFE,NORMAL
8.715501641430759,3.069774083697741,483.7922104754859,27.449749304448716,682.5706455463127,47.89519692119706,3.3344194239946385,WARNING,NORMAL
6.7495372387339,1.5959334661868012,455.5302016248557,35.134900752865164,620.0851029046585,49.01601698458627,3.8608754602512194,SAFE,NORMAL
7.849488089656866,0.7817258385228395,284.8231870690312,26.44833583576198,558.6251869719446,54.66303783582166,3.0960344295477746,SAFE,NORMAL
7.239909187427959,1.8744888231383603,402.7369719396943,29.411347943778033,540.9398723922037,31.73947977088359,3.72811359349247,SAFE,NORMAL
7.38801459520428,0.7539281268786241,710.3724898500798,24.124444055154083,584.9706305841236,50.25555801815437,2.667737970712582,WARNING,NORMAL
8.269927898488772,6.698919960223264,487.693901925287,22.51824011950107,485.782296084329,53.44826888617205,3.1358583721316804,WARNING,NORMAL
7.555485029402737,4.833007798036373,587.0939475602114,26.972393089603386,797.6811537503978,67.28851431348599,3.1664804390607744,SAFE,LEAK
7.576807255334743,4.817985038331568,332.0228248479778,31.724391708820313,902.7084471360066,39.19826618175843,2.5458611579297874,SAFE,NORMAL
7.950755136116862,1.4653397277869882,329.9336838318326,29.53435576451019,772.2767190236692,53.54717743685834,3.2225132708674344,SAFE,NORMAL
6.944533089319981,4.018553339974018,305.58570904506615,18.654398265478434,948.9051668701761,46.127980280794944,3.2578996332603287,SAFE,NORMAL
6.6125532328626955,3.4119993285007832,290.1877211534529,29.93143713018735,548.6990795690407,53.87600855523867,3.498672169297599,SAFE,NORMAL
6.468633564185277,1.5645781443994873,255.31218038929174,20.874598388748787,565.2410881933752,56.93310829511382,3.4410624250774777,SAFE,NORMAL
5.823550387436799,2.7691904187246688,477.9857472298017,30.359968665481542,779.6083340247294,44.11864685389739,2.561260896427559,WARNING,NORMAL
8.639344990958225,0.6282963342313777,407.3017397594146,29.177638923430454,803.0023660046104,65.64104516020043,3.7979711952362276,WARNING,LEAK
6.427754143994822,1.1585990966194217,555.0593859914065,26.400778216632645,702.7525591532453,60.57256074519257,2.9687724969562868,SAFE,NORMAL
7.045122463489959,2.710371123699575,412.75242180539215,29.909010425568272,695.532467995697,56.30572772065361,2.89758392074231,SAFE,NORMAL
7.006230690077755,1.9656651854378424,161.61122508224253,25.94346800995652,508.0952676164481,47.14582317849672,3.4451292432666314,SAFE,NORMAL
7.415184688466371,3.7678362267870176,503.2340160769666,27.597454784605315,221.10586082921117,45.56377991160156,3.6255309230626023,SAFE,NORMAL
7.771016048777508,1.6013653841094884,206.35037090206566,21.247078347451414,800.3657330214426,53.516860274177446,2.9639356151986274,SAFE,NORMAL
7.8023314418518215,2.2094583000591865,475.7273216858022,25.975202878675212,876.7282791190105,46.846911007630744,3.177825842603035,SAFE,NORMAL
6.791845793001743,2.8879543146114885,357.437095726093,30.695450284636518,621.4953591408747,45.81029540686744,3.6555679294312804,SAFE,NORMAL
7.083014800349512,1.4873639743688156,477.90120403889506,21.675362726029437,600.6183853140541,65.32172507697625,2.734683454077855,SAFE,LEAK
7.39780596534181,2.178969464747135,276.76577312794814,30.274494733961934,581.4200153675971,54.38036872039757,1.8007044970526624,SAFE,LEAK
7.025916211671517,3.3944296004778622,543.399062897461,18.925121106883207,632.4666888138408,56.58841028750345,3.468870374668031,SAFE,NORMAL
8.325141903213995,7.987763577236108,454.51313355644857,22.24161664867956,881.1231202165084,65.01274773431038,3.6575042169618563,WARNING,LEAK
7.543682466146776,1.4952073309241587,408.69563051719336,25.74085258685762,531.7465830564756,50.664952130625544,2.402833624094266,SAFE,NORMAL
7.714414450234872,1.9734941757926288,246.6299370176569,27.614340000138515,816.1845144908208,44.94012100178386,3.189898045618579,SAFE,NORMAL
7.664016888067189,5.421298316874817,667.264180962187,24.70914928067479,610.4091833737668,41.438556018075985,2.9509795111257677,WARNING,NORMAL
8.021431700239727,6.357562049750268,341.184874137488,24.599971446181407,341.07615632225725,60.83567907465553,3.2643147148209657,WARNING,NORMAL
7.326715091092595,4.2946739235420175,481.5528934513315,31.42864151774265,638.2084301528049,47.01708827358426,2.165772495823238,SAFE,LEAK
6.292217636430908,6.247751881645186,336.1345266508589,31.754760700250195,995.096309506831,26.365513981395353,2.566341701972997,WARNING,NORMAL
7.479781566226849,1.4217579241031935,903.2987971353743,25.302419072761957,576.6324762188515,28.706327384274832,3.4243649447533255,CRITICAL,NORMAL
6.74405017434572,5.84878211384501,467.930564483121,25.42355049980346,657.3015920741177,38.196062311855144,3.133389971746458,WARNING,NORMAL
6.82996832277517,4.952426795267907,376.2374648955092,25.85178279552833,701.4552276123461,46.994231948985906,3.9522579313921895,SAFE,NORMAL
7.610454813128565,1.103946798805222,522.6910557060053,35.87098142619392,735.5247253286062,48.187777651492766,3.494274732708256,SAFE,NORMAL
8.066798150003546,2.2356750046433413,540.0074156528068,27.067848598219996,977.6221329162129,54.208037363446145,2.7184944232267685,WARNING,NORMAL
7.214890103715243,0.30348185814607087,497.3518722429917,33.284066625793585,557.2712655241164,40.90454135222443,3.5597013143818153,SAFE,NORMAL
7.416183108819275,3.2125676571093935,411.1779067869133,29.928069059588168,701.9130369512563,51.74714044074316,4.054214966487077,SAFE,NORMAL
8.391550461244666,5.776497055885482,502.8608607124348,26.580539075755897,836.5564916068889,57.072861549033355,3.1638615931995595,WARNING,NORMAL
7.368527225641998,1.8904320653355007,431.3590135060789,24.410449371653666,571.4595220004653,48.84823344771814,3.401403852708247,SAFE,NORMAL
9.021178179926277,1.2281178494533862,446.9648168269193,30.116758885643623,713.1565662934986,46.28207097691814,3.6126905026076184,CRITICAL,NORMAL
7.595856751942081,1.1506195451946015,355.7505608012812,23.855477455269572,876.7812175624468,43.06683279334013,3.11658930259259,SAFE,NORMAL
5.9674660685909275,2.8550931056867928,274.38766127782264,25.453947819144346,606.4400917143594,59.16752338082024,2.1424127046855608,WARNING,LEAK
7.727339134773173,4.26756576383991,517.5896400988602,29.63536793748593,668.8195282126194,39.04035470362408,3.477944146444794,SAFE,NORMAL
7.4668108694179445,8.099533551284255,522.7560220016514,26.03766152615709,492.7157479964563,62.61544255436226,3.599878555971974,WARNING,NORMAL
8.102826927857922,0.2707206919574761,605.5966523903179,25.420189007749716,870.445325272356,49.81939704076773,3.931579789163158,WARNING,NORMAL
7.6712269458889715,7.4521931331334805,455.8217594663471,25.76822377469983,728.53957911078,41.690574667968406,2.6498797241392067,WARNING,NORMAL
7.103080811211359,3.342335519481324,424.11195506753404,24.253187980040625,623.4272602811277,56.72606871469723,2.672969153798469,SAFE,NORMAL
6.342991234597444,5.591050503513067,280.82245167867086,28.797858607897922,644.5005604088742,54.06520449341173,2.8554609333617798,WARNING,NORMAL
7.053683719899783,4.752501593197297,445.2571384602211,27.14498290929304,698.3760614967925,53.32571029466325,3.1160430579822505,SAFE,NORMAL
6.60463568205349,2.9905455311066556,493.22377635998595,21.57531175522013,760.1536478138029,55.6322544248645,3.469199678819776,SAFE,NORMAL
6.7936335851366945,2.9051390196988347,231.631363210539,25.050132698164063,582.5094796370288,51.2957690506466,2.639449853484023,SAFE,NORMAL
7.612004883094427,3.845900356920799,578.2826747036472,25.53183441567018,596.6636812735433,53.67015934200446,3.6746278662314227,SAFE,NORMAL
8.368933153045985,2.3753385380540006,364.55550165507213,25.503823502421348,652.6008785315239,60.88584122730937,3.6494001774414344,WARNING,NORMAL
7.476270070876087,2.5285654528699695,426.467966145944,29.396367068459817,727.183579538376,51.62022396538916,3.663686431956616,SAFE,NORMAL
6.362881856575371,4.416200795824876,521.7324780403771,24.191226020437576,989.0681449711769,56.55729223077075,3.044839206383323,SAFE,NORMAL
7.511221867754099,1.4904577638463536,449.12241836783403,37.815500770356905,555.5072737227663,32.40326433755317,2.0824924398040174,SAFE,LEAK
8.037642040651956,5.954674745496105,618.4033388847706,32.542222328867894,402.46415908877464,52.59420036759634,4.000640356741974,WARNING,NORMAL
6.773151966976433,5.6230766148604525,525.4567380941648,32.522945650556395,951.9859828637692,70.18278583706434,2.9035560654247465,WARNING,LEAK
7.106187983328958,1.9818748763300302,432.200147243856,22.8652047487708,541.9756449501527,35.70592306509842,3.5588076428364026,SAFE,NORMAL
7.210281736310439,4.447092576560885,75.57005437218498,18.8776935526965,964.158122982257,66.00318787846103,3.2608409632549638,SAFE,LEAK
6.650571180842432,4.05627883380171,569.5424005314366,25.64372242153891,923.8447096962623,55.76839304524594,3.764367010471675,SAFE,NORMAL
7.653796303690702,1.815565711003905,308.4531573979931,28.174103490446623,797.9741106695534,36.422553776383324,3.174352944533762,SAFE,NORMAL
7.115336295974553,4.6785718120118505,552.2237910866123,26.35216483475991,918.7886803276754,50.323584082754486,3.2343858734948463,SAFE,NORMAL
7.49367271073492,7.813035051224832,508.8227128967779,24.880707937896776,370.3167526494879,53.21739110569028,3.2899555660150916,WARNING,NORMAL
6.5787554755385305,6.092632859766166,426.14568225257614,20.03604841758596,456.5721265451474,57.2904449153998,3.4087874231172512,WARNING,NORMAL
6.893779189773613,0.7725746362106317,564.3949505163023,24.311434906440862,751.1403931630333,46.51743441144232,2.5823458800548007,SAFE,NORMAL
7.70566695047944,4.157151412091741,512.5247709080535,26.027679324090904,630.3804644863087,55.56988747381717,4.137813112090068,SAFE,NORMAL
6.939016793535763,5.4429211891531635,489.4034874400236,25.018531288941205,558.6908665315715,61.08210082229737,3.164661557684091,WARNING,NORMAL
8.408874695863384,1.7175582068102224,244.04074683873435,24.995764478027617,845.4346478647826,57.091804493414,3.487541983383165,WARNING,NORMAL
6.920254670069778,5.955433463614335,454.78178874183885,23.806851331257057,746.3509021437076,59.545553795813575,3.957927162671052,WARNING,NORMAL
7.35727930802632,1.555169670978945,300.860873000421,33.619433739951326,888.8766126326502,46.435601988551866,3.196076933081947,SAFE,NORMAL
7.852813582311163,2.3560698935033577,318.4874664395517,29.8337892197946,633.0579891513378,55.482620033612804,2.701983021599868,SAFE,NORMAL
6.207143986946878,1.6082262984032132,406.6629078465805,30.824039750518438,697.0430369084244,68.39822294104529,2.686092497342757,SAFE,LEAK
5.967433831613457,1.38782289914057,625.6100937572069,28.091088564018158,977.1342402006228,41.36067955553327,2.9751310294345794,WARNING,NORMAL
6.132040579800934,3.8414931796536416,493.8468941234572,21.659608615128985,468.98944414749974,53.37626570992158,3.36667350298315,SAFE,NORMAL
8.083808872399027,0.8460597806260147,501.7522129926067,29.953724818752292,684.4880217789629,41.07975291185575,3.418956769660117,WARNING,NORMAL
6.813699297875288,2.4611668549640453,542.4512126287584,32.392890268227994,542.6069986483942,60.03767166607152,3.7649312033848377,SAFE,NORMAL
8.990739499967777,3.8428941565679304,345.03836383928694,32.97623566658956,1005.1877509243579,34.18523543685851,2.4316877755461417,WARNING,NORMAL
6.805026680939828,1.6277942791921196,260.83082306283836,29.494553688136037,1133.0357692591865,45.45655291990929,3.3108511462928267,WARNING,NORMAL
7.329185912237926,6.656107583553327,239.52206151093844,27.00395063663605,737.7764590789526,68.45555300316265,3.5078368547335126,WARNING,LEAK
8.279476966797514,2.6177079900768594,477.72852893783045,26.99243374161673,788.6766345144447,46.04322745499734,3.4890761877139385,WARNING,NORMAL
8.604265021711386,8.63943355826384,568.4029463993401,29.075138582313773,681.3316745813967,49.511795211420214,1.9915702130549555,WARNING,LEAK
8.643052503645478,0.7516629127235323,559.5299735896616,20.43596721520831,674.3783384536093,59.97171611517255,3.0140091644816773,WARNING,NORMAL
8.0458563614152,3.951948411231209,350.2742582026682,29.55431823666835,715.0396453439229,48.89097433147492,3.606861743811483,WARNING,NORMAL
7.9168437680680235,3.4037653689989242,612.6594639450009,25.057258225251594,457.1881352183262,33.74130500448081,2.7937717595254496,SAFE,NORMAL
7.614768864440828,2.155420372662783,695.1650692164382,35.83786715921182,818.8530005822843,41.43803957011606,2.606854492094637,SAFE,NORMAL
7.744852753316646,3.0041728408990673,522.9158111217768,25.798010442578374,522.6338780641472,60.54492536600702,3.48194966084128,SAFE,NORMAL
6.814169998570026,4.3774861666102005,628.4735552727482,27.77814823239776,636.3069651588802,61.771687057965615,3.3495839303763852,SAFE,NORMAL
6.627260781604385,4.968916995025071,554.7786725410054,27.578878298713835,705.9725874178714,33.94259182082184,3.315246154854846,SAFE,NORMAL
7.1976378798123335,2.685092997393169,422.43412878658626,24.231450209462068,562.8131606487767,42.40406487529573,2.8768507654600497,SAFE,NORMAL
7.08087076423255,3.98853796957271,370.250182088344,28.82920839845301,807.598113687249,44.621485873494,2.5426668088640834,SAFE,NORMAL
6.882740365470908,1.484106337805654,256.43062155890277,28.36836098508394,614.4235972381589,46.95421192711353,3.6747213377816066,SAFE,NORMAL
7.687471213219701,5.0356025647729,396.6284902399501,31.091219338352964,891.8014811076359,42.568771508696514,4.868690956241153,WARNING,NORMAL
7.868713645999358,7.536258628026147,421.5802249241313,29.881789773023552,543.1823146040887,50.84729579118652,2.3898901038475384,WARNING,NORMAL
7.261884820404293,5.303465943016476,424.23271274513905,27.748589678872133,669.9605367670573,45.41596104576198,3.710115900685359,WARNING,NORMAL
8.234271056738683,1.6111617309113067,436.4902242559263,23.724879735702597,507.0617816507131,46.57171641808981,3.11438919062687,WARNING,NORMAL
6.4008176201065465,1.2816223205119368,174.75632997269327,23.84113767159004,876.8461168189625,40.93778624320372,3.3585778562148185,SAFE,NORMAL
7.064438378504198,12.251431435890431,543.4835445575657,33.62804293570172,644.035260514074,56.27006449215705,3.170135835448353,CRITICAL,NORMAL
6.698224375578037,7.207519694239738,557.4104203277201,27.348586375031747,599.7176804176247,38.90261366447391,4.2976077942008075,WARNING,NORMAL
5.8934243680488585,4.9814689302950805,494.523745918322,35.30623672917972,665.8082216877696,53.05393344969447,2.7989786078121277,WARNING,NORMAL
7.14212351991011,7.867043552171366,309.67854434810346,23.726965285295506,680.2866815258255,58.02643633180384,2.8992766241899726,WARNING,NORMAL
7.114776744131702,2.930223089472016,494.0382907861232,35.77524385576788,772.9566345168097,65.9274605629515,3.2380892955311618,SAFE,LEAK
8.259414820269491,4.918382304494234,452.7132028577466,23.225946525424177,797.0416309727617,54.00390704565103,3.4837284219761617,WARNING,NORMAL
7.6415681791883445,6.609212796525967,506.93792355006315,25.24645690125652,672.7148642024273,51.80963073596257,3.8674574343548795,WARNING,NORMAL
6.483069222969557,2.3744235357084444,636.1347107359697,28.768574716835868,692.9612734853969,36.47720860987997,3.4458257873488916,SAFE,NORMAL
8.497864796433932,4.154983451666322,428.5837206702661,30.990154371865295,140.7533165441464,61.78185971618227,3.3127479268322637,WARNING,NORMAL
8.054723586867746,6.124005811749723,471.7830596095977,29.712319757540392,618.6386188495521,51.143615012429166,2.9791219901149186,WARNING,NORMAL
7.607468392428031,1.2005991591983602,346.27661970890995,19.34755624407734,957.5233569734651,52.4748093556748,3.4562230850657145,SAFE,NORMAL
7.041461130805118,2.1892323002343157,560.6011583373081,24.710385417874683,780.76513603934,53.16339010079444,2.84322006036931,SAFE,NORMAL
6.528392534293564,6.031598101026101,534.328400593131,22.41790712198481,506.8356231988372,50.91399494308559,3.301033930077874,WARNING,NORMAL
6.939455256750263,3.472252988454048,475.98726565659507,21.474748662421597,630.2467990764608,50.06321875216308,3.0910115472097237,SAFE,NORMAL
7.96212403379293,3.140860251229587,323.6242940513231,26.935070890076744,592.5940043489541,47.08344287045017,2.7087195303619684,SAFE,NORMAL
8.519210414154227,2.867596911684344,368.0036005383225,18.55371292714626,892.6195917381772,55.815935385101156,3.9793355419774312,WARNING,NORMAL
8.280270469790533,6.457960220619197,230.24896346259195,30.999628268660235,874.3509718113704,37.99771361580822,2.710172090874318,WARNING,NORMAL
6.857805404749608,1.3228848543152703,366.58768055081674,29.979157248936165,559.4186309063161,37.82674286232568,3.0030301928701393,SAFE,NORMAL
6.416267796697692,2.0707223774595733,535.1240873500095,33.47763913557542,701.7776912752038,43.222977314376344,2.40754316539351,SAFE,NORMAL
7.298620372837843,0.8387451155369618,497.4914165109684,22.733418619636115,495.920165825353,59.989693750456226,3.1160189216193364,SAFE,NORMAL
5.962092444106004,2.3164748221939853,469.1625553452043,23.127023878793743,587.2092443668704,53.5621395876349,3.416787231226605,WARNING,NORMAL
7.426217399929347,3.347996603808433,628.1158909101981,31.208654725125633,593.8440136363932,44.922871646188085,2.7466472132026056,SAFE,NORMAL
7.096678189590932,0.43793877476603954,486.5435699196148,31.51117382873516,573.5927935946245,43.595210572078244,2.290483106340671,SAFE,NORMAL
6.873774448692231,1.5044312559280493,380.74141949326065,32.39463055037191,765.916816882655,49.364632310681905,3.012487513523851,SAFE,NORMAL
6.083707852913244,3.468368835926305,366.00777488802095,31.616651121685827,942.8460053645713,53.20216932762819,3.1216517244600386,SAFE,NORMAL
7.559520074598802,4.10843412128307,422.19420397063055,27.87658135462939,689.1508110799704,60.887149416941185,3.082406653662814,SAFE,NORMAL
6.827109412236663,9.049633730574387,395.97659960393605,25.159742442137773,510.1097841572889,66.42238946660945,3.992613634451076,WARNING,LEAK
6.381058215002799,4.550725684295246,564.3577794027349,29.939995995065804,737.4592142629199,48.9928585960326,3.3674663355703816,SAFE,NORMAL
5.189416450702845,2.605035282616141,500.5736619276228,25.232595641996095,737.7053016117449,67.61687787913414,3.328210454771049,CRITICAL,LEAK
7.180739566464554,3.281631496213553,411.639227104864,27.421134189766548,666.0253901475929,50.6371224798108,3.3649733412443306,SAFE,NORMAL
8.44057611766882,3.36577275000164,416.20754358794125,25.472879069431336,1034.6406648354096,52.418677465862494,3.3617917529404373,WARNING,NORMAL
8.36288145018351,2.0734572702853957,534.3890074586894,28.066530449850998,743.9428637594947,57.830165277117686,2.9784075656864295,WARNING,NORMAL
6.88003262038961,3.577959636985836,571.3130529663578,31.96826743585934,803.2879324405696,58.99090121088433,2.7322130124002983,SAFE,NORMAL
6.778451557746754,1.9919078724268002,228.79180178276485,25.60220306745077,296.402217950924,62.60321313318738,4.4356920247386675,SAFE,NORMAL
7.528141979252517,3.709116747633721,429.4544995461466,24.994465162427367,526.6795552676425,39.714112281820384,3.1268987454738872,SAFE,NORMAL
6.501130192568196,2.865351068434798,460.9789711681208,26.575455766510345,792.5036317025614,50.97769731127681,3.2108129326620736,SAFE,NORMAL
7.411254329873627,2.515330685299494,515.7766056699077,22.284080224758156,751.0867783777036,60.04101502989282,3.222633821672699,SAFE,NORMAL
7.736256194869283,2.5722081688482774,463.559092118157,29.656481933871593,631.871093389952,41.455791653046504,2.8215013746622795,SAFE,NORMAL
8.058853256719015,5.084224951096151,498.8639898967776,27.4660756142832,781.641714223083,35.02380059955923,3.2892293164240365,WARNING,NORMAL
7.129892146464034,4.752668984343085,421.56490320670247,26.858444823557807,866.9140346026843,38.11044062864809,2.560515538247948,SAFE,NORMAL
7.057428374876124,2.414762137381107,353.29668536958906,28.314610449631274,614.8912442482075,49.02656335013181,3.557956232125148,SAFE,NORMAL
6.585412189270407,4.949687605267568,544.103411998268,21.104192299925682,587.8597631392557,66.17301312016292,3.071910601900636,SAFE,LEAK
6.621183752172098,2.822768692029462,547.908718678138,32.60260979525477,653.9228935763829,37.93213915244279,3.7641219266916046,SAFE,NORMAL
7.041464775668931,2.856208396424268,528.2200478602863,24.921406379485823,789.6646942503398,40.673645935866446,3.458682288920251,SAFE,NORMAL
7.457155854771325,2.0749436273833477,549.5748976928304,25.500972124134226,596.9328574465806,45.973533417694405,3.3968814125164983,SAFE,NORMAL
7.8395092383632745,8.432973205090606,333.392692769384,30.4601490879464,853.5253015822527,42.05325829603667,2.8031202396606685,WARNING,NORMAL
6.6377747345237585,7.855383422897151,389.1077864595963,29.444933673221264,613.2377322464847,40.60474309324242,3.2350964355667866,WARNING,NORMAL
8.244881998271666,1.7277984726513338,584.3839955922895,34.99545117340375,599.2785761074566,33.69090764746365,3.5777990977790055,WARNING,NORMAL
7.010213479270202,2.3031590416229055,492.74797474411685,23.13930758078073,1122.3608842356487,45.77441409153923,3.2582788217368024,WARNING,NORMAL
7.185042893956095,3.917361190755654,456.74007077605415,23.24940503066889,477.7748585146378,65.68139428793104,2.5212065802511736,SAFE,LEAK
6.676951824596523,4.44192550092282,419.77286990010845,22.216522501507765,840.7092469511347,54.438260170542506,3.6927235358048924,SAFE,NORMAL
5.5030318178089415,1.2237656061403743,602.1478554205063,27.534090033021446,374.8408593576062,59.41037406619441,3.5779430874077383,WARNING,NORMAL
7.8188317774527345,1.419363606237715,237.54793169565306,25.91768228416194,818.4719857316406,45.161387579763364,2.449667444990375,SAFE,NORMAL
7.715790727964704,4.451777311277126,485.28875553827334,24.218806170749954,1184.5230412866085,43.25970106422233,3.2629241954027433,WARNING,NORMAL
7.0030707100172505,0.7656819804993922,442.0066372793394,26.7373083024146,890.2676070152907,54.17137350007024,3.607641538821534,SAFE,NORMAL
7.246893502057411,1.7405055526791784,299.6980569350793,22.87143160017262,940.8524180733787,50.67115010592582,2.900214686349765,SAFE,NORMAL
7.5611574523928695,5.475699044210468,643.9969414786674,33.1838177282917,682.7051704374362,49.555454218199706,2.537484341975323,WARNING,NORMAL
6.10621790017942,5.304256933784139,127.12723343784279,24.203072097048942,869.608318961412,63.418281329503614,2.662632086973847,WARNING,NORMAL
6.829663125857594,8.130484514695768,464.5505700118433,24.71542130517024,744.7584260971748,43.558659993852864,3.145556995401238,WARNING,NORMAL
7.755985275735279,9.948612243919538,513.4154270188451,17.45239983497217,1064.6734484588324,42.452834901415414,3.665309072481783,WARNING,NORMAL
6.321997403781525,15.511896764974427,332.9927129495505,20.41794386954178,500.8056437413875,56.812754368389754,2.656350708447755,CRITICAL,NORMAL
7.405490552516641,2.2498811871645668,483.27123532393955,24.647835015402997,913.7471762429379,55.73618316061666,2.6601222242741267,SAFE,NORMAL
6.250392736763617,1.8405055771911494,423.0621414643887,25.77801874293343,776.9864923465437,41.647477631841994,3.0482858633787058,SAFE,NORMAL
7.526500987703469,4.02611783177244,568.5659177536011,29.87752415349224,535.6948351772203,50.63226701615616,3.5438192784188227,SAFE,NORMAL
7.1750509623917615,0.8591894172348913,871.6411575678551,21.01758328823713,650.5972467296108,35.651927469152355,4.076901020168917,WARNING,NORMAL
6.069407728866143,2.478687976931642,490.63124997470584,28.80868298916552,411.8289115982356,52.3841302446713,3.243957817402504,SAFE,NORMAL
8.01531754812002,3.3412150949242028,522.4857191254267,29.496746343216348,112.33033359636568,46.253759251438595,2.862615872763678,WARNING,NORMAL
6.685785896241366,4.245467017476554,332.98128645563327,29.707784497542406,484.08026122466254,48.03284581607804,2.8018194689324223,SAFE,NORMAL
6.632823294089934,4.573625325752697,475.77588179751643,31.142639122506772,630.1523287870732,40.88054700042262,3.8860842014197527,SAFE,NORMAL
7.34039843806166,2.4190445519398756,405.238601822023,22.352319617845797,714.6137448097923,59.55814603303737,2.5685685865228365,SAFE,NORMAL
8.004046144600101,0.9926671025139198,543.4572922233467,29.1649246160432,464.2390121778635,52.09881855384536,3.296920342857597,WARNING,NORMAL
6.488924726715123,1.2084727048802943,278.87528048195304,34.06064360495751,643.0114621021763,57.94909366300914,3.858833098286188,SAFE,NORMAL
7.2431758948935805,0.37561713797403,321.178674372405,32.6010792620525,742.5543367774204,49.16108926158962,3.1208433602191215,SAFE,NORMAL
7.500171550231401,1.896263050764943,591.6023175235167,34.56782284721055,596.2469831795418,59.517836712676996,2.6594659007727968,SAFE,NORMAL
7.685173925084201,0.8391065778068917,475.1985832896596,27.964012657303176,505.44563873990353,35.0564067041465,3.464608589874051,SAFE,NORMAL
7.323509088694058,2.00699884457479,608.858953526509,24.63258925240738,568.3576798224888,50.04655189610389,3.251978819689826,SAFE,NORMAL
6.943080512641675,3.9972770593677454,493.6493572992323,16.878379645618693,940.584874786141,59.56080261028088,3.43520323507222,SAFE,NORMAL
6.6206868455458965,1.0154209709947162,511.1734956832541,22.029048467162035,389.1928644798169,34.15180498802812,3.4893104169203877,SAFE,NORMAL
7.260300718132463,3.2033323733406185,412.85959406882455,24.898396101049006,907.7834537538746,51.03399435216221,3.4588844641254495,SAFE,NORMAL
6.449502691610076,2.398500635303669,426.7647168451624,25.619539436281777,945.7634904274146,54.617129993158656,3.3480159626008,SAFE,NORMAL
5.155054661553775,3.847895168182198,565.730094974442,23.83298737131772,635.8756518909595,46.92447330472619,3.5384926774859498,CRITICAL,NORMAL
7.505591862910368,4.513146755666319,432.8117349703728,28.35828370721087,782.8258994380058,57.956336007202644,3.8745319614860656,SAFE,NORMAL
7.832754388760337,2.281347955878955,592.0242533722324,27.779239591910496,559.4352735223488,58.0373478647726,2.808285813460292,SAFE,NORMAL
5.545947295120714,3.0051888099384056,436.81756346338807,27.163811638704875,748.1884677689993,45.054774858700185,3.067169726433773,WARNING,NORMAL
6.493188506703044,2.4059733353187176,308.4432678786379,30.141174428140193,1100.7594407207835,46.90551599310291,3.5968771192589575,WARNING,NORMAL
7.6334079827036385,2.0580136218304554,297.5092254093963,25.121458046924,928.8071109676246,40.70835556383,3.1635933610787084,SAFE,NORMAL
8.640246828798189,1.6666752272168597,429.39167893259184,31.38395782498146,609.3660062860091,52.54123910820497,2.568155809505582,WARNING,NORMAL
7.214555595372786,4.223336746006116,559.8887782989053,22.18485869521752,462.54002296821716,51.61993592515769,3.366425088891454,SAFE,NORMAL
6.690397941139606,7.192437720254644,370.18896623018554,25.78568019225442,647.1388343103619,50.018673979937155,2.954292722271307,WARNING,NORMAL
7.071972491226612,6.627223810591239,537.8143783670662,28.274171054655824,749.1929548624054,50.80537344341323,4.260176026738392,WARNING,NORMAL
8.16241349340373,0.9249233766739444,462.08822955810217,19.325295337909033,829.8901467192712,43.14243996069006,3.6966455707802472,WARNING,NORMAL
6.747825074612826,7.103713089274935,522.7451731221123,24.98449823918812,680.3412307336118,38.56908287903633,3.779808737515085,WARNING,NORMAL
6.640565595344823,1.3484508778796418,415.23753926957386,29.84699455990084,1021.486537437869,53.55360596713489,3.2208427272213958,WARNING,NORMAL
6.862079534472578,3.342174279544685,471.9611940448785,25.290633551264857,705.8674683945399,48.414964637702084,3.3552610543877,SAFE,NORMAL
6.532669974218901,3.7896746377250876,562.6491810067887,19.70954918705759,614.4331928055702,41.751214209005965,3.0288080102448203,SAFE,NORMAL
7.285869221196357,0.7035481977720283,447.9394273694149,23.450629969146476,794.4175014246944,44.19979242384588,2.780960169555872,SAFE,NORMAL
8.337274920928692,2.6121809019091673,387.0174264078807,21.619522675559786,826.0098826397478,57.3483504585864,2.744123133463722,WARNING,NORMAL
7.426155491181221,7.400725288958767,231.87055350017732,28.984815596122974,562.689148295411,56.89157352041611,4.268301259541029,WARNING,NORMAL
7.023352548511599,0.23383874290972095,514.9838995746535,27.469148964940718,531.0500060549382,55.30356777325913,3.398431752622901,SAFE,NORMAL
6.99573211175912,12.861779011495967,357.40144873536656,20.754158891145163,404.4480373681568,49.66983504802589,2.5386543571807523,CRITICAL,NORMAL
6.10576643391234,0.35469762849446834,387.53410595359003,20.448127098666966,647.989809709165,44.54370298237056,3.6807432932535558,SAFE,NORMAL
7.818176844003012,3.7203275777425846,321.49712453380437,24.100573297224663,919.0164829049954,60.578271530683736,4.5115923352723755,SAFE,NORMAL
7.145513962091039,0.7401127959485776,422.38982860663725,27.125165934443103,819.9010307743096,47.412827480891536,2.4321730856708736,SAFE,NORMAL
7.073664060486562,4.157029071049409,701.7052698056478,24.3125309520285,902.2959692245468,52.164749886088465,3.5001424921830844,WARNING,NORMAL
9.435175297491403,6.431570464023338,492.2446932009141,28.400906172219198,582.2133726446125,43.19565753461992,2.6386637956757744,CRITICAL,NORMAL
7.40912703585598,5.288352955491854,372.7034210575781,28.262289595441672,670.5906967509416,48.09396340836932,3.7777552574623106,WARNING,NORMAL
6.673746264933371,5.894397383193427,395.2435929004517,29.12921510735354,356.967302975467,28.668094065797295,2.1302807391983674,WARNING,LEAK
6.90154968265612,2.414553434433961,277.3524300064356,21.346664134389066,881.4163037544737,44.96998720607736,3.2394308205871623,SAFE,NORMAL
8.00391199643773,7.366291721499,314.3265691259305,25.89672067216747,941.6934801292468,37.8112941086422,3.42187190684381,WARNING,NORMAL
7.279289287376435,11.000920699757978,295.2579936838911,31.301730869209507,508.017119956088,51.73787042936395,2.5076922993853756,CRITICAL,NORMAL
6.193205415177843,3.2172386011003393,482.43984997935996,24.312541969521604,992.6348964870949,45.23393921665164,3.422031931821827,SAFE,NORMAL
7.843460254202642,2.1999045996544457,503.60542791250987,23.74579477076266,657.7919383834043,47.58683735978193,2.9675862655430016,SAFE,NORMAL
6.732299140122705,1.5277648055953077,459.3118163809294,25.046689292798895,505.0102934339492,67.04285678822204,4.061572657047457,SAFE,LEAK
8.511308443352283,5.053510965377974,494.38088289036546,24.946356302174237,643.1306468477532,41.82889989859052,2.488111981034365,WARNING,NORMAL
7.956033646000254,6.087401831233988,358.05562915855575,27.48589244868904,813.1161670439283,50.97530530819573,3.6542483857601806,WARNING,NORMAL
6.886874673038874,2.200696574508198,312.2067798726507,24.673910885125185,690.3057685867869,51.75510907712434,3.1500145595711677,SAFE,NORMAL
8.09671145321458,8.453508727881355,311.4459810774762,18.920764499319695,595.9535785045753,42.40147676038819,3.8468190983694206,WARNING,NORMAL
7.247498857369182,4.7613355236766886,306.12887142435636,31.74125870639495,806.6184510769388,58.82784271275233,3.8583140265935207,SAFE,NORMAL
7.7969415725855535,3.189564516611591,493.0409647261372,29.02568377911211,823.2052676505559,63.17063060050006,3.074191012103242,SAFE,NORMAL
7.539312972106132,3.8092786632979854,691.6438019441823,27.596327367139658,668.694253732267,59.595829423393276,3.177657745284848,SAFE,NORMAL
6.607550341506389,1.2401518125981095,324.32711518907524,26.623309841778195,635.7835169468328,42.36926871061422,3.6543710906068747,SAFE,NORMAL
6.7495151173777765,5.013378108643962,408.9665025802497,25.709176400526253,601.789283593152,44.377353770511164,3.460980352410502,WARNING,NORMAL
7.9209725723068125,1.317719425518529,474.34720551193504,23.800133413006357,786.1423418487186,33.78516066272738,3.1413464864303524,SAFE,NORMAL
6.965657267525422,1.9743820582253586,416.5190374190363,19.489666538808365,411.2382949086522,48.54638438194033,2.7833049055586345,SAFE,NORMAL
6.917446075730602,2.833859004885959,489.9540240588147,33.509755876911846,562.7255908522279,49.1187957026387,3.3826618884161093,SAFE,NORMAL
6.531414194455453,9.880146885947909,380.9530944795424,27.08357442859826,670.8327173687863,56.23558411354325,2.644453840996278,WARNING,NORMAL
7.496519345915423,3.5881931182040523,368.3598586585121,20.555568970559886,558.1186473358088,64.10669591984289,3.5241212069487236,SAFE,NORMAL
8.643767443470201,1.4396695493561198,428.1191564059656,22.895385932318796,745.715708594109,39.92951327453551,3.7552906526281227,WARNING,NORMAL
6.452726960022009,3.819719444123417,489.1873716405755,28.217922036094823,729.4073442660678,51.10765630891184,2.7868959696671673,SAFE,NORMAL
7.216953619670931,4.561457847733173,603.8990444729523,28.13812666536515,1146.5198004152098,48.19274860179556,2.9913767950861674,WARNING,NORMAL
8.1885543887908,6.77864997496485,495.1962451415779,24.00997175014326,562.9733365961513,48.7889394581153,2.88468943692473,WARNING,NORMAL
7.144251026128,2.943916444622804,419.7411778997306,22.688527628254757,697.9940930309648,62.514250955446954,3.7269434315631877,SAFE,NORMAL
7.516660257374814,1.6380582739596925,549.6952707723972,24.71111536690282,527.7514219545266,50.765713656741674,3.227353888515597,SAFE,NORMAL
6.456324530297184,11.62260113574595,570.0121076646698,19.282333895960026,1049.1644481762578,54.39800916941701,3.016982476598785,CRITICAL,NORMAL
7.499814968045354,3.8258273639247875,413.5983697416175,25.097359637686083,1006.2196261977963,53.7919370207909,3.5237665758914756,WARNING,NORMAL
7.068999014496816,1.4477285402218327,432.48564026051594,25.13990445958968,417.7744333858277,51.7446285835584,2.9596249179205203,SAFE,NORMAL
7.890010996975905,2.923908762948134,398.74763804374476,33.10658785917194,670.3951877404662,43.86333698305381,3.098115046120116,SAFE,NORMAL
8.031170236095326,1.975223327581816,548.508396652303,25.19726019546765,706.4859171571364,64.97352997792188,2.6425245340914834,WARNING,NORMAL
9.01269454941303,7.056974455336334,458.9028684815462,28.0113930049237,638.7663033293211,49.727939793584724,3.619323611665971,CRITICAL,NORMAL
7.6057432212495035,4.530554111141327,281.33772826586835,33.393150241936155,612.9017438726747,54.249019586040106,2.6540218851592834,SAFE,NORMAL
7.428057421607517,2.3301727083056885,498.73905961566766,22.730846346389175,838.762430013258,52.03047310591793,3.9164709385694656,SAFE,NORMAL
7.336069011104136,6.089896278006544,628.7562340066014,24.50123747115692,1021.8165828192691,33.107208662103886,3.3194929678363367,WARNING,NORMAL
6.9527835950325185,2.7437666910853706,638.2322527725509,24.842383542243812,845.2699242638295,41.66272234626801,3.121642078963906,SAFE,NORMAL
7.436938690423184,2.872073938679074,392.5071484563705,20.30167987267818,855.5467598613191,50.911792844735295,3.193450953592311,SAFE,NORMAL
6.99321901290268,1.5988108580973295,366.40683789693077,25.954003913450382,636.1300332959951,43.20354521271345,4.0549759504262095,SAFE,NORMAL
7.31792268338873,1.5876765743230945,677.7441690958949,31.653566250899665,883.1209375548659,53.22423396842277,2.5269207376244576,SAFE,NORMAL
8.122318274925572,11.120634406581736,638.0044465732853,30.382217445824878,882.5286023701066,42.71867987131965,2.5639733152539255,CRITICAL,NORMAL
6.495420204304251,5.894307315320138,506.0763241553858,31.729089802638157,614.5650755181869,50.135229524453074,3.679695263318105,WARNING,NORMAL
7.9979149927903315,0.4520792293613119,244.53691678531263,24.464794415415874,658.0440084367608,36.34012898176172,2.7393243338105857,SAFE,NORMAL
8.121980547137905,1.2887108489944599,377.2415297714691,22.48327225647778,416.45993142280173,56.687278185103416,2.830399870366163,WARNING,NORMAL
7.117352031106245,1.051887460150278,318.7729577213414,36.024203482707904,456.53538480225944,53.607906673866616,2.9784616985237213,SAFE,NORMAL
5.714701570693984,3.141371522465074,667.4827551011392,27.859090873967396,621.9280658839594,53.98133541286084,3.7627359809521286,WARNING,NORMAL
6.7745246090338975,2.1354263736883787,266.9304089779342,20.550501183876197,507.4406085632603,49.27461041127912,3.604773122065252,SAFE,NORMAL
8.107896182592777,8.018706797783723,666.4378315545031,37.24158193879832,844.7942473904296,44.42310290376018,3.1294099329486986,WARNING,NORMAL
7.183992356390783,2.303224862187605,437.33702072086925,26.64008015464539,671.3853322976256,62.623645000446515,3.4002579156526775,SAFE,NORMAL
6.500488437393563,10.382773159595054,306.27607789497836,15.210534926239129,795.8635901075291,63.33193414713313,3.388165278347761,CRITICAL,NORMAL
6.846657555140248,2.809487063739044,568.4158122044446,32.81811547590954,480.25961220837917,49.42853609005079,2.6987373734183637,SAFE,NORMAL
7.788434018553187,11.877705949940422,525.5392987199509,17.75853564679092,933.7772468076373,45.42918418562581,2.7327504128190268,CRITICAL,NORMAL
7.582713497740966,2.5539437079245495,298.0532802794449,28.15366588551518,788.1221263386929,36.17237569262277,2.181652841485737,SAFE,LEAK
7.032747530581214,2.5940060786041035,446.9708329603819,30.369778803324202,772.8035853191784,51.801277547712004,3.9452992457574974,SAFE,NORMAL
6.943222911729719,5.804828666589663,615.0682069436799,29.72557512044045,870.4349391425237,44.65209216092474,2.8649556908151177,WARNING,NORMAL
6.925769295669324,5.2325999872484275,400.81157726465955,33.22435794724441,757.3786056066629,46.16300572390035,3.2067944507646478,WARNING,NORMAL
6.5543128708510485,0.886693115293062,651.5674171646527,31.06850716842042,517.5866933307353,57.71209881104972,3.469454137895842,SAFE,NORMAL
8.33076298262861,3.1991533073905702,360.6260579859419,34.426544226540145,812.8407075071735,42.30118135989875,2.714365988048314,WARNING,NORMAL
6.974375671552062,2.119212404014577,255.35683460549586,26.628050867902992,558.2653390782061,65.35073937804796,2.7762020225380537,SAFE,LEAK
8.052010964577848,2.0008239908857366,455.4258860517011,25.345537977881726,737.9601819904871,41.86357764216944,2.7395391504628415,WARNING,NORMAL
8.264921236345716,3.1874651324543066,274.72287603866175,25.613389704353178,560.8913644830185,33.6243907476848,1.751593247138291,WARNING,LEAK
7.898817628703572,2.3789706639582824,464.9864747881213,32.49459028680372,999.1989569561995,44.73542347183463,3.1674304881854813,SAFE,NORMAL
6.897865781097367,3.4456963940379746,450.6171769769361,24.442484866070657,820.5378915831197,52.85429714457767,4.368579978715628,SAFE,NORMAL
7.482611063235627,1.2354366502285012,358.9288151016915,30.389616833970155,881.3396538230822,51.09293149410633,2.935280006793476,SAFE,NORMAL
7.183063075526359,0.6873761954426064,675.4418975806029,23.56038026729008,563.3374670149191,51.46401846053591,2.9489376376522145,SAFE,NORMAL
6.5674086974889105,5.959602354561857,449.52291944561006,23.632712787239104,753.8035619123281,47.783498558408624,3.0150938338419904,WARNING,NORMAL
7.427051497205122,6.6008886824452935,553.7238415667514,31.73713838813025,734.2363780584623,45.99107053283328,3.3558047209100144,WARNING,NORMAL
6.374672146188138,5.706165111268496,561.4461398673849,28.746663400649993,719.8578964865959,40.083623020493675,3.64072296613733,WARNING,NORMAL
8.031375571923094,3.080492944172617,661.3213476400823,18.361432937286246,351.26343198343153,51.035758028911886,2.7827579306155394,WARNING,NORMAL
6.874767891891125,2.2340119271259624,304.8697598741893,23.58473973315265,1053.570782026774,58.45408491082292,3.4312873243620836,WARNING,NORMAL
7.340811759110988,1.7802646272514195,239.10328534892292,16.716580419867512,693.0764097094042,50.11325197565502,3.15712644762091,SAFE,NORMAL
7.3983015100823,1.506011127483144,656.8824858678606,25.497886960791774,790.3257144917739,43.913638066009625,3.349439502235385,SAFE,NORMAL
7.018766518407146,2.8119019511349714,519.7345134196469,25.906296721549424,463.3460157258594,51.167673528792164,3.425645771016317,SAFE,NORMAL
7.610685661032693,6.490571026681742,465.15732165616396,25.103835438249103,963.4753245476825,61.71053664560929,2.7125986082103077,WARNING,NORMAL
6.867567440364233,1.6537489816771271,434.00429196072855,31.825970473885,948.2909418241245,48.36781007934258,2.936961676894663,SAFE,NORMAL
7.809908108220071,6.4981888792773015,412.72237417820617,28.652216127144552,853.7879214648095,40.10715680537665,3.431180396290795,WARNING,NORMAL
6.2578142238272765,0.726637102983343,553.3399483178617,36.86340471533543,749.1127016883103,51.758522519524895,3.1299076924388167,SAFE,NORMAL
7.288465705682489,3.580249557328025,276.747593330815,29.136475247754227,1120.393760876187,54.71682721345958,3.5961192540645466,WARNING,NORMAL
8.557250299340799,4.144046703298508,507.279774770783,29.210092931465844,876.9577281659749,56.93776557033192,3.0888029452815546,WARNING,NORMAL
6.499768072776098,1.9449218108249011,573.757927432019,28.08797649816544,454.09800219750775,55.57780712986128,3.705238960443146,SAFE,NORMAL
6.725578520632604,1.1612007862326992,539.190252674766,25.923946684607166,740.4076166092474,51.328724314133126,2.218704081285658,SAFE,NORMAL
7.559735494761241,5.427032325614846,441.43312371418057,24.401404536081603,805.0750258593417,43.329917228807666,3.3616723163646025,WARNING,NORMAL
7.325707247357719,3.0984142813842026,449.68053744208135,26.06006607182375,718.9091408078414,42.13382278383082,2.5551715863808457,SAFE,NORMAL
7.445441069491491,14.24484672097192,604.2831924686491,26.243687168540514,803.1588849125459,47.295003830022424,3.7606865754718557,CRITICAL,NORMAL
7.542430991103364,6.558097193098479,519.8304227325974,26.623165666042024,959.4220093742578,54.922043680555774,3.1253200287261804,WARNING,NORMAL
7.644305027993239,6.593665613282254,660.6217204839256,29.543948565461832,666.0421774885323,44.79558232188813,3.029748072262908,WARNING,NORMAL
7.976789889369356,0.16635603890211217,240.87639578532432,28.20029401866918,631.6174757813997,46.07497361123238,2.786891129981221,SAFE,NORMAL
7.486873059849959,1.6826365764206954,558.805882062106,24.932286956551327,504.60765591854806,42.91686571389601,3.5318474708249266,SAFE,NORMAL
7.03111964176702,1.0341087196881111,352.6477519822805,24.047423724643696,364.1314794539233,62.48635902309749,3.4840715180516426,SAFE,NORMAL
7.670801590841912,0.3498234357031139,441.2506838611009,27.897113124362836,643.7961163967,48.22320359033836,3.059235473148613,SAFE,NORMAL
8.529917354426651,2.9118217767381136,615.1207783636626,23.293043848798572,578.0883945844433,55.373099570648044,3.532717088553764,WARNING,NORMAL
7.107156377532199,5.3332109791248214,329.7177468083397,25.292477729317184,662.8064220155477,62.6423640645487,3.3103111914533265,WARNING,NORMAL
6.517829486730551,1.2719745187867868,703.8735819997505,24.87461803846017,594.6594671785551,42.386619040084305,3.2429804165646456,WARNING,NORMAL
7.974956468500881,0.3775774552779854,582.6792873339804,36.704187135927775,506.6022168542497,56.071826972194145,3.591438757585885,SAFE,NORMAL
7.115733185232481,1.3722549595683227,519.505553092323,21.903283936867997,600.9122924814695,49.25483384480372,4.105673994368442,SAFE,NORMAL
5.6791313177901745,2.643879265527583,338.15557612951756,23.829453024210807,792.3428675412316,61.24541170863867,3.3409470574963915,WARNING,NORMAL
7.793195174005295,2.4919686253549442,428.4328362257037,24.777692932487177,603.6548688499812,43.66145636872135,3.3417174419560736,SAFE,NORMAL
6.825270269832254,3.024572807353465,406.9946282121278,25.1921286072269,666.0396638115461,51.71425704035662,3.659305630875185,SAFE,NORMAL
7.136626702387088,4.081960225512012,302.12249687727615,30.99923593451642,1077.0372615591073,55.07513583288074,2.723766512696291,WARNING,NORMAL
7.4323862313983104,2.967646161071869,581.2518776914186,25.982448371588017,893.5307318111172,44.52364507641028,3.1084614474121643,SAFE,NORMAL
7.333349775845346,5.5413167631445726,401.47616091836096,21.703211757035394,741.0140728921647,48.33884396029206,3.0069574796476966,WARNING,NORMAL
7.6966162719973275,1.2942752155591746,428.93424976428014,32.723656323990895,746.9776474576573,48.87444237294254,3.3501983209559567,SAFE,NORMAL
6.89515954060111,2.409258495212865,434.9955258815521,28.054556003364517,572.1440653372672,58.750482565698334,3.308470070964981,SAFE,NORMAL
7.559174058723258,4.575156200296105,424.29886759553176,28.682094245134486,624.4154219832568,67.7437931410348,4.07928267506736,SAFE,LEAK
7.0183173256912585,3.702020708024966,513.6550547926846,29.603347347543533,650.0882347443426,62.61521743848565,3.9495935868601992,SAFE,NORMAL
7.7171673366212525,9.591260282613739,375.2792427219747,22.071834932956673,718.9012986805844,61.50500539923693,2.4425931876493983,WARNING,NORMAL
7.630757238809138,1.3453345855899301,572.1982313470759,26.972476267997866,692.0591186190775,16.5108199674426,3.378633885830523,SAFE,NORMAL
6.545192908568783,4.63417119972479,378.48639466605175,30.28499117710691,496.87985393712347,51.061494839236,3.5540949183613986,SAFE,NORMAL
7.960187481322523,1.7611610166493714,446.57682502683065,24.438921178654063,807.2875882821022,50.511671983169954,3.242025673856639,SAFE,NORMAL
6.8248255884201665,1.5969238756138573,293.20876722524287,28.22664256047596,596.7712318708853,56.40562535568666,2.942006854411035,SAFE,NORMAL
7.765640458796802,6.291704213756637,578.59967754537,29.17407419745609,1046.022250779996,38.47322436687733,3.8893577264330506,WARNING,NORMAL
7.457101119380939,2.9418466454942656,609.0984860367342,21.160175661409163,924.933456550626,55.80221253419639,3.365079582316432,SAFE,NORMAL
8.486728573756587,3.6556003197305467,535.9045803412307,22.870213640895567,400.9205304804479,33.31732047515716,2.678290576807202,WARNING,NORMAL
7.043573812339703,1.8798107390260428,470.44971225739033,17.86089345701381,654.4222273228191,58.21952786954121,3.6880111346063496,SAFE,NORMAL
6.955478242717262,1.9738651733198476,445.66276833353544,27.90693520740481,989.4909685474751,36.81302700869571,3.4338709919796337,SAFE,NORMAL
7.186406275878587,0.6728221545699766,262.53181720196835,34.539878849661264,819.2862288395143,59.7990553269139,2.878169100701999,SAFE,NORMAL
6.987774152016008,3.443365765066771,287.43100088492685,24.231267597934746,716.0332080903519,59.39836747997967,2.818266809505934,SAFE,NORMAL
7.759959331359435,1.179158563765962,540.0595239030882,26.2292501831422,281.458145689396,47.32996429766963,2.8019346216683805,SAFE,NORMAL
6.068582574094389,2.6826005540572817,428.3069888715091,31.05329381967887,660.8378950358697,53.50692109863112,3.7918760252505406,SAFE,NORMAL
6.462422306597553,5.537161381109613,286.8930267286063,28.063502582126272,737.8652112548045,49.974419852425044,3.4947340793397714,WARNING,NORMAL
6.452537954894565,0.48155872212335804,281.35914634740845,23.10523928223263,329.9249700353045,38.17059889918161,3.6781143702496584,SAFE,NORMAL
7.865215314381503,16.713086335217884,526.1895505456387,33.10523034760198,810.4078250859191,54.50190734075765,3.302249036959293,CRITICAL,NORMAL
8.397429360807347,1.5680362305688549,554.8769371238056,27.789296968935457,573.6679850731201,59.498051919464785,2.859224299273237,WARNING,NORMAL
7.12688554702377,2.7437018887777516,265.92967733565183,26.071137469421036,754.2334740951814,47.42024220679572,2.8028317727155034,SAFE,NORMAL
7.081824793766993,3.652280340898988,468.2475190984078,26.402229689036666,723.7287115866005,55.10928512068327,3.7365743438845573,SAFE,NORMAL
7.2490365141792275,1.5218153210867966,496.54652604958636,29.363475561911507,654.0230224632642,42.98372832131398,3.4231144755824645,SAFE,NORMAL
8.013314811825733,2.033642943614547,379.96074512334985,24.546453983145902,842.4823962900117,57.34499869578643,3.0671532616367396,WARNING,NORMAL
6.550852806066598,6.432424820799666,598.7679969574347,33.28648316195282,750.6317219632936,50.08135686694508,3.2106772094688782,WARNING,NORMAL
7.36685828791435,5.125446160748433,408.6297578785572,32.034533362012695,1188.8615415481784,49.880648753544676,3.6990438230199363,WARNING,NORMAL
7.882638340847701,2.4504118942829085,243.9770972573557,27.033919109745927,1020.0245074821015,53.75342773632227,3.481592226983876,WARNING,NORMAL
7.550765918957892,2.995752354771058,426.6430362502809,27.24643754550924,517.7595403624392,62.233402698664406,3.15386553866524,SAFE,NORMAL
7.33270713161912,3.3371876342607734,614.1563282430241,23.61583312108238,913.6268842159691,54.21213333668976,3.176875283978815,SAFE,NORMAL
7.900732264796999,4.49066646782281,408.5454302858483,24.450642394491275,567.4062036040525,41.341960563213604,2.9047446112132618,SAFE,NORMAL
5.307737394900534,4.722005561008057,324.3745796668201,22.458414636695117,488.6238694308414,44.254817959448225,3.2115768891799927,CRITICAL,NORMAL
7.6745127236716355,4.633997895934554,525.3849614155607,26.18370186884457,434.2979311157157,49.42438655017174,3.05607267436377,SAFE,NORMAL
6.742147021810804,2.144492390464379,481.00820586415597,27.249374079824072,635.531933324966,53.9694381259311,3.174931703075526,SAFE,NORMAL
5.918556972200481,3.257294916142835,449.64825377924535,20.639689039502368,881.0569543734919,40.70662387844445,2.9292186807869394,WARNING,NORMAL
7.557841819667487,5.968875457944971,507.2549243745492,29.755647287187994,728.5048274021515,52.79451037962952,2.5301356716130736,WARNING,NORMAL
8.16156098161407,11.603198918613781,366.9972409101099,23.516469116532022,791.5225905067097,57.11316735053234,3.6768997699359396,CRITICAL,NORMAL
7.103786039760616,3.1889214314567873,377.99765020152466,28.64724689491192,119.12704283198457,45.9980952656021,3.486559950574505,SAFE,NORMAL
7.867012183042057,1.9113343969300671,537.3024232630764,30.229000808560475,658.7769710611203,65.76767334672515,3.0672639112654636,SAFE,LEAK
8.328594780592052,1.4963585894455602,334.03340888024644,32.228215631213686,510.55225807894897,44.05898839062546,3.0390946769646447,WARNING,NORMAL
8.120440117508833,4.659563639190848,643.7887111166186,31.38821368990031,415.6034336810117,51.61200361718391,2.5056269692949873,WARNING,NORMAL
8.347975170559975,0.639469250005328,597.5243020298606,33.62656962574651,483.30548414929524,33.291565978691544,3.732939123685047,WARNING,NORMAL
7.719489243750325,4.692910031006294,312.7060573651754,30.261957329198708,712.7665055265076,47.465854164222314,3.8269749607351855,SAFE,NORMAL
7.252803547231115,4.751388592153024,627.0971574523601,27.670896198551834,818.3969635380399,48.80927304984924,3.156005878457241,SAFE,NORMAL
6.078623931671983,1.9699789853755092,468.2632535761302,25.10930440824028,536.1284169485447,46.57719734298031,3.363391073092795,SAFE,NORMAL
7.0277562583090365,3.592650000673729,616.1745008841948,26.52224846945173,806.0354934954277,44.10326372136697,2.70564921521437,SAFE,NORMAL
6.609727383278666,2.515750087886059,466.01122975841446,33.5178473946603,846.9542315782807,45.86171923873741,3.2427993371389126,SAFE,NORMAL
8.71965990224847,0.8465291286786216,428.73781494859367,26.208634904925365,759.3312821916655,55.06913487924098,2.8559992213748036,WARNING,NORMAL
7.0768799312973645,4.451904813446443,416.22441899407846,26.979421889047092,545.513537956619,34.65363179161193,2.8577319286772545,SAFE,NORMAL
7.28624336474914,4.17027133051167,156.0489554530281,32.90489201797863,610.4786366315614,35.1172816624951,3.0557014727599405,SAFE,NORMAL
7.586039763228327,2.1027646561587887,561.2523558997923,26.066711495854012,758.9995305830308,46.067823381328495,2.9878561932597436,SAFE,NORMAL
7.2305217124607175,11.484860246072145,365.1479296948544,23.820778618056043,571.1763325428622,49.02346312633672,3.1358668422857354,CRITICAL,NORMAL
8.386535728301528,3.0148538089837387,565.1788743290844,31.532741656290032,816.3954982119545,43.73895132771343,3.728323165361691,WARNING,NORMAL
6.764145446785884,0.42862982179154663,650.8749731599268,23.689965309902707,500.56094415573125,50.506047844413956,2.144015862407125,SAFE,LEAK
7.33622521866607,6.184195098013983,380.69315705723864,28.615269575391498,768.5711600581734,54.96166842501913,2.933365187134072,WARNING,NORMAL
6.680270590011366,5.2299621263709595,373.6058854867065,27.915317436715878,863.2490775459622,57.83044669825571,3.5158802934591638,WARNING,NORMAL
6.2759842421455065,5.664885258006651,570.9352285367576,28.262958254283177,734.4635384010525,60.58597196963191,3.2973591623769334,WARNING,NORMAL
6.771761636366301,1.2412091837717338,393.8944142540644,17.320974335054924,521.7125561354219,39.40491878083173,2.8101227356960012,SAFE,NORMAL
7.174074242066112,3.522233538631147,608.0695128177225,30.121867154587207,406.5218572610614,43.829355367138305,4.252600544656923,SAFE,NORMAL
6.899488442837918,2.9760076968071805,367.05640479036606,26.762020134078114,500.6905261063729,42.982601838230686,4.548172686829343,SAFE,NORMAL
6.715305314088301,2.6138215687892408,622.5852931537662,29.465131649308827,787.730353611124,58.088078562858634,3.192246947185148,SAFE,NORMAL
6.215577775429717,7.309563841282377,413.31156820430834,29.003173404908157,662.9270987519501,44.938572373480085,2.704279751862473,WARNING,NORMAL
7.141826099159914,3.046705615565826,489.62977072020294,28.263724031317295,591.9059078835139,52.45643788995803,3.074441266663389,SAFE,NORMAL
6.146695738178298,2.1635028276186055,567.8709025444706,25.411280490261888,771.5923438598206,38.68023506456535,2.6363399714920868,SAFE,NORMAL
7.732039174582722,2.1457723654225633,511.3803598958752,25.455431905045867,342.5269422957812,44.85082055808409,3.400323175142678,SAFE,NORMAL
7.257707827054152,1.1542120436791956,578.4792033945228,26.782825129912382,652.8136228502954,42.8250367439706,3.4877803603937907,SAFE,NORMAL
6.179713950374548,3.275105925630278,275.2817345875604,27.685892761790512,500.78909352884386,55.467299217243664,3.6926614563419475,SAFE,NORMAL
6.983553646065095,7.689333017575742,401.1357645906363,25.303998038927173,456.9040606043924,40.02650804903833,3.399710904642304,WARNING,NORMAL
6.673490516086592,2.309945729372006,457.58851884829477,30.771745631029034,607.3755172286994,64.27712512486177,3.3143797536971706,SAFE,NORMAL
7.423422157293427,3.6690225894260964,358.1377803787703,25.68862783580011,1144.990861245256,51.72441914716436,2.696225829775317,WARNING,NORMAL
8.138315312216202,2.581487814477398,566.4941465132571,23.080595044933677,813.7860475187641,44.17420268594321,2.5887576429707932,WARNING,NORMAL
5.887379271247979,2.8038082487521385,388.5301383381343,29.380942183932333,496.49225862032495,52.73042440535122,2.1896134342634976,WARNING,LEAK
7.280518255403192,5.393861295887283,358.38322525316494,34.52465402934847,917.9652485167006,43.490531662511565,3.2404419347115825,WARNING,NORMAL
7.0879070431033515,1.139997977728454,562.8547894049036,22.329791619132067,464.7995384242371,41.50128449456524,3.631633794062597,SAFE,NORMAL
7.669938053515326,0.7105949755790103,324.5454590544107,26.498736434218568,973.1147160860294,55.58623062237622,3.7758378935820534,SAFE,NORMAL
7.349237639766383,6.190595016896662,330.39379078300226,31.255601093318106,541.3250844246078,60.95141453937322,3.6188034463048178,WARNING,NORMAL
6.6736214677828265,1.925533968808442,510.9931717428117,29.279353502579855,719.716536693763,53.04790992107146,3.0164002003314727,SAFE,NORMAL
6.976662245033367,2.1846106027453676,611.2585715457751,29.484961568529368,1075.4131459724042,40.16904656110458,4.1295761084281475,WARNING,NORMAL
6.642781900237558,13.11544610907002,469.4014693203589,27.121939218697165,636.9331109864618,43.47078563439339,2.725602737959942,CRITICAL,NORMAL
7.953204997019019,5.2071253874511845,256.0987044109395,16.367990457721813,1030.7938507540707,62.23230120193767,2.702251038940473,WARNING,NORMAL
7.21491815407036,1.4064367134433073,532.192192728143,28.031409531672978,687.0155422882756,56.35488129566696,3.5833523063684214,SAFE,NORMAL
8.530833480027106,6.488352502315507,378.8882059263086,28.493930601188534,684.3210630354646,40.97991919238112,3.9031198828842824,WARNING,NORMAL
7.157537430329766,5.292089713938765,584.4910360726915,31.50335720691692,540.5061972476171,44.29268337358312,4.096324534940458,WARNING,NORMAL
6.704115263162676,0.1,404.44156930901147,23.996129208787078,954.2346156192997,51.49943004280339,3.698553316479334,SAFE,NORMAL
6.140399925171021,3.366399735564405,587.2734684466963,33.73127828969744,610.7907566800487,48.848754557861994,3.5673000934840045,SAFE,NORMAL
5.937802226620839,1.1944437488342912,399.8628934098889,25.75821653903613,1042.9282708316946,66.71207574070166,3.606413136175901,WARNING,LEAK
6.091104839896158,2.799289299468934,367.3521218895898,25.069450515462393,587.0003737959483,44.14724210005424,3.0609398729086013,SAFE,NORMAL
7.386988655708039,11.627382757809142,219.8922457174186,24.11693501380608,618.0459261946,54.794669486156955,2.799360085600517,CRITICAL,NORMAL
7.556107516260954,5.55315973910349,370.84901953363436,31.1853144627851,880.7118430103707,52.37856498947589,3.337353431366704,WARNING,NORMAL
6.093166508577507,6.077089424686163,471.2724183010135,22.61603026232879,680.4740826830297,36.7221982402224,2.3521689883402184,WARNING,NORMAL
7.826526819853281,2.585616547086305,462.0533396231737,29.52770564918064,751.9167583355168,30.854309887004604,3.0458326352363883,SAFE,NORMAL
6.861857263821593,6.096374227320092,523.3962942598007,23.769736741091467,464.3797500273184,46.92237993219915,2.9346405001971076,WARNING,NORMAL
7.302755108389885,1.6162214089814801,599.297688436769,26.82336762083493,719.8366568823345,53.347313126684654,3.491635829828245,SAFE,NORMAL
8.328554439778797,3.334379113612378,453.4399848442383,20.90138377403489,766.7921197005178,62.718620166770016,3.3100654018642657,WARNING,NORMAL
7.827787521105872,5.37675018556651,458.1276472339352,30.14150683752094,1010.3731805380226,43.73896641718102,3.9432356603624865,WARNING,NORMAL
7.012028546465918,5.263016345469209,583.5461103614518,26.399838910360685,613.883248018954,53.79679301990271,3.611142921933098,WARNING,NORMAL
6.576165442209299,0.7583203200309918,477.72184974914876,29.229721149885016,760.7498223884252,47.67828470698433,2.8804418964722354,SAFE,NORMAL
5.693729219069487,9.99544149223437,339.22107086307767,26.284324016852427,917.839785673088,63.81906634971109,3.536255664524056,WARNING,NORMAL
6.696592676530306,1.3533122910883781,387.3442296063363,29.110991637565977,707.672392796009,49.68000906855712,2.3363676263878816,SAFE,NORMAL
7.0522088328206145,14.653476258832415,194.41206619112904,26.815561892208706,895.5106193160257,46.48111369556883,3.5661980627775427,CRITICAL,NORMAL
6.508974330994171,5.488692651494583,337.59151736327806,29.96255619543405,1149.689208272037,51.36338329505847,2.8269165319947303,WARNING,NORMAL
7.108120123035387,5.165747918443359,247.1617168947359,29.135144563680164,705.325376811233,51.54269975732518,2.896110934338081,WARNING,NORMAL
7.253796318071138,1.4618315423215567,492.12013850698196,27.784969515753982,938.2534303398872,61.1709603304879,3.871487819038628,SAFE,NORMAL
7.042600812734345,1.994157928977213,595.3836254763846,23.399414475224418,792.6715947172208,50.04061684360796,3.3947687580764385,SAFE,NORMAL
6.744998193423578,9.466081523308521,337.09813533527364,25.250436444592964,854.3403498717792,53.44245641575375,3.103449453866439,WARNING,NORMAL
7.318058270376709,8.659284162641413,341.5638763689176,23.91114969864577,826.9022628243948,36.767549554933865,3.708195410739741,WARNING,NORMAL
7.509358454698586,2.643183000208677,563.1770707066657,32.71477846589283,891.9698766477295,40.75705915846016,3.9366323529081337,SAFE,NORMAL
6.436720645790008,2.4691699822619766,395.8935466224951,30.121435396784396,880.0523926936535,46.98850550428324,2.700142773751672,SAFE,NORMAL
8.18765266582239,2.5271999855520444,480.80967132474365,27.150993036795214,687.3515738481993,50.83003386306762,2.8431260307457547,WARNING,NORMAL
7.130988307401017,6.518625431301797,539.1759918509802,24.751401083602786,599.9241172810497,43.90664414782084,3.605596912653362,WARNING,NORMAL
7.213194736061394,6.091614610182445,365.0307512464975,23.84091498234004,776.5676046261716,52.26826572727017,3.353296515053789,WARNING,NORMAL
7.69575009627959,3.995495870274042,367.36093548314045,27.489900644193618,438.4429711788642,45.81353946700755,2.2694365876116067,SAFE,NORMAL
7.363251291884452,3.359186427269601,389.2337262604197,34.372838348250795,811.3519913377173,63.58638716847402,4.0913422598793145,SAFE,NORMAL
7.867195643739271,2.6193741706666116,263.573133246259,27.023721992391383,834.2581302783589,48.3463913854213,2.9591139863133047,SAFE,NORMAL
7.400986915641277,13.899120999775977,508.4012023283063,31.80768101199525,667.8055412906311,53.446600866075116,2.6975363404660584,CRITICAL,NORMAL
6.771293837751694,0.8489829886485014,522.104269646821,28.102653826938074,707.9524888568853,48.25394353702316,3.205802110700265,SAFE,NORMAL
7.453052467644271,2.20753509249185,459.56265377336774,29.25029668145941,864.1346460742107,49.255874607383824,3.6510408295528527,SAFE,NORMAL
6.3993916548755365,3.796045213718125,613.1612083802339,25.09633077335928,834.4864824717345,54.37080742497095,3.76733224843056,SAFE,NORMAL
7.275991794043566,0.6837464068600001,418.6577617442408,26.211729989558144,866.8220479033854,51.10391043151048,3.2285843775452006,SAFE,NORMAL
7.176739006548877,1.8833551519503078,524.110788564162,23.67677638060507,839.8605332531105,45.826409860042574,4.46791438491045,SAFE,NORMAL
7.054318199909223,11.52881208052221,508.3001309294631,28.218334692320624,719.134620941213,52.68021606287968,4.611531015314762,CRITICAL,NORMAL
7.110023741992749,5.813954338192292,354.10656905272356,26.026308989784205,697.3227106916255,48.73213555225204,3.4239846275712478,WARNING,NORMAL
5.882705668151653,1.8704839170232879,588.5839856496923,28.439542266264276,776.0190040041432,54.660992713789156,3.1689602058068234,WARNING,NORMAL
6.815892564581327,1.8227089333051936,465.3810228804815,23.059160485516955,961.6287526766296,59.18097696147625,3.0315858435334557,SAFE,NORMAL
7.264991430798781,0.8555875683978287,566.9530933706606,28.822910457984186,747.5693616667437,57.93626013048893,3.12360350028564,SAFE,NORMAL
7.311899474398181,2.0967854766233094,293.88798830831297,27.675611569716455,934.9285427797715,41.50272969583219,3.9475488572577953,SAFE,NORMAL
6.480627401351829,4.5249199627810555,463.17040815306837,27.547478471767143,334.1051161302107,25.77023906001115,3.3679007911601166,SAFE,NORMAL
8.08599548860529,3.9807065065888616,394.7287835607932,28.55750319949944,757.8901543296486,68.06096510040331,3.6351520263515416,WARNING,LEAK
6.59367760624985,2.18940178312286,347.82581041797533,26.049596470385495,714.8760171758205,54.19694812443278,3.5469420446955056,SAFE,NORMAL
7.878620040368716,1.335484738192678,619.1397717582115,42.226869464478376,400.154668730586,53.01859793239798,3.5031928510169936,SAFE,NORMAL
7.49903605331018,2.5918053123403144,473.4355987148223,28.873782931515223,427.26330358475184,44.305992940409766,3.7445329903688442,SAFE,NORMAL
6.747640883109338,2.5466430456135223,272.76373661103776,27.420447908481492,783.0377124796939,33.59970668927694,3.613781614207951,SAFE,NORMAL
8.442717624826658,5.302209968343911,390.3231335730342,29.967896811327428,719.2833613551253,33.97620728852159,3.4383378839107546,WARNING,NORMAL
6.364454217770464,3.568696556058452,562.6862309289073,24.914961229400838,842.2839849696118,47.30169211026826,4.1224423906845375,SAFE,NORMAL
7.843407921527001,3.2204360251633504,347.6546148150972,24.78251733526917,232.57488321093422,51.2242383384573,2.5403522163052195,SAFE,NORMAL
7.900407622630085,6.914117103791169,335.40175758437215,30.201474721169294,892.4944776517098,63.48179295362894,3.341522636879401,WARNING,NORMAL
6.730565853646349,8.60616625701205,432.3546527472129,30.55657211026948,893.8230085538173,51.94550696748813,2.936187869102714,WARNING,NORMAL
8.17472571004503,3.945507093695979,506.31693509038735,31.767004502231995,451.0132926058456,55.35792500529825,3.6598169207067444,WARNING,NORMAL
7.024967439780733,4.017275054936182,362.607320877739,21.29932375448631,953.4391945800666,45.73902316028461,2.3828954417979022,SAFE,NORMAL
7.4020855404959,2.7358713606597744,496.88656511077215,26.494443785534113,1022.2736152330616,46.33760809935505,3.316591142558584,WARNING,NORMAL
7.382225287139855,1.4445051543835066,454.18346113337464,28.31852331278116,459.9436558116041,38.21347011181188,3.4411881802944384,SAFE,NORMAL
7.105983880970617,5.600233167749751,468.77230408311726,29.881257700697724,719.375860084515,40.17369949124013,3.811479248398645,WARNING,NORMAL
7.767565791211847,4.8621646950176265,161.43074441642295,29.106331916652064,735.6739469711919,40.094978888832365,2.9886089143372927,SAFE,NORMAL
7.75544210438655,2.913272472680771,451.90979556608045,23.59568952929672,376.4248346973841,47.09280886548454,4.595115699890568,SAFE,NORMAL
5.976027618733274,3.576929628023632,419.9171212564129,29.0590275910553,640.5928390576082,36.68907714630262,2.906812918030917,WARNING,NORMAL
8.113038170014708,6.603165628081629,496.8418498675142,28.284941903577693,952.7386183369183,43.50981814239251,2.630892857926989,WARNING,NORMAL
6.036255608375028,7.367658673483271,371.54359682475314,28.274061155122713,545.2046052002211,49.68670321850725,3.5028960485267224,WARNING,NORMAL
7.92278234303916,0.17713278569429838,405.48653977744556,22.614233424235948,1029.159183045293,30.775907830579676,3.1362239376134333,WARNING,NORMAL
7.988693595779308,1.7659807661321683,513.9724332041698,23.262137320659015,766.3386590352336,61.8576336682454,4.120676963029998,SAFE,NORMAL
6.436323498849362,2.9059172497519823,623.4861734570792,34.24892264884945,557.5523754374777,64.2520755767565,2.4050833053686103,SAFE,NORMAL
6.912429998431791,1.152092827155782,291.05123105557414,30.944450165745852,708.121954129035,58.26364572547564,3.217843349458765,SAFE,NORMAL
6.426006732059845,3.6476825996504574,511.5776644679388,26.748119798890656,436.5772615274992,53.1350420161045,3.6090579550428563,SAFE,NORMAL
7.049555278797886,1.8469713911018462,596.3919570643781,26.81644739702939,777.0822906429433,52.608351517423806,2.8666951633889868,SAFE,NORMAL
6.984376001069982,3.7394381945807353,533.3645964560455,35.891327659405334,665.3930537993494,54.2516038010363,2.5038046899412483,SAFE,NORMAL
7.745762372588538,1.8949525161822611,588.3044412396391,27.181334070647463,623.2823979533672,50.68895477335244,3.924078486742727,SAFE,NORMAL
8.117216122283725,1.9639649840325881,384.77738964659005,26.53283963506808,439.70150895665944,51.45598262817869,2.7802887038144832,WARNING,NORMAL
8.17697866755297,3.71830053605386,598.4126267402648,23.826365395868727,685.4333990274527,36.711218901746086,3.7219188447918534,WARNING,NORMAL
6.806482381395189,5.77075782561816,363.0645398109151,26.06534320877851,736.9232741323726,50.92927450822191,2.737934387062724,WARNING,NORMAL
7.053544688378831,4.663274472982278,456.6153846436867,20.26862521926381,453.339256479945,53.989208521121455,3.0405521335040455,SAFE,NORMAL
6.021593265445335,2.9250999066048773,389.713110273593,29.083171993800143,894.6029453415911,52.70639301966758,3.578607089706591,SAFE,NORMAL
6.635890953452668,0.4738391130079835,394.5365780084452,32.0370359873722,750.0250232654168,59.18462404949097,3.376957593199409,SAFE,NORMAL
7.875396143168221,1.9240470055716925,243.43752393671465,32.08159260254865,547.3036786640768,61.754513549252984,2.73426824355839,SAFE,NORMAL
8.330907976483763,1.75011069445367,213.3821798721672,24.190165870704455,682.8234266334977,45.79713955977049,3.4652925710857225,WARNING,NORMAL
6.335955789684055,5.07244352823877,591.2140058609186,17.82124847346208,850.6471183384022,40.92667486930153,2.113844096964001,WARNING,LEAK
6.785275018592975,3.3814210775372757,234.1198991746311,28.357098846018012,946.5353809689166,60.04669140380763,2.5998439996055955,SAFE,NORMAL
7.181515970128752,3.476221826554382,480.0531112219143,32.27482539885988,985.6513799583415,55.32207221397383,4.072782121384964,SAFE,NORMAL
7.396112811173725,1.5048936903147254,294.11572364813264,20.583444231169477,1024.0411368634527,45.41819722485832,3.1151512179018837,WARNING,NORMAL
6.633277536054848,7.568498596965884,348.17348891824645,25.505581448361728,460.5288580441664,48.2130867157156,3.5589648140417682,WARNING,NORMAL
7.496842731124863,3.4586094714700732,532.1163100966161,28.42965848116964,572.1956355932367,47.56832548838662,3.5444713185497316,SAFE,NORMAL
6.868312457050359,1.4248946356388021,469.4440792334577,23.635752583989042,447.78885894899696,52.16659479163747,3.0279536359813406,SAFE,NORMAL
7.189883410385205,1.5182585937697506,434.7431502256665,20.08737072158978,896.3762295426766,61.493223808490775,3.2586546674605104,SAFE,NORMAL
7.58239897360259,3.8405424175946217,587.3585063097855,24.025148008853588,668.8820459105282,42.83530811409862,2.613654204920203,SAFE,NORMAL
7.2044955888676565,1.3765994783322275,415.23906538861223,24.723658678078625,927.2909849564596,52.34112796208771,3.2649428123321798,SAFE,NORMAL
6.8945298766314025,1.7696691752524385,597.5972952557343,19.45535462891848,444.9066247969402,52.047852614655994,2.9547570603070032,SAFE,NORMAL
7.1232731372519185,1.0995666366893797,321.66672163253315,31.286175880682528,575.9469715522725,34.10439827530647,4.245876718196325,SAFE,NORMAL
7.138145928556265,5.043259827031753,307.22512247810823,33.215661661822026,556.3105404454268,70.03868869394759,2.849398949965161,WARNING,LEAK
6.9409922790825105,1.406238366690276,433.41982244641207,27.11822744301211,922.9167380879372,51.67550656734673,3.456670006965568,SAFE,NORMAL
7.018842756133028,8.417056421090384,450.39310885235784,29.917948623626778,826.1381187047343,59.25229490554092,3.06322881195621,WARNING,NORMAL
8.319053019353301,4.196245876063463,346.9934262952152,21.08324320567619,334.77612908719965,37.05712017609276,3.6067123661602545,WARNING,NORMAL
7.5926436135588675,1.0954204412881605,416.8673462477092,26.4336868532582,616.0965070420058,65.41752009773155,2.5217179190861296,SAFE,LEAK
6.993163777379588,4.632947169295196,613.7717705826716,24.684381846398704,872.6977437476662,47.1807613456158,3.133990279733635,SAFE,NORMAL
7.6878680831575155,7.577470041130079,402.673004767424,28.64622959530605,900.4348771076405,31.57330094144471,3.496201005733849,WARNING,NORMAL
6.966326357170793,2.8275696086616033,217.63568700827008,16.207939200511714,774.4555049939448,38.62169945624319,3.3176415370279617,SAFE,NORMAL
8.02118724631065,8.179088696684401,240.80023175201183,25.78371802196077,732.5313150656181,40.17084728556756,3.447877118539966,WARNING,NORMAL
7.458749534538666,4.25391417164455,700.3950738409727,29.513603184189883,532.484784344552,43.81285247310445,2.7854002008783363,WARNING,NORMAL
7.12488849919704,1.8486256513505699,624.0690840983191,27.952790075803954,892.6342830955145,39.681462930191856,3.0267276063462822,SAFE,NORMAL
7.513401848067194,11.648267273702611,397.679763573006,30.13162797961288,484.5537042304888,56.48361094298631,3.1905709090228958,CRITICAL,NORMAL
6.100386693552051,0.831591320447516,547.271255909516,24.606497672917797,409.95755439061986,51.432127780872214,3.589942263916585,SAFE,NORMAL
6.411262771763137,2.312709073771848,481.2502328125315,15.706728190529239,737.3798026562306,54.09020593264608,3.898438242177765,SAFE,NORMAL
6.364252495520661,2.9251521344878357,602.4606457241275,31.395537711969183,620.2153367781553,53.4403346924788,2.270829676322839,SAFE,NORMAL
7.300060166334595,10.373863208068375,321.45332562053386,30.03658470612443,830.2378769212066,48.03949834918594,3.0402286173051274,CRITICAL,NORMAL
8.412760499639564,5.125926912405749,324.84371599874805,33.27502894100971,787.2108467925817,37.52477128238023,2.8705355368368393,WARNING,NORMAL
8.761910102334843,4.532554585214385,608.3242530987552,27.297025674745306,1007.3985682868519,37.909593027219024,2.813334228826112,WARNING,NORMAL
7.64663577100853,1.6132729385151845,270.81084158993906,28.66495669605922,772.8187819887063,38.24947834696479,3.333320906493381,SAFE,NORMAL
7.55059113246112,2.7446515033655223,458.3763355004073,36.3169908126804,890.7691042030849,41.26427327771207,3.2162834253758943,SAFE,NORMAL
5.939259586093083,1.8858178098274085,444.6356621109858,19.595957996326504,546.7556139361236,63.54735055743025,2.639027809232081,WARNING,NORMAL
6.820128340186185,4.424251306574985,544.1113883402911,28.778815848911968,828.0868368444123,38.03332490312804,2.614525129420292,SAFE,NORMAL
6.648551373664233,6.777767912224625,466.78538685276135,31.8709584145775,650.2123456724628,61.82534361785246,3.43093111172148,WARNING,NORMAL
6.765406681224219,13.400660579392898,434.15523762213127,27.85032685099107,611.0834866621863,41.566582083782386,2.6542231410180466,CRITICAL,NORMAL
7.082299326990648,2.068111408328087,404.33523263387383,27.265228316517742,537.5462489774903,39.158696036446344,2.8526113123715735,SAFE,NORMAL
6.869536595612011,0.8074270520845933,330.6232687668257,21.065711007203152,977.6267750389991,53.3725610073881,3.661706894640248,SAFE,NORMAL
5.814490132736949,2.3443468088801356,430.0682684379478,32.86889259885215,698.7615279816349,60.13783966064979,3.2861861128153502,WARNING,NORMAL
7.723537179282274,6.154518103470486,589.8119295678229,31.275760664661696,558.0851860250629,37.00569489062253,3.9738144197166836,WARNING,NORMAL
6.4490798819821356,1.4433695503033586,415.6880226319829,32.13023575865971,822.054401325277,49.282786719749986,3.1465089980693803,SAFE,NORMAL
7.367472804877805,3.007116688768022,618.7512215009083,26.913784556996116,620.8082814002178,59.49688360138368,4.316457248693739,SAFE,NORMAL
8.651857868824981,4.573929763531631,537.7205094080227,25.71708174759984,556.2794994097031,57.2871102498367,3.10814108568485,WARNING,NORMAL
6.5564307858895035,2.103381419514462,507.1895275856718,26.973176640858533,1222.3907142646553,37.6407996566831,3.7989011268198545,WARNING,NORMAL
5.428798734077569,3.57135617894386,430.5812126188827,33.79729076170212,482.42095739734316,48.360634853917446,2.7800440803973907,CRITICAL,NORMAL
6.999797044683922,1.319806470997267,374.59091232453915,25.958768891516776,1035.7192886873477,37.12756998850931,2.8749171305359926,WARNING,NORMAL
7.970671744499,7.100537116667967,651.7906051109957,32.92777151676852,554.1304767688,52.99302921948376,4.0458751127373915,WARNING,NORMAL
8.570843217954415,2.4892314786074077,545.2300941202973,26.41160806358206,812.680639309379,51.32418068089095,2.852351331224315,WARNING,NORMAL
6.339315283883309,3.49431107284184,433.27435244882645,23.57096807216835,681.7114631450253,54.52062436426142,3.0913207348647624,SAFE,NORMAL
7.547689456265565,0.4977780452013527,653.8938022644898,18.691023823529584,832.5544831101838,42.359771696228755,2.869274272116549,SAFE,NORMAL
6.8742826802539625,1.1551802377664793,525.4845580749804,29.2965202034681,451.2434382316255,44.40778553801804,3.7621903685897133,SAFE,NORMAL
7.125836151987105,6.013693647718641,279.5403257018129,30.07248847685907,429.2681934627568,57.907967759827685,2.5953602173456125,WARNING,NORMAL
9.051040342911925,2.078799264653863,398.81730622918883,22.397860117202775,838.0497294163961,58.24781598240136,3.853749273026761,CRITICAL,NORMAL
6.1479207701233936,1.3817944433651252,537.2528848218655,32.90745335345468,379.56869588787333,63.37813132688534,3.3223603311854566,SAFE,NORMAL
7.377617763046201,0.7412200728062288,630.9080944568382,21.47449289507137,489.6468370857364,61.36864474450374,3.2932285212466357,SAFE,NORMAL
7.527385220235804,7.009704768270425,733.3561227345429,29.833752797657137,683.8503659619192,36.81036223516567,3.1712304823600586,WARNING,NORMAL
7.960050427457543,4.970614523476737,453.06813825535096,30.02992925780089,467.0526377558312,59.79291119781152,3.8253926695311584,SAFE,NORMAL
7.268588207429627,4.741927955415196,523.9492571638252,31.292659270391848,489.99516294580064,49.72429540725628,3.090382772798223,SAFE,NORMAL
7.415635377652872,8.926720916133155,376.6103315584085,19.116809938827238,626.0094511435015,55.819894977934986,2.8445049193051624,WARNING,NORMAL
6.925846002804747,2.3146024410943737,343.5121549331026,31.267490760796026,306.7851512341416,47.295211574173926,3.4602179140148,SAFE,NORMAL
7.388388858871576,0.8175105367106661,247.70116365448712,26.420631017217875,447.83890734818067,42.68017016596667,3.157289012131435,SAFE,NORMAL
6.959765407151813,3.143480956100595,496.7998064968627,25.638555369665966,941.2240069851297,47.72230371155474,4.18040534601593,SAFE,NORMAL
7.635100322899236,10.071732286410436,601.7409937472577,30.300037899063756,872.2440827693738,50.51659482100516,3.655914985116339,CRITICAL,NORMAL
6.941272764769456,3.1928623828678537,543.1057312897493,30.842744922766585,1107.7267365271016,52.32091394237569,3.3734233015914263,WARNING,NORMAL
7.463970275731531,6.6577843069795755,460.456330265977,19.045467081671173,807.0529967067595,57.78905303870713,3.917070717209645,WARNING,NORMAL
7.1795160304205154,0.8502042011062217,596.8332885584116,21.840849253356012,934.2910354826475,41.698191937048264,2.4745696211989605,SAFE,NORMAL
7.988235175540518,1.5844923148611505,804.091769592694,31.796850166390254,624.1241294755057,41.00195994302066,3.48053209811591,WARNING,NORMAL
7.164024393488059,5.767965977574339,350.19692528160397,28.89995630872155,666.31868968504,36.962129137288365,3.251034000896329,WARNING,NORMAL
5.958877272255183,3.4412154114840945,159.1700624602526,27.7270092312885,774.3230962846769,48.223107101204405,3.0983096752343884,WARNING,NORMAL
8.083345050499794,2.787035794158113,491.0879219995019,23.057319114399082,359.11487457960897,43.00313929395926,3.0595208459201086,WARNING,NORMAL
6.565987389396167,6.595344308848808,579.9012471314693,28.755366603568117,798.2390368726377,47.35118116084091,3.756625379185889,WARNING,NORMAL
6.742363562945826,5.714512856408262,264.31971762413036,31.875728526426865,587.7131607515931,50.19715937755282,2.2692122373046217,WARNING,NORMAL
6.783037094169556,3.511040906012146,549.9298666302024,36.27173171857293,617.8957132100439,35.73904045413822,3.4362505679918947,SAFE,NORMAL
8.162106665219572,0.18081277781387553,409.5471632953798,25.58325241996071,879.5068473436553,45.55597013209605,2.4847813006401047,WARNING,NORMAL
5.7050280502149135,3.0426150915639347,490.4211627499845,30.508344714602032,420.62167615644483,52.90151456453232,3.0776987086723966,WARNING,NORMAL
9.396423973561996,4.159875643714933,339.71762507172696,34.41952632053152,709.9294951140434,50.55042853245605,3.1748460382851063,CRITICAL,NORMAL
7.939239766346237,0.513735848386897,332.3344407460437,21.205224533340196,780.6127718768304,47.007245592492275,4.008235817693945,SAFE,NORMAL
7.356267239890412,4.058262273995166,317.44428090978136,34.19651403409543,604.537212754149,49.715121422732174,2.9332214732473947,SAFE,NORMAL
7.1615741995686,6.800425369770872,530.1010706978086,27.802574347488065,706.7188511774737,47.82461396703422,3.2271765647018307,WARNING,NORMAL
7.39988785240036,3.0382113959718877,375.0813628082042,27.299457195768458,715.3778223845434,42.02922203160075,2.5855991489732233,SAFE,NORMAL
7.564785699865537,1.2413426568462205,482.36987249903035,24.833084855693,861.538377209933,40.679354353571895,3.452911203333532,SAFE,NORMAL
7.65165091016504,0.21840829630279443,453.54103095216743,25.544421597565414,667.1652572832683,71.4984993172832,2.5344859159435495,SAFE,LEAK
7.588923126202414,4.117172342633613,308.383007464584,24.019951191963216,474.58633585079986,55.02924451211092,2.3109225079791,SAFE,NORMAL
7.262706476878674,0.5912027398618268,459.12999009778355,23.18790382611016,595.9762915026686,58.650463942986676,2.4455372966985625,SAFE,NORMAL
7.061863105784872,4.714221866231784,478.44059590543964,28.798490017713736,637.2198431280019,54.83002122560653,3.058090583094513,SAFE,NORMAL
7.094108701442542,9.75093261049298,577.5158008414794,31.45074975046203,555.8253097219052,61.14392246811176,3.0830803922987253,WARNING,NORMAL
7.063564203753123,1.6502572479499105,629.3203945073383,22.80901485980249,734.0953957932642,54.58634444932172,3.767357389180028,SAFE,NORMAL
7.993639067806946,2.5392839475141518,327.6626602010792,24.219329378734056,725.4899648237899,33.160831495191765,3.961079678676967,SAFE,NORMAL
7.6154897055966035,10.12170300052614,492.57921954247666,28.025379910606325,716.1740359436612,43.29379717883934,3.9490354182528224,CRITICAL,NORMAL
5.1417279557350035,3.326904167273066,183.9229313434564,22.541997586669936,538.446902299035,51.89011149565067,3.775364218823695,CRITICAL,NORMAL
7.659130543570833,2.096123833536455,552.148004462502,27.976520163335724,723.3624554906661,51.67189027622042,4.237714426269093,SAFE,NORMAL
7.336315336303143,6.154190916451126,581.6761546743107,25.921243434777427,931.8941088272927,51.051328913763854,3.4276806365352823,WARNING,NORMAL
7.186903870487872,2.1928716590250623,129.39429079396422,20.44821637778301,753.0195184556198,41.074011916968175,3.4349694499079364,SAFE,NORMAL
6.92803708283778,1.5546102802551378,409.29442571160536,28.886521648031408,893.0190221339407,45.509355387015944,4.113514497902814,SAFE,NORMAL
7.98687890399021,4.66266762360215,342.34856394219867,24.75592169221761,719.6052819840412,51.98047643877845,2.642827854052726,SAFE,NORMAL
7.863268523486001,6.496735783264852,408.98635500942186,31.10019403800222,585.2936509715335,50.2904017245938,3.6699147923935214,WARNING,NORMAL
6.658985632523474,1.5446872371269043,385.2084519732881,26.218016744314216,854.8610799293156,56.2037327928538,3.176418082844458,SAFE,NORMAL
7.484936600987175,3.5374982350081763,444.7648235009108,24.154757964780618,446.69142530106205,41.40144502366742,3.866594742745184,SAFE,NORMAL
6.5198402858211,2.628814156230961,568.4784853950813,26.86702103978055,599.5058351135415,53.88716522188803,3.7908942616277352,SAFE,NORMAL
6.234267284647749,2.972206963027426,412.3509798122117,31.967883059660405,674.568283823811,45.41687581963748,3.117830237266414,SAFE,NORMAL
6.761297942787024,1.2528878959792278,331.50672791161963,34.36729010910056,817.4981791066317,47.15137589871432,2.5976107086989755,SAFE,NORMAL
7.803675430667932,4.918003189710565,426.283439249631,29.372284452912393,929.4225454483434,49.553745723021706,3.8747676205289348,SAFE,NORMAL
7.8671875317632605,8.393832153477392,419.6104863390957,24.643873398405226,852.3648941069353,36.14845078615737,2.9634339914852674,WARNING,NORMAL
7.559159794068105,1.5131802949211044,439.60867480341665,27.13042793107236,834.3029373631393,51.01703218722106,3.260538800750842,SAFE,NORMAL
7.707567050793598,4.915125434152491,374.64279205240587,26.60633078516733,855.628105549963,60.06161567720385,2.6405427077393306,SAFE,NORMAL
7.561324800980471,6.05658915005762,493.5153591017431,26.39903924472978,880.7179009016002,40.27143745133452,3.0196984249089915,WARNING,NORMAL
6.7509628833439335,3.518058483853142,605.2112181625007,25.9824398774312,495.22696155871984,64.86209484375185,3.7081557802740446,SAFE,NORMAL
7.502345781271758,4.76834147225572,297.72083290709116,23.138290628520767,1096.8649048091313,44.819724917543724,3.392582432637951,WARNING,NORMAL
7.760286667659377,1.67402206399315,504.08587440389283,30.902475369370286,899.7495247070766,54.712242842831884,2.8243571585383815,SAFE,NORMAL
7.728003930869502,8.079103320853621,565.1675592332721,30.443119321782827,667.4231539701893,39.41439634197683,2.2606227445147877,WARNING,NORMAL
8.03223936003225,6.530675216256412,397.9253403513027,27.092650342560542,766.8352453421915,67.27326471213387,3.544095443576692,WARNING,LEAK
7.695812693040745,7.043941658469769,600.2640786665494,32.03499062968674,463.5782765700038,41.51836341744755,2.9923720109268417,WARNING,NORMAL
7.446013745279108,1.0591906516805532,442.7307671698253,29.364202316636884,653.2293003998069,51.65681930960127,3.2874351761306286,SAFE,NORMAL
7.949105166821499,4.345946132875582,314.8826803833158,22.534261272688838,638.4178294637264,45.71198829140278,3.131565746163667,SAFE,NORMAL
7.181435118525658,1.7840313897655355,297.4129115640915,25.582380066638308,623.6070418724441,49.600805844919755,2.9873115158426238,SAFE,NORMAL
6.582687744140598,8.544922116590378,544.1771171348871,32.92148299994269,846.5963479436864,50.89677647344975,3.5099570274879346,WARNING,NORMAL
7.085853125239366,1.5422128699481858,533.1429449516367,25.557408570032855,718.7684122857519,47.39047886615247,2.76581210981753,SAFE,NORMAL
6.6785681486354855,3.625037539208248,637.7148316232416,24.226679990744973,485.010360633796,44.5616597364339,3.2748055049056983,SAFE,NORMAL
6.727375207517933,0.3556952295787186,530.4861986922929,29.889636671849793,488.40850365089227,49.62231409735533,3.4073565308598956,SAFE,NORMAL
7.098836930499138,3.611112689333295,438.06331166645657,25.879130350743026,346.3306841478842,49.44822589846115,3.8737635956048253,SAFE,NORMAL
6.645306055300027,1.0713536590415347,507.8770109106934,29.24313947650971,858.3483723643477,52.59071123102468,3.226085595000855,SAFE,NORMAL
6.984426929252672,4.507246874897007,458.6505004927946,26.855535697924328,659.5693291714153,53.87574279091734,2.604059672558056,SAFE,NORMAL
5.874469733132351,2.691167309505515,410.09122459980375,23.813377560808043,835.8422451652843,56.4879716876007,3.537401166586985,WARNING,NORMAL
7.3493055951610575,2.2465671886613263,384.07645558655133,24.227552170166533,1265.212801148882,54.49315088980879,2.7559523634703784,WARNING,NORMAL
7.2008438327535575,8.689700207204606,243.23805370409818,20.25700329001561,538.2067363009934,51.05779199033013,2.8649511503147544,WARNING,NORMAL
6.628037958252267,12.182156583954349,360.9424291458813,22.579269766961495,758.8553352914219,47.94797600587787,2.9500651673302336,CRITICAL,NORMAL
7.661471967902684,0.7816178573588736,447.6419985358213,29.513513521564864,959.775457638442,37.736692831234365,3.1076147044184737,SAFE,NORMAL
7.856299096338591,2.306647626948488,125.26116002740758,31.823081536172566,611.9813709596267,51.24261689025065,3.8464017894320333,SAFE,NORMAL
6.074708094941718,5.473783991584365,388.21609075723165,24.558295005326247,638.9403475578233,58.75578570274921,3.525977961152465,WARNING,NORMAL
6.66609265500365,3.9864467325367627,560.4688446579983,21.500068163658618,795.4581186586399,43.863699786009455,2.64999323201677,SAFE,NORMAL
6.661600355148892,5.264624203062173,611.1874681555779,31.551349321058552,1157.7213602338543,44.65483856185877,3.9563164508422,WARNING,NORMAL
6.542067829223795,2.845981940170146,386.70666532464827,31.669712296163155,814.5463938603727,60.443620610541736,3.7305453122056695,SAFE,NORMAL
7.780632389352224,6.716344478315169,382.2001172108198,29.891835025033767,548.2964305944574,63.0599191709895,3.4082969214072745,WARNING,NORMAL
7.064321702859038,3.508452639838889,363.6021914741985,21.19627286367927,570.0618637256351,43.32099514937278,2.0412940131130606,SAFE,LEAK
7.014839611082572,4.159410529048739,382.9931475057238,29.060478116436563,612.0868420335147,70.41195371742629,2.7779595951341878,SAFE,LEAK
5.797296344915273,1.0726127034231818,587.1178784218495,29.206315466927425,372.4752148976125,53.33993693717171,3.2045192208898383,WARNING,NORMAL
7.6447926211464585,3.244649299221898,645.5049742568887,30.602303582261147,671.3196259922914,57.38764753173913,4.027713101088264,SAFE,NORMAL
6.3325191236025695,5.515266652441724,247.38278002934095,27.603956100833994,701.3439377068695,47.18288536427632,3.8627342849586457,WARNING,NORMAL
7.24195284118643,3.8263084560165157,352.62417592519404,23.999299864066277,708.2900877082849,52.06523639264554,2.717284497660791,SAFE,NORMAL
7.394163856570734,3.3549189101580694,226.38326209100327,25.38183345220514,439.02222783802904,53.40662023016717,2.3598669704425026,SAFE,NORMAL
8.152461017087056,4.349636498281056,446.56385700050004,31.7082117476289,762.1545935236127,42.803721877231645,3.1087931419414616,WARNING,NORMAL
6.283825720616622,3.4936413472966517,391.395949577303,28.518169205408665,522.8886152690615,63.227983292405284,3.2701911695058135,SAFE,NORMAL
5.086341490925422,2.9203946444480593,493.07046106471716,21.76777214639626,656.9915065948445,49.68650383399187,2.5793925330640115,CRITICAL,NORMAL
7.328694681327587,5.63525956991544,529.5862104888522,33.82586942852055,566.3328565138695,45.999214695298384,2.764546580577474,WARNING,NORMAL
8.460357827057598,2.7651700311272673,516.2714190975637,31.622189051472866,907.8380629700177,40.72948782868551,4.258071787038799,WARNING,NORMAL
8.067262447057606,1.0080047166864834,252.48733226777267,33.64999465130789,576.6642837770535,54.498823309782644,3.0129888039496193,WARNING,NORMAL
7.346761590692238,8.428626914062155,446.9157320988976,31.537249535649178,942.209023165151,52.047099858609776,3.049586948596258,WARNING,NORMAL
6.855854670057567,1.830997724517076,246.5136611159461,23.286408753704713,724.5356246118714,42.19482549003058,4.613152988923119,SAFE,NORMAL
7.764985817646117,0.7407754717105431,658.4247327782911,28.320019806680595,775.5741804685807,51.120716363409265,3.03063614296325,SAFE,NORMAL
6.518517660206872,4.74080449791067,407.43870677125517,29.413976804256393,714.9900160600486,53.903221902203065,2.694343338066009,SAFE,NORMAL
7.5334504385493535,9.153052159922982,286.02440747562406,21.622783975102887,546.5920856235389,46.840166859546684,2.845413436391627,WARNING,NORMAL
7.553829111416639,4.821369724826465,384.68814022840183,22.310454536858572,773.0834811423634,52.988320819048226,3.3457912636039575,SAFE,NORMAL
7.942146935249216,7.635110790314386,474.94589143599933,29.973592934579507,622.6122374474805,50.03785988506116,2.9625564958246855,WARNING,NORMAL
9.131762027237755,1.3925793607175823,537.9898167075604,30.29075318495852,757.169734218113,48.243073774808146,3.1349266586432827,CRITICAL,NORMAL
7.474691177025137,1.0222168312985522,606.0371454946435,36.472876117055954,808.7058172314531,42.32004312417872,3.178521722610947,SAFE,NORMAL
6.843725462004751,2.2997945370843462,457.54916767137416,25.958453603549913,1043.2786144020795,51.592404797163624,4.773933055662262,WARNING,NORMAL
7.1820979814656045,6.380528895349227,409.94015106477804,20.26821866797858,784.7579371059082,33.407703250981044,3.556322848629118,WARNING,NORMAL
5.961646866577618,4.518680525349349,532.2083245118927,26.395469687604045,872.1925539472206,61.50481712345163,2.7244723677551352,WARNING,NORMAL
6.713700808237659,4.760136341265644,528.9162797669295,30.373839585234478,818.8951996797241,59.49812994697997,3.1128976145114327,SAFE,NORMAL
6.913502293320827,3.3534139113483543,464.25340881633554,25.543605120460246,659.5025220649661,41.80392931565093,3.60151713184698,SAFE,NORMAL
6.833138121445786,2.336710726022198,547.154691255229,27.406983166889276,822.2389292945649,38.488720394010734,3.741426477088415,SAFE,NORMAL
7.306648410423605,3.4686624282792278,376.77014049005027,24.431608926048057,677.6298413267364,59.35381038625769,2.397793508144444,SAFE,NORMAL
6.6243060473324595,2.6898831394480824,447.1172247161436,31.77238062326634,625.675169265365,48.67102180588232,2.4914442131336276,SAFE,NORMAL
7.98472146712713,2.205639997589855,206.04317421153613,29.978462329412253,503.82754258871927,50.47870509762279,3.434983114711811,SAFE,NORMAL
7.200144945442738,4.066124140830186,616.7841845613593,23.719701846632375,817.4901590072485,50.19107557488369,2.881129376661409,SAFE,NORMAL
7.19348977520297,2.490049180252862,390.99700694883484,24.912297684588502,597.7314528993319,39.48764618237024,2.8108952673400514,SAFE,NORMAL
6.970473698440958,3.733218639113765,617.4676643646324,24.282032248671324,813.1208523330758,56.283670360573765,3.2935395082678323,SAFE,NORMAL
7.308633478701285,0.40851745108257703,371.2571116036615,19.561513784795284,700.843704526906,53.59101233926591,3.5953807713585335,SAFE,NORMAL
7.777568785267344,3.5075515589363477,486.2668853709412,23.95206679149532,648.8462721675093,50.15018177073045,3.0805351093860596,SAFE,NORMAL
6.59300884900237,2.477623032951882,456.56927454460464,19.908547902285584,544.5565116988889,31.848817572850738,2.2284730459566613,SAFE,NORMAL
6.739318457647321,7.912517444529609,377.7607023739267,30.734318487339245,934.1418494732379,54.028879509343405,2.9357131588160397,WARNING,NORMAL
6.987391779856335,0.705501248026253,507.5530543413365,31.05150052662211,629.3246809148743,53.02562713571048,2.619797365209886,SAFE,NORMAL
6.25789035356875,3.3151255513238262,603.2339105597404,25.804842907309602,985.5848670548996,49.24478479997312,3.480862428772362,SAFE,NORMAL
6.626519498194952,5.561731418139662,664.7748839804852,27.818783436547097,552.7218945471363,57.72201692570319,4.225248495313133,WARNING,NORMAL
6.866645388518739,2.7750817520085054,539.1267673709912,31.283998643166477,971.3813802302991,59.031636126511415,3.343959425400011,SAFE,NORMAL
7.81207242649891,2.41042285824707,304.796043902272,30.13512816303368,715.1094185260674,52.68548905725801,3.42050672609997,SAFE,NORMAL
7.383792930301348,5.548484500794097,281.3305307391358,35.01879443737753,854.9313760079358,37.903344223107936,3.606500408255828,WARNING,NORMAL
7.335512937957281,4.4397168744983695,586.6722985173539,28.037649842951026,465.90148084173745,39.87737171022556,3.874023121907231,SAFE,NORMAL
7.795628573517581,4.680830352870444,330.3250186682509,32.810541333906805,465.03566481387725,44.418307840911936,2.90907237138715,SAFE,NORMAL
7.103839748120422,2.20926588481781,523.9146106852867,27.38047987594237,746.4405837412917,48.01130952364862,3.1735311195906752,SAFE,NORMAL
7.473325394950223,1.9863823687573583,466.07283551166995,26.522006167384152,517.5029833968462,56.732307834602636,3.6742319685615663,SAFE,NORMAL
7.127744772947253,3.7365888289181943,608.2441626921882,29.71473625927013,939.2179093146777,52.63557603166519,2.7291511869578615,SAFE,NORMAL
7.38575364457974,5.8708799126238915,511.1942000091225,29.20861285269293,765.5208788569937,48.6739543629214,2.4454828778093107,WARNING,NORMAL
6.792068939671893,0.8844921403164182,446.330576110645,24.568313096325923,584.0481659977701,55.031829432152215,2.9674682856432884,SAFE,NORMAL
5.4928279892065,2.8529626651776714,697.3494562152694,23.70387553629839,534.3927106793624,43.79685690518233,3.828196204502918,CRITICAL,NORMAL
7.106004586469587,2.061715376940686,548.7897002055022,27.299102314333915,648.0638603467943,55.015393263462215,3.270252436147617,SAFE,NORMAL
8.195923695269958,3.12355847220495,516.5678660387034,19.439717038138692,597.7908229446241,51.82191526645757,2.966872458445295,WARNING,NORMAL
7.848350781569115,5.201527240832834,368.0872713338328,25.769878485152837,789.1522999697312,54.18568797919673,3.70786741751275,WARNING,NORMAL
7.87577823921382,1.516082116657785,312.4028299599271,23.070645916185093,686.1864884537083,56.769985809658095,3.4767402589331473,SAFE,NORMAL
8.065291505264353,4.800138636038383,418.86382800145174,24.694614953064995,910.3077221086996,49.61937204451135,2.8115233824746415,WARNING,NORMAL
7.262060313673007,2.270798608613676,270.14102653118533,23.885069402961182,813.7996789666483,34.07145357662242,3.105084760586681,SAFE,NORMAL
7.3381209951839175,6.513984649027891,411.36276119109846,30.071635869486453,543.9436662676217,44.72711885474034,2.6879265376424786,WARNING,NORMAL
6.7676436731959555,1.5961467695646578,546.1144283161385,28.786718512202686,623.4000870744959,56.25318874944529,3.2716928670424883,SAFE,NORMAL
6.9787490007810655,5.814791855942433,567.8147803882883,27.21181009884017,544.3880154715206,45.481109172973404,3.51816831316595,WARNING,NORMAL
7.6310398048398,0.981892878220595,408.9594878069129,25.466494502823718,544.549198459885,44.6844477786941,1.9709868069168486,SAFE,LEAK
8.042719106018172,3.554483795179975,802.3169849565732,31.13879336991213,376.84970391635864,50.497954938861426,2.689912954857304,WARNING,NORMAL
7.1023876070233,4.871586911686597,602.8008662461971,30.602594390053717,869.4249341653234,58.747076414214895,4.039297871271644,SAFE,NORMAL
6.884867514604012,1.6338749342272512,446.4036691116588,26.555434699219393,932.6176243189464,53.66410512915845,3.0322280769933734,SAFE,NORMAL
7.2003695711996185,2.1188247065808414,586.9708109638032,32.41898698260736,522.2398125233951,63.926240934519285,4.029355813250677,SAFE,NORMAL
7.6208447242503805,3.1493502684849397,380.4608318638624,26.24182740949997,504.11534136350076,53.21208191949791,2.5624701825040956,SAFE,NORMAL
6.189301628706521,2.403574650670748,480.46988632017656,27.818810096951673,800.9669978338692,52.90289483531363,2.9341030783006645,SAFE,NORMAL
5.592673332803933,1.9569218035782572,406.73199218521745,24.70312551917244,552.5124854874664,48.130400791483005,3.308827780911198,WARNING,NORMAL
6.814624205355892,5.6067870421331785,304.58676969540227,25.42715906886991,929.3335281677867,37.58889104769573,3.040705286468211,WARNING,NORMAL
6.345501301860089,6.968324814065745,513.9157361252476,24.491933901134622,570.9860062342569,51.17838454772678,3.8327254535263466,WARNING,NORMAL
6.8443018616468825,6.692914902997538,449.29173092153394,29.750367426596807,315.0847737868277,50.33212568012419,3.14082515020817,WARNING,NORMAL
7.09655377682777,4.308387627026084,458.19399311263663,28.50487798848901,676.552844264398,55.308509292189406,3.5560433454116143,SAFE,NORMAL
6.882726113683891,4.731078779548724,446.74377208570286,22.789045141315015,593.3833831390328,52.438940838487405,2.6539900592449603,SAFE,NORMAL
8.216727274129521,1.4027946473458333,342.2278554240309,29.265796201697405,726.5115311246806,52.15393459998942,3.3321989178974607,WARNING,NORMAL
7.428721335221624,2.9315369890217915,640.6005548672821,34.17180422486168,637.1958208066704,59.084509993612706,3.043107999236922,SAFE,NORMAL
7.41033205172758,3.3478553522747583,479.8485875674254,24.359695866226435,803.7775089483245,47.91097459829245,2.6992715007558306,SAFE,NORMAL
7.635545000830382,3.8361918938612645,417.96408645797254,24.130965749679795,776.1627961207906,56.70882393834976,3.433277884319274,SAFE,NORMAL
6.402816817553462,3.7873464835410435,292.89475769589853,27.032267527438343,758.6324515835289,60.30797009197755,3.881091993824876,SAFE,NORMAL
7.927378251194188,3.1553680514160156,618.4056639292386,32.51293904001213,734.3389475066559,45.57119602458586,2.9023705397152266,SAFE,NORMAL
7.146964999425178,4.272862287544914,560.0781873452033,25.24675089424211,699.8878281580231,46.73513409995062,3.4113886293505957,SAFE,NORMAL
7.669336432068849,3.6654706657535607,450.1811279013858,34.36740373046121,448.4836065059809,43.85519629064197,3.0924521725174015,SAFE,NORMAL
6.449699936871891,3.6593351989994622,295.904456090179,22.771765446683503,770.0701716739128,39.14003872515933,3.2535806237704414,SAFE,NORMAL
6.112368863788755,1.7304670461377238,649.0717505975394,27.75219426537368,831.7521299482075,64.75075305857901,3.6199306132896254,SAFE,NORMAL
7.7725227606175205,1.1233883543588805,406.22513020637945,20.194959721868564,762.8173059929211,75.48075585727875,3.9208920292980345,SAFE,LEAK
7.463486668268262,3.850070733507556,369.41869863099623,23.25541219814794,663.7283984736724,51.6838329906888,3.8209386578080142,SAFE,NORMAL
6.568563911949743,2.1954450227420863,444.1052732852892,26.14639628840609,806.261904137883,47.35495548707511,2.8252111926220684,SAFE,NORMAL
6.5912358431077145,1.800494068602658,495.01632866106763,28.080776485117255,742.5922339265372,63.903068145743774,2.527856756136225,SAFE,NORMAL
7.9878043490903385,4.959471198924754,429.7640508369709,31.962927909094702,827.8193942884074,54.808196663925564,2.1943007756799964,SAFE,LEAK
6.367411674992871,2.9557831031131725,50.0,24.202682758525437,684.2360347316968,43.966584894371834,3.5165111982476542,SAFE,NORMAL
8.349871067279174,7.658284061173254,479.9551230725674,28.68257564497876,443.0754813198488,42.974227351292605,2.936852828860266,WARNING,NORMAL
6.569565485746492,4.597027819533686,560.7098356153397,21.64357167030633,667.8218643733227,56.55100316048895,3.7311597925543696,SAFE,NORMAL
7.646874347925868,1.6392545935379326,343.0739379350845,31.03941397631617,529.240079708188,53.065062475782014,2.6826681649757615,SAFE,NORMAL
6.969967066975711,5.002134481642869,637.2663551900345,32.24152920647776,616.5469888043577,58.97859346559965,3.423100349647076,WARNING,NORMAL
7.62223120175764,4.129242467772259,554.984505037106,31.150099369581827,715.5758393944278,55.630136398844186,2.3148729947745723,SAFE,NORMAL
6.819120198520065,1.5857525317149959,506.2530247336211,31.144257721598063,878.2102799417967,40.23502855006427,3.452316694219804,SAFE,NORMAL
7.0860449657493945,1.9826174647149584,328.3094000180869,26.634465770680404,819.8811545390679,43.81097657726552,3.3956497571693416,SAFE,NORMAL
7.228643422777005,4.838886340964926,483.4642103469693,28.106848498777833,737.587124188977,42.97730703676787,2.6502350513680644,SAFE,NORMAL
6.498468780952969,0.5557734671604538,492.591590807118,26.612080000422118,924.6624081590176,51.73615442236926,3.2961209380614354,SAFE,NORMAL
7.718577041794088,0.3383569151501893,440.1692310184132,26.817965306518957,708.5273981227559,49.01392775328786,4.2346719726770825,SAFE,NORMAL
6.8407505034698906,3.5094115155851413,556.9607576213757,24.025347606601613,736.4290303578263,46.35464156038896,3.544009303995031,SAFE,NORMAL
7.039980059261987,3.31879882133516,406.7123330106713,28.126674279371095,631.7553948793754,47.512174965982084,4.677580267007757,SAFE,NORMAL
6.503955437774041,3.7415709339151717,417.40464243072364,28.671201349758487,507.50166843671786,55.39221404215067,3.276607159318602,SAFE,NORMAL
5.406366438843283,3.3258410222870314,370.0354310754358,30.941190674790935,800.2461429715061,48.55273638368742,3.4890707617953796,CRITICAL,NORMAL
7.0662805661798815,4.234149288799982,395.85159053197066,28.568471662216748,417.7425907350095,44.55168422627527,2.9619084545852616,SAFE,NORMAL
8.888830795129042,7.032517918486523,432.0011459064279,30.524317305011962,532.374542612733,39.55804631291758,3.323146459907253,WARNING,NORMAL
7.749223001528617,3.1047253810283726,427.6668582292844,24.02290116050373,731.952991643871,42.776743815851376,2.7119384898776615,SAFE,NORMAL
7.186517734185924,0.8135409600709372,422.2755677206321,32.69375169377693,547.1816473747216,58.54545952622692,3.6527766670206985,SAFE,NORMAL
7.015976419554213,0.4815409601256161,560.8917529159473,26.034987525138362,703.2019732640646,44.65445324840417,2.7972143706182533,SAFE,NORMAL
7.215726124968433,2.354135270650698,630.3237439613036,18.804983886211552,726.5273864703762,64.50996660301988,4.033109203103406,SAFE,NORMAL
7.582983380622647,2.4034628745131617,296.1777411144513,25.442039584997453,599.1489940890075,55.03653305975873,2.5269215884684835,SAFE,NORMAL
6.373431029283809,0.9594541205174231,627.5353720163719,29.306721388977063,709.9296133238022,43.468032939322796,3.047591211614291,SAFE,NORMAL
7.980025186268211,0.2611828214399349,530.9358509389317,27.32881734525482,707.5224463526804,45.09895809846999,3.0755505529503466,SAFE,NORMAL
7.700766920808871,2.217332585619594,342.8305679274021,19.231951013869104,494.6948920697974,33.12994580430407,2.641001056334551,SAFE,NORMAL
7.702730007995554,9.122162800738268,410.41393378077805,27.860625683566216,798.3810673727969,46.48186962705264,3.3173146933400095,WARNING,NORMAL
7.506933017166809,4.111315765037546,484.07853836550544,27.5069259425516,334.4455338685378,65.5882083395665,2.9332823281902582,SAFE,LEAK
7.213731660385793,3.8580645793442527,251.3979727113295,23.114264288310267,1038.1175257589505,63.06569932783105,3.9021334441460533,WARNING,NORMAL
7.671002865176774,2.7114117509758358,439.59066633056017,29.258057769976283,796.134473904817,62.86722017850422,2.793904922178825,SAFE,NORMAL
7.614269893618965,2.350983322762694,513.0654816228102,26.464682593278027,883.8088998165505,54.874073658048424,3.4105023245492823,SAFE,NORMAL
6.952171502341283,4.410441546048747,360.6754608234502,19.195673734825505,819.1059526687952,48.576672324386216,3.157004675296231,SAFE,NORMAL
6.79847875897217,1.0736979977180765,272.41735883769314,29.780300432244182,692.2952875620588,50.782451606807854,3.093334423438109,SAFE,NORMAL
7.271299406683391,10.706553148694752,473.8372261664882,27.69926939965822,561.0501765305885,54.35772400487614,3.245739481949418,CRITICAL,NORMAL
8.284314106046631,1.152488142359058,714.9900514796209,33.05423684396918,695.5768677903043,49.86972993334301,3.5541188393362204,WARNING,NORMAL
6.33262504704227,4.69415730120609,364.4121587250535,23.54021610210161,850.5010875741057,43.71132582041653,2.2563415542379603,SAFE,NORMAL
6.172732313973292,1.254709980146463,367.55459208536297,26.067829347912266,551.921288886029,49.42438427887742,3.223813625461906,SAFE,NORMAL
7.315332588865562,3.3880554180053717,425.9407481572228,31.263973743862785,728.2644671022621,39.177955170274274,2.7871078871211203,SAFE,NORMAL
7.235621391299213,5.049685901900785,638.3673047089292,23.337516379521453,374.16541203448594,54.757997678835544,2.825093853634709,WARNING,NORMAL
7.321339165059286,0.6576559540106678,251.71144975286762,31.122997665410274,554.4915735882837,42.729172000964795,3.3217972429657308,SAFE,NORMAL
7.37076723853595,1.3850082819700813,542.3788957524728,31.227318436794853,545.4398871792403,54.55739663374863,3.750007535932292,SAFE,NORMAL
7.043758421755637,1.4689854395988144,393.48801626083923,28.25512149264446,1002.4629916962834,41.35861721862273,3.9755644513108552,WARNING,NORMAL
8.242904407021458,2.5110065624615276,403.835998937094,26.339484743329713,459.2607402713557,48.66980629449493,2.9090897978891403,WARNING,NORMAL
6.079367215066439,3.704278089938701,328.77999364605097,24.410852750267313,771.7396032684827,52.199962656283176,1.7756516841527656,SAFE,LEAK
6.620052082653828,9.244613647811656,420.1234609858606,24.115669133149595,987.0050706527509,48.687976656362814,3.23510252909318,WARNING,NORMAL
7.127721667895667,1.9680801579349108,332.24414840937,28.243322896055588,880.9743940416677,55.11840070353704,2.2909327294054096,SAFE,NORMAL
6.049767832192083,8.858107332690539,384.92170971781593,15.490151866319398,973.8610282904699,53.581553050849294,3.4206532376763716,WARNING,NORMAL
7.07690191689755,4.008400305315432,154.14072080243835,24.771774148434872,1000.5912309361653,46.62578950322977,2.7504258252170657,WARNING,NORMAL
8.363029116009614,1.1157573185080734,241.93051236276307,24.220143693114316,710.1126730205334,45.28034207429407,3.371173440612784,WARNING,NORMAL
7.214620541807173,2.7212115534140295,490.40675779158,23.047830950996165,785.5190041155654,44.710662276006644,2.7733194764351445,SAFE,NORMAL
7.361490634003078,0.828058416173114,601.4672104710412,27.74284316166358,735.086750428443,43.56081238557541,2.617840296164807,SAFE,NORMAL
6.317884664379194,2.355214026931086,837.5794952171434,21.120842029459403,786.5383353697066,66.77691713460828,2.630127819598856,WARNING,LEAK
6.768547014372366,2.2266837190030513,560.9464389087963,31.81148944490687,775.9234673047769,44.954986722954075,3.3985028118226044,SAFE,NORMAL
6.9373625337732445,3.4297901154923527,388.23631064205154,30.654322304857452,1009.1310192253097,58.73684351806781,2.539085143692608,WARNING,NORMAL
6.977599432270637,4.705236868305379,211.96422325243412,32.43819266596582,752.5204397858829,51.309884960646905,3.4729702196003216,SAFE,NORMAL
8.097150656502638,2.8880997301905955,514.7719716388985,24.891095557581487,528.3210702107094,47.1570259077584,4.088621540181802,WARNING,NORMAL
7.590383742507587,1.2392969224132162,275.69694644252627,27.831199131030704,807.2507129273656,51.553226199836786,4.0355216612771425,SAFE,NORMAL
6.421979430144078,7.636687052407829,353.13870585449956,30.292684042234196,831.5448690086705,52.03700561501029,2.4017645261850955,WARNING,NORMAL
7.372553344902403,9.638006973668093,556.3232864413663,26.476775564937906,552.0482609809123,35.937418384157596,2.526398182000539,WARNING,NORMAL
7.54875522394775,2.6747557663447075,485.304602391553,24.733580184223264,544.6860061297332,49.37836916483914,3.440614249798528,SAFE,NORMAL
7.998104326964887,3.8818548481426123,338.5122070927648,27.47871619946379,871.1518478812425,50.05113972584915,2.6658648773229303,SAFE,NORMAL
8.30637848059786,2.560788630578381,245.23207074342616,26.179906132914404,604.0534684213668,47.367393883007004,3.50939061781658,WARNING,NORMAL
6.489434065720492,3.450321880780515,475.46921855353753,22.71727356322647,625.5551817417844,33.016813844016085,2.344855713118467,SAFE,NORMAL
6.632399742152764,3.5868090881927492,490.28358985856903,17.47847910341278,616.9352646813003,47.34340864762557,3.164227468664003,SAFE,NORMAL
6.319695498759769,0.9743754463725361,630.4634023329005,23.305762717274007,744.1234384354103,62.90812319572745,3.6720560849266612,SAFE,NORMAL
7.036186098625113,2.390766955497069,150.94551583190014,17.56155359333676,898.5818295018787,54.4043200760985,2.424001331932523,SAFE,NORMAL
7.526450862112434,6.164166605479836,464.1861445558509,23.52004407657442,820.3544503337662,41.57901475459455,3.1415435993854532,WARNING,NORMAL
7.891134161612372,5.804226972502191,560.0121924869247,32.67625004956993,616.7925190488749,57.14550022903196,3.134823182886913,WARNING,NORMAL
7.146834283450234,2.355711054688394,399.5704888954516,19.605935120585098,940.851866856225,41.14278844228235,3.5032129027491004,SAFE,NORMAL
6.976106733721609,3.637147300581709,258.4008238171426,28.79559914459012,856.496748070522,52.15118996383587,2.865577131188052,SAFE,NORMAL
7.306230594574118,2.49978174135309,339.0252779273439,31.890756715050692,878.6435551140419,52.21831602491065,2.485977890301794,SAFE,NORMAL
6.615399968858984,4.832434037354027,454.48983728561564,20.709324607966796,872.7870166172162,47.063531378319624,1.9378673689965127,SAFE,LEAK
8.662677105186342,0.6514669740430374,391.5599332931074,34.177316816233436,607.3739834098404,58.33797077679529,3.862605056252438,WARNING,NORMAL
6.07463728101736,4.418943959643143,486.4665311142991,26.69411751261015,534.4263611995118,56.02938938646814,3.617428572291531,SAFE,NORMAL
7.329318405227007,7.978492187040203,603.5223211639308,32.43261076459334,639.0838675360098,43.797403097136865,3.187807435905055,WARNING,NORMAL
8.616524353460747,1.7143740072039397,402.0808339944351,28.083368445983595,878.3088333754976,47.67939466036148,3.174425521009692,WARNING,NORMAL
7.2047598911919986,7.267795123690148,596.3671047505115,25.157387447889185,487.62252854111307,43.146239968730725,3.4126067401308027,WARNING,NORMAL
7.066972675498954,3.7715533086200757,436.12158804175186,15.370252483917467,463.28089573204545,45.412257839499894,3.682933821781522,SAFE,NORMAL
6.949788204032701,2.8825067983213994,490.67152617596133,22.540790053011413,373.51945158669355,55.201007814788426,2.191411375377265,SAFE,LEAK
7.073725822766315,2.3411666705714356,435.9475132692926,29.71900076977161,473.903607125515,49.89210146094879,2.310048317829735,SAFE,NORMAL
8.160993932273572,7.438661302437713,493.7794546730598,33.1491331894478,557.9640384078604,58.2354519524629,2.237070878539396,WARNING,NORMAL
5.651696662069345,2.506209475637337,514.648911081114,21.3813883308798,722.4091171775145,37.35440138200464,3.0270173073998143,WARNING,NORMAL
8.273403590907428,8.778706859566574,527.0172907200277,26.761334008732035,492.7345578697144,52.20800577917393,3.290967914620355,WARNING,NORMAL
6.203229993284898,8.120119983263104,450.38932128938393,25.216027768226272,819.1506710793545,56.649464342907216,3.7062670080316122,WARNING,NORMAL
7.01334336953591,2.080275486416021,50.305678272644,28.67126259402381,708.1124586735751,50.81120343182291,1.7445819615398521,SAFE,LEAK
6.899528905790937,2.6547854769877812,521.4645986639922,27.353472079017084,332.28323693423147,39.0965343636075,2.531121405300278,SAFE,NORMAL
7.611987288839504,0.4512215862352283,213.56536607374034,25.513278645314085,696.6657627455854,41.600029338425244,3.265331736235087,SAFE,NORMAL
6.081312953681377,2.9553318633963177,377.1737685939465,29.556433301992605,725.4757082053761,57.26830565861736,3.327305080512762,SAFE,NORMAL
7.5235208662573605,3.2424183099871047,163.05097584943934,24.233878363646728,1044.9705772092993,45.73631518611251,3.1001663366568124,WARNING,NORMAL
8.617016736300798,6.6119255565979165,653.8263847280665,27.044960935444113,743.565771629116,43.763743892656386,2.6374177411408772,WARNING,NORMAL
6.245778196785033,8.412084093848568,500.07641538043407,30.08042631341341,381.53138518622023,47.289447699287294,2.8501669411666404,WARNING,NORMAL
7.332794317327277,5.153293618123332,410.9025861012319,24.094524749118143,741.3268064708642,47.97405285241772,3.1315081435966103,WARNING,NORMAL
6.7366124755423735,6.249582792251954,620.2684883370221,25.564179842603163,731.3935747409957,59.48962855768015,2.3416216568898265,WARNING,NORMAL
7.498121044335125,2.653130707201203,513.8434603340826,24.767923298032912,808.8844888930423,36.038656419555764,2.773390345470878,SAFE,NORMAL
7.213403444191027,1.0360614515515574,464.95089095304803,28.808677506233018,1174.6504305842811,54.60664293992778,2.509567212763814,WARNING,NORMAL
6.750959163668983,3.7664440137179356,497.41731997882874,28.398230616736758,603.4172765389833,61.68575358060089,3.4510027254676743,SAFE,NORMAL
7.541510599409752,6.5369368172165,404.1526215174338,24.927421917142482,582.5277225810049,57.56261113328825,2.7428134201384595,WARNING,NORMAL
8.46304367685072,0.12765734885532173,301.23786769583853,28.363490988847158,784.4336785371371,68.5903126771352,2.5463625267394137,WARNING,LEAK
7.066367345790891,3.3592569068418894,565.3070010018553,15.751742906941626,1028.6014633284572,46.34156934765722,2.9412594290342344,WARNING,NORMAL
7.703830559503728,0.5293920528003015,441.48366361847445,30.34108963163459,820.7882883872225,57.13743574886205,3.5763571729114516,SAFE,NORMAL
6.294708929490186,1.5960367316290813,238.9053365863176,30.582805199404934,638.3244936551063,49.311995549673625,3.1885073183883796,SAFE,NORMAL
6.530494536227394,3.4600346299205307,510.8852259316106,24.97447528028048,877.2747349247566,45.8488982371217,3.751076553136172,SAFE,NORMAL
7.530684394516264,8.503070870486631,454.9028065576582,24.178732536115735,1022.8944199148098,32.23950798892219,3.674431156486435,WARNING,NORMAL
8.238881219975175,3.1112601136041897,653.9783565542837,26.769905959387813,561.6179292323335,46.28188068125086,2.825055972698495,WARNING,NORMAL
7.448929344149962,4.921115132978534,482.2238782714463,23.359712974524157,519.8764016016185,58.5206847721234,3.267319952562377,SAFE,NORMAL
6.9808593786337925,3.7396636864526487,308.27324692442807,23.981380132444027,710.0553642808343,36.27469322485649,3.7488693095581924,SAFE,NORMAL
7.199503983796348,1.6819023530043997,235.18171605639787,28.231411097694664,754.2067541284513,66.78113856992151,2.9586026965576457,SAFE,LEAK
6.324714586221198,4.28636989572375,601.7153504538412,30.236244883859783,949.1301479187722,53.27844037440771,3.320078125473176,SAFE,NORMAL
7.623160728448757,1.0087728260433955,442.36511197771756,28.271486271305793,615.6213284873018,41.15633668198657,2.7490741887787373,SAFE,NORMAL
7.817633143626386,3.0773954142815336,346.1034884889741,38.545315524870084,772.3382175926737,51.829098160124694,3.0872483631090994,SAFE,NORMAL
6.883536767016844,7.344750597574922,363.64017969893126,31.994349916866014,980.241785797585,55.4941673431247,3.070967566757141,WARNING,NORMAL
6.870970496568349,3.532237865162131,605.8012915326426,29.94150221981794,740.3162023875437,46.08894330029426,3.513600334300067,SAFE,NORMAL
7.386114760756434,3.7408502340341054,506.6170919104481,29.79675351461165,628.8607823679907,45.008361902675816,3.0082607836915387,SAFE,NORMAL
6.894296184771584,2.3524514078468246,581.6613060458754,27.347035543316984,802.6354699941741,65.79335850904052,3.307744748294455,SAFE,LEAK
7.153707169761924,0.7036946603825399,479.4257645645248,29.018613762136447,640.5345334141703,47.28092770779708,3.3905724920812146,SAFE,NORMAL
8.66980525241656,2.5727714544785436,349.60531804057445,27.790381529039998,760.7719208943947,48.85097550659693,2.8054662664054177,WARNING,NORMAL
7.027082009477803,5.60376089282276,664.3892548774481,31.203354181746835,666.4464966599699,60.58703583120448,2.998757382570463,WARNING,NORMAL
6.949161893585145,4.092298856763393,403.0740328825089,25.883442247550725,674.0190292264339,49.4171607487276,3.4315283662114133,SAFE,NORMAL
6.746720736055389,1.0673388219656257,546.5293165108292,25.669683572457636,627.487273179668,56.116223471422444,4.119237970064287,SAFE,NORMAL
7.720934380049956,0.4979376940470636,580.1058244969636,31.712272961125066,596.7327964045422,46.22563900203825,2.571383618709525,SAFE,NORMAL
7.073143078747328,1.6648472394038922,450.75194878980886,25.160036991633433,878.917136298064,44.41819667503499,3.4626672593288075,SAFE,NORMAL
6.745438873175002,2.5933837783331906,316.41323322275275,23.22028521074879,734.1957594294687,53.047033473522525,3.8070526654895485,SAFE,NORMAL
8.124912822591108,2.7407279668529267,368.62091483435756,24.007482119408607,929.2849639505728,42.15208500624315,3.247793732958938,WARNING,NORMAL
8.193722103159546,2.7689339859492614,531.2619771739711,29.994468128197777,294.9298912135853,53.25708775378288,2.7484257632428726,WARNING,NORMAL
6.7797035039829066,3.088114339213952,514.0584084302283,37.68754349397322,606.4347709326823,42.658365294486856,3.1737853065042363,SAFE,NORMAL
5.893422034047569,4.190339813488812,606.0796040118724,23.44923602860381,566.6761667088819,53.180700990701645,2.7163871326491806,WARNING,NORMAL
7.905259582885845,2.225287726278989,586.7153069368018,29.580594565588687,654.2894952743752,59.88030021000298,2.9485956394576966,SAFE,NORMAL
6.720759121967998,1.3616242992764132,335.64347700741513,27.615104720882773,514.2404131126638,34.05238214743228,3.3926869846407373,SAFE,NORMAL
7.753437919413939,4.539614672309047,623.2369770215512,31.512755978439245,410.6912387908653,46.71066627658199,3.169742733967161,SAFE,NORMAL
5.820927327601716,5.696541564502539,326.8588430443846,29.545517314169224,821.005836820557,34.32227566636127,3.2980046366024434,WARNING,NORMAL
7.824818136809516,1.9455101216753459,521.3753647891929,31.760756489653737,593.2230773345092,47.65341155674894,2.6153717286986353,SAFE,NORMAL
6.352179649503453,10.754709061644483,740.575815955417,28.168542788786414,800.0186005342675,52.6899576264181,2.8945230275517333,CRITICAL,NORMAL
7.711534883346568,8.202945819525185,487.49819978367645,23.66090405429601,487.90445016126205,47.27991930588099,3.506513183190735,WARNING,NORMAL
7.209991147485504,1.1424866763958386,236.546192410178,24.279940927124468,405.518455752773,32.87254913690609,2.362567818224277,SAFE,NORMAL
6.532242406422349,0.5418398029232535,410.8922858536951,27.847922385277368,743.4205480267286,57.19055217469424,2.5368366174029098,SAFE,NORMAL
6.915074580951254,2.682699964158707,710.9805248475817,28.86833096603677,813.8830078544162,38.32214005458122,3.047207063139598,WARNING,NORMAL
7.680422919869691,3.758801329605385,425.1483826156036,25.46315532161855,589.2001299344079,56.68498275641721,2.9412714024597957,SAFE,NORMAL
7.274126117180664,10.651710391271045,609.2392840185491,35.06023830332997,516.9269588149732,44.02568015196855,3.5847140522601357,CRITICAL,NORMAL
7.609089086330739,10.418511801618925,335.2051641470765,30.7648877268586,924.8690705530263,43.0373001649233,2.0026140034631204,CRITICAL,LEAK
8.58350840916084,4.929422949999067,407.31871833023456,18.66437388316479,689.6989193152829,50.086746045422395,3.158756694385845,WARNING,NORMAL
6.105030871802264,2.262721746385433,424.1155226725667,26.508390816176455,520.3373172833649,58.529938249497434,3.88547796724294,SAFE,NORMAL
8.332048802478036,6.807568033357998,684.1097005528593,22.881130138131414,430.52333224628825,65.64468397254089,3.36350617914135,WARNING,LEAK
7.273049156266249,3.3760808367810298,413.2872175453381,34.62513046450857,576.0847102678961,46.718595453777425,2.433157083296082,SAFE,NORMAL
6.57085116617381,0.9182587742867783,223.7469392611138,18.122638700186712,629.0221733649266,39.584108462444554,4.41378514998191,SAFE,NORMAL
6.268780461982708,0.9538962992474216,735.83788432903,28.674967657818954,837.314887197495,52.766570529668726,2.9265706486059724,WARNING,NORMAL
7.067615726456077,2.2751289998141946,477.2960721456838,27.493297590514352,696.9952168837746,39.28639848788744,1.9829089798900992,SAFE,LEAK
7.845155078347122,6.056590554590129,528.5596755277816,30.255628469758676,675.6119905567308,55.94996995085531,3.6060242231272617,WARNING,NORMAL
7.110715615735726,1.236599562007232,257.1770464364589,28.291044227505832,535.2350628681519,53.54849461740019,2.7958908540546177,SAFE,NORMAL
8.257808451173144,2.2710757888348194,480.93174640902623,35.27729875122435,948.5414416054631,60.838150326552004,4.135557912557705,WARNING,NORMAL
6.184177016963909,8.155660435321007,452.29160547745096,30.67172186741326,875.7675723001851,58.42826453708897,3.560825298861105,WARNING,NORMAL
7.191537736507762,4.087190241263793,334.0489934807966,19.64762778832293,861.405908066272,51.11660739467474,4.265544664605492,SAFE,NORMAL
6.3233245889108165,4.437991717549379,530.1547253905319,32.61686464670055,689.046337106439,50.2494139362192,2.6733115668915373,SAFE,NORMAL
7.454542317837477,6.207055768905881,245.2349800558178,27.812613322422635,772.1842839398907,42.90188997953099,3.838994388477462,WARNING,NORMAL
7.8208211730681105,2.3092678446193156,333.2035329968667,32.62365355011869,236.49300801377524,42.74221494418794,2.793382640555448,SAFE,NORMAL
6.905466744423263,8.525947153803449,595.434486319778,25.731682660963685,736.440426093062,49.66985028724268,3.3717817538124817,WARNING,NORMAL
5.377050300361006,5.033691275534171,362.899883503505,22.750681273700742,1046.118705048347,41.382463736787,3.2862017830346923,CRITICAL,NORMAL
7.339263702757546,2.810847082986516,390.79704371297845,21.99449187949983,595.5358524421528,47.857490058210125,3.893624160065535,SAFE,NORMAL
7.505716986213457,7.473796779006383,460.8000339572788,31.24558417307506,522.5911749649954,46.235741767709776,3.6049430312746273,WARNING,NORMAL
7.483006328473189,4.879104474160884,405.3663282366515,30.188713393633343,674.371510860562,54.740451239229245,2.9675630254131073,SAFE,NORMAL
8.065047534275507,3.0329044297313583,532.9064554514862,24.632209749729313,544.9411029818929,49.820583480676284,3.744326088877913,WARNING,NORMAL
6.450262424245666,4.531956296123154,471.1173706806738,16.319600083866554,533.6563368543759,57.95996097497953,3.1540130775415074,SAFE,NORMAL
7.676151273815314,1.47755658901596,269.20270532954953,31.398699237576864,747.7014675458178,47.58582178309531,3.5467796290650644,SAFE,NORMAL
8.034755258734583,6.824046567529435,361.81511200315765,18.849903627910386,848.4097100833396,40.645420559865734,3.347828471736875,WARNING,NORMAL
5.954988691195439,10.533292453013354,348.83537682743105,35.695644606742235,749.3300361034208,54.39250097866668,3.0934372108395363,CRITICAL,NORMAL
7.423756278143284,0.6700127979087394,394.39099986017936,21.218343012095104,493.66472776100034,49.00778747827747,2.5381941755703146,SAFE,NORMAL
6.84707411829463,1.926800783751896,463.43721192969,27.056307285325722,579.5420703800046,47.839435376661186,3.3016814017225506,SAFE,NORMAL
7.142934128828848,1.79237606382865,486.7545180775676,27.920066951019834,757.7939766222571,46.62314184865587,2.8624916299503607,SAFE,NORMAL
7.443373538476836,5.257099779736416,165.84728814796495,28.45940488371647,818.3326231561568,49.907895153643445,2.584938837958216,WARNING,NORMAL
6.858940005120513,3.616342452918426,573.0071271150275,28.297134499290188,662.5568335554344,47.83699703359716,3.6152315137526148,SAFE,NORMAL
6.727004344586872,2.1797461665078472,439.09587829711205,27.521758234622006,539.2036182424445,54.13451961624151,2.8845677747966953,SAFE,NORMAL
7.223906692241617,2.459908039116517,315.55222657190313,25.26370448385749,839.3958526489879,55.91948229255947,2.2973782286458007,SAFE,NORMAL
6.438927842796039,2.017166661318312,564.2784482796983,26.106210896242526,1026.2450121496645,47.03673377157604,3.2011190975922683,WARNING,NORMAL
6.439922409780371,4.805554081293186,197.33030025540867,24.392725139534665,902.2852169449176,65.99730880907491,3.123992105971227,SAFE,LEAK
7.675561298069552,3.5725663003241515,260.9130884402142,27.463506970213135,1057.19472128273,45.437367558892,3.1691260703228052,WARNING,NORMAL
6.395844175388941,2.365259794066425,705.4987034891914,19.984458372964845,588.1504701766471,50.14413410657351,3.168549063477467,WARNING,NORMAL
7.666418750636448,2.0478401292558734,467.5567169448255,28.26184612908966,885.6516043455773,37.02139260065469,2.6969961014793693,SAFE,NORMAL
7.523813904997766,7.561723856410729,361.5303995548772,26.605312266451673,931.9111887795007,49.164229852884304,3.0003433147349576,WARNING,NORMAL
5.991935289846582,6.706650787515076,463.01980071157146,30.365729667090896,612.3177464688042,48.37147688594896,3.719630642983683,WARNING,NORMAL
6.725704743365042,4.845065630399478,428.2116654968265,25.785342902520117,551.3860709345868,49.603075994185424,3.6274848842002796,SAFE,NORMAL
8.035876582133161,6.229080601511558,454.29305823549424,29.40891373979551,527.0007563033665,57.815769279111365,3.0232438114467164,WARNING,NORMAL
6.513184128202223,0.9276225711444283,508.6961384489444,29.208100945963974,683.6186692803324,63.43537704179006,3.4925856680722687,SAFE,NORMAL
6.874917016383429,1.2259307835366862,426.23701212495587,26.44373940606286,428.97510300962574,58.864380599279244,3.246519556188684,SAFE,NORMAL
7.523442625276328,1.1026723827592702,492.56291832472283,28.411529259144476,1004.1033216397734,49.1783829607608,3.03513054261164,WARNING,NORMAL
7.748373356497817,3.1047668585054593,431.0370623896463,21.629334946992714,468.92059787374166,51.57436388663929,3.8233278706399627,SAFE,NORMAL
7.023922779768853,6.370066289564655,351.4959279108246,32.3662619279236,775.928191511365,62.18504005768572,2.752572819991386,WARNING,NORMAL
6.781742863715851,2.2054360433863485,317.2717856445946,24.817815309625704,292.6429826939669,41.99097067765936,3.353264988320801,SAFE,NORMAL
8.195658903188956,6.974096258181875,608.2891429641929,26.28673727639648,1068.146552512998,56.27915764221821,2.368293834553325,WARNING,NORMAL
8.417229764658305,1.9232722485044629,527.6889031919723,22.78866051738214,924.8987105342927,42.895783277405336,3.3802538752302462,WARNING,NORMAL
7.885200635547257,2.7842831594587434,574.4474747717313,23.92715323542945,413.11682976591146,59.1449116710749,2.869978640925735,SAFE,NORMAL
7.259722699795517,2.184776716114291,450.45196842099045,33.574152797636046,754.9082235457984,48.92916136900391,3.009143685943013,SAFE,NORMAL
6.634213994851351,2.619537493742037,477.0805159155825,27.5515606223135,656.5202619183555,42.96283831895501,3.054423009248091,SAFE,NORMAL
6.618688915410404,2.8489762665225307,428.5962723343823,25.812862249035266,727.9039360852454,44.738137606333034,2.090741713838282,SAFE,LEAK
7.56575987368603,0.5231301994480465,588.8988877442998,25.790578994749424,814.3569827929382,46.00826461763216,2.3929518915429027,SAFE,NORMAL
7.492878754622079,4.0053837422847645,408.6184759694932,27.007915272030548,555.8959515664902,57.623551214101525,3.615059634332544,SAFE,NORMAL
8.181119015062501,2.79744795067671,331.91622992994644,29.889830950118267,690.3494052122742,60.71559014603069,3.2522966280327834,WARNING,NORMAL
7.655315064775298,8.513433804041183,512.5532846659455,27.775354148619357,374.2886993642093,46.78462961021353,3.9291805916400806,WARNING,NORMAL
6.147843788768128,4.67765912805713,431.743693584771,27.86077956068358,714.9733634445603,43.020371158623874,2.5160425557646033,SAFE,NORMAL
7.936363332406043,3.879453405611451,479.9902792829209,23.30730833894789,329.3722103653783,66.23832466069095,3.625598591854547,SAFE,LEAK
6.501357560879911,8.178387644507898,535.3350912130375,25.82480369876001,935.0430581923431,56.552100753296415,3.4303448483520733,WARNING,NORMAL
6.9312201096333546,7.631947898002041,380.50511494373416,27.626081871873915,436.3317050611916,43.79736345352889,3.7822562971190363,WARNING,NORMAL
7.375140144376187,8.766963707976831,423.72932719055854,26.875236654775847,752.9774648263658,52.876000057061255,3.146208833196602,WARNING,NORMAL
8.596967242848775,2.0241403652650587,412.7506754088028,25.336502330412365,849.153151804635,46.70193543149215,3.257318784077181,WARNING,NORMAL
9.376942989203753,1.076392208918027,604.4149202943612,24.969981752142488,1035.5470199281576,39.71862171763866,2.7612536865292,CRITICAL,NORMAL
7.624706141395328,0.5263649403357867,451.7183409356675,28.742257901614686,1019.202365098736,47.51961300454506,3.064700926657304,WARNING,NORMAL
7.071762366895729,6.170828059466734,468.76526303911396,28.840788660060472,950.9024543171001,39.03465504555157,2.9543229222914658,WARNING,NORMAL
7.574153953936385,0.4320184410096598,311.2271671642301,30.95765062793108,697.1128969472519,46.15566313830967,2.5372521095542035,SAFE,NORMAL
7.821358798111685,3.61207357199531,537.6953508376438,27.783135289286413,900.817876900029,46.90589213976135,3.2680821403565146,SAFE,NORMAL
6.975532662109966,0.7334594065863281,501.37288721419617,18.695141266934627,749.6713975361735,45.682199664060725,3.6709618813471967,SAFE,NORMAL
8.456647949138626,6.794461929635401,349.77139618499405,36.433163763464556,765.0145514738666,57.28763202442762,3.789958408831787,WARNING,NORMAL
7.361049531433982,4.416527107538623,680.759214579419,26.96479403638129,588.3608562636931,53.23462180928273,2.7946939270749587,SAFE,NORMAL
7.548420162363976,6.7678722352938765,490.4633307010274,25.35990943334243,1013.4691400855785,44.88601238561227,3.1817950998613678,WARNING,NORMAL
7.666146976438123,3.6696613352698138,375.16675312732303,26.767357213987662,555.483395186195,52.581519858433516,3.132689729751887,SAFE,NORMAL
7.495110627430119,1.356724210778377,449.6577275192221,25.4156238481957,507.3271012979876,60.44764787838372,3.937299790433652,SAFE,NORMAL
7.787258350328729,2.138146298781876,405.77125088320344,23.725183586290736,773.3762180005988,43.36055103924751,4.093147486978211,SAFE,NORMAL
6.767922769417154,5.753672241176801,635.2652593267203,29.458213488966862,377.4295105390817,39.48735105800581,2.5475609629615334,WARNING,NORMAL
6.809188772237778,0.6643815971840953,561.9816926834653,26.40581487143825,721.1607450009533,41.323632720791096,3.443241411720028,SAFE,NORMAL
6.429892036919814,1.9965905535807693,504.4842115050757,26.642242038557793,994.2337302837257,53.01214382480758,3.4655607505854915,SAFE,NORMAL
7.507650861434159,1.7660529267958305,656.0215116662637,16.98877009626092,774.715598413799,61.91861876138418,3.099747808344992,SAFE,NORMAL
7.74525555245848,2.879070486125884,325.41231234096944,26.094047119883285,705.6914641547684,56.78252735564621,2.568539254111161,SAFE,NORMAL
7.52044100630632,4.789179302659015,543.1077058789758,22.69356658502788,548.8016313717629,60.27939582620242,3.552714651304942,SAFE,NORMAL
8.372144703343276,6.650501077377478,515.6700531680864,24.910254192169393,429.5908308281911,32.405293794027386,3.808121795708031,WARNING,NORMAL
7.196082786819668,0.8668957420245466,422.3456517933823,27.945120375812202,855.4404842304109,43.33329200908398,2.9265101132541744,SAFE,NORMAL
7.668119158914759,1.4431050382452013,422.88151805864527,24.545954032351837,705.038253245273,41.0574275615332,3.7981951367059397,SAFE,NORMAL
6.435809386702481,0.9722748401783365,560.7813966747501,25.097833658405108,812.415203812358,54.46894714355126,3.202016964553693,SAFE,NORMAL
6.929030208267919,2.9687305705668554,551.9866375465069,27.38630872780336,305.4104936798854,48.40526339848073,3.9109686590963615,SAFE,NORMAL
7.686876430296044,1.0930972854164085,279.3287781347797,24.973946415614044,831.7586376897218,26.00379071467618,3.909970822283356,SAFE,NORMAL
7.794371477520201,3.982203153634282,667.9704685633732,22.778747881053807,1057.440318887152,56.077520223504294,3.188221777275744,WARNING,NORMAL
6.994223136635073,7.272607999915208,587.1310438099374,20.11397741224181,941.4350574716116,59.344647858331626,3.4086806804362038,WARNING,NORMAL
7.149880523699354,0.5479153205193733,416.21536678111426,28.346303136063163,753.3986787728894,66.0754701402883,2.848790697941389,SAFE,LEAK
6.137488377323434,1.4890105367112756,355.0500564278919,24.93398162248187,511.99494309180017,51.320375359967166,2.38823694308001,SAFE,NORMAL
6.950079559435373,8.828897517444956,583.2535133027159,20.33791579711917,721.9233952753968,54.95219615335677,3.3253646365163605,WARNING,NORMAL
7.823268214463851,3.5384146458892842,509.56811963744343,31.98265016975616,727.735845940993,40.86975514660005,2.466855239424782,SAFE,NORMAL
7.6026435112745965,2.0253388747078738,535.9688869558852,28.352101989001977,610.7899123190913,36.866629208625874,4.246539609948063,SAFE,NORMAL
7.550466004966847,15.127070626785338,518.5025476938122,22.248197885697117,624.5344125802732,59.94804546470303,3.769244283197773,CRITICAL,NORMAL
7.234841581026672,2.4525912318106617,595.7456930405951,24.181455216161467,1077.7418628206638,54.376608293702304,3.1242135659078647,WARNING,NORMAL
7.204944211039724,4.65582814367346,552.7123750440089,31.185647868718746,526.1699336817342,59.989438967974564,4.533648063675838,SAFE,NORMAL
6.737775202368587,1.5481232545808903,385.93473411917694,26.29828620594121,622.8023491125276,47.95407470752244,2.884832598305482,SAFE,NORMAL
7.689179894141774,1.312097779936435,378.90493490598914,25.326518895721186,800.9993947721734,68.96055180528111,3.003779116558727,SAFE,LEAK
7.494681061072573,4.852922816662541,492.71414578131913,30.0027006180078,1092.563587486325,52.50468491152078,2.997734485869897,WARNING,NORMAL
7.544413193594959,9.364510111405375,724.7695661368002,26.32873246262094,645.811990820286,43.97118037845278,3.168004702468797,WARNING,NORMAL
6.831775610132694,2.1002848402230825,432.02565394558775,31.918681305559023,376.2053100219638,47.456395128108845,3.044985205133772,SAFE,NORMAL
5.692659956090129,1.2232797539294185,493.5746419422537,25.34919903320017,315.4150806992469,37.16904477252692,3.4282809284349303,WARNING,NORMAL
7.968006898227587,6.0983591320455846,557.3513840353809,24.718522740723444,1153.6194235879902,42.46128075363868,2.70061460624896,WARNING,NORMAL
6.864813780794117,2.1175402598369013,399.69475923771756,27.066367677457713,356.3182687385858,46.903184072862494,3.2639586812622428,SAFE,NORMAL
6.596056965169816,4.022142134525807,545.69809381586,30.858709833456206,713.6758975985533,62.39829702925891,2.928734382081818,SAFE,NORMAL
7.685435238339796,2.048055670358342,451.6774348343622,27.99805259751493,427.73353602423634,49.473410162282775,3.2313377003633583,SAFE,NORMAL
6.92559115205661,2.3415564695205617,599.9875803055183,27.414180563307607,558.0293288023556,58.67494150000925,2.6585426100969474,SAFE,NORMAL
7.941955468832635,1.4360739733267964,336.64947710780154,23.77045390905539,583.3140160831958,49.201124504522994,2.7677396543239032,SAFE,NORMAL
7.6319041647036885,4.94494601059421,727.6664728111236,23.18273503540407,348.04864880594766,41.791272891596755,4.262587123817481,WARNING,NORMAL
7.678498526240334,4.109552676257346,412.50103825924396,30.863102948488216,919.4257009297164,54.36402333883932,2.7393999528707997,SAFE,NORMAL
6.243831002159626,4.005751990060273,512.5758436442236,31.28336941143573,777.5364409256553,43.2415947297217,3.4617336143255573,SAFE,NORMAL
8.04836078977048,1.693067999187524,450.58574887423106,31.154380462726298,623.1314985402674,46.82365646735781,2.93159633195148,WARNING,NORMAL
7.382875371863699,3.851861720379851,320.56176090586996,30.164202221761457,596.527135886856,66.25275901144519,2.6913302383682565,SAFE,LEAK
6.941506002527658,10.211873645500026,549.9906759118504,28.786067066845277,895.9287315839381,54.83609917832727,3.2320528239936515,CRITICAL,NORMAL
7.300371927139576,1.2311592270511997,418.28252499885,28.724838227339887,716.1975591508466,43.43753071487323,2.765547246935689,SAFE,NORMAL
5.956635336971177,1.5581080434367496,513.0863767064468,27.53437297426103,1075.4207715443888,55.85685668651256,3.459000267459513,WARNING,NORMAL
7.48605696803647,1.6340627153632767,353.3841613936895,29.248288668724896,619.4277762052681,42.49776521892424,3.1376291910744363,SAFE,NORMAL
6.47943994427255,3.312341749313715,418.82201593285157,26.833237470696222,776.6042408042131,35.96744819767846,3.8680399828624257,SAFE,NORMAL
6.253130799909526,1.1457207686196151,414.6660663570118,29.237084010989957,478.3464190889256,58.73995802033057,2.547199177092568,SAFE,NORMAL
6.134348569647477,4.420905590139661,516.0737956530924,30.67023924181209,622.0153420471571,52.358674416821565,3.3380479348277383,SAFE,NORMAL
7.978881862492948,0.48136355395040437,486.9412599500628,21.968948165753087,886.751629438764,48.42202390215534,3.385167440638904,SAFE,NORMAL
6.759515624415048,5.372165623692567,428.8087567443152,31.385255649002655,912.1874151727706,36.67657323405727,2.7017089238640857,WARNING,NORMAL
8.27360939694155,3.9524903509333975,405.60669857235325,26.768753589133624,1031.4363449891234,47.47737932306938,2.867988678933014,WARNING,NORMAL
6.824938975863391,10.057294677072836,487.78921581982803,32.832799435253065,780.1108334678967,51.53781283906896,2.488273077884168,CRITICAL,NORMAL
6.0048494296849375,1.285604651089635,473.7258449589503,32.081864776345874,922.43695874903,40.675400560389974,2.4199780958626116,SAFE,NORMAL
6.418432892035939,6.267462741773692,465.4707975059973,22.876992129958918,812.2997196260033,50.338075007025154,3.1407096798692358,WARNING,NORMAL
8.065068134004857,2.8040765067822178,686.3208404183512,27.002539411536063,625.6551101699214,62.40255801545404,3.6034215318516716,WARNING,NORMAL
7.090871275444333,2.3856794528214103,516.2323607859687,19.536665603490707,427.46523473750364,51.81293949967942,3.1341974106189463,SAFE,NORMAL
6.81619889245658,1.2280708685838724,680.8840199760591,25.455692075879178,658.3365101465884,54.674706222683355,3.1550918848931566,SAFE,NORMAL
7.312012758096952,2.0730709066895634,441.6592860025174,28.422958430491523,493.8476163622115,46.48134644534178,2.5508368631438394,SAFE,NORMAL
7.551247915317282,2.151781454348465,444.1904088945519,30.387817233342385,889.8269315718074,41.591262665145045,2.149191840614429,SAFE,LEAK
7.9821791711317225,0.7386579954578024,389.3495957934069,27.2769444785155,900.0433360587961,45.50769453558203,3.371025920533013,SAFE,NORMAL
8.213949460925049,3.922049873660699,486.22888458402474,28.771038321555235,517.2054037674213,58.439462055006906,2.8696557800124647,WARNING,NORMAL
6.94816194794764,3.5545177249114914,410.92041344207996,24.19025039582988,900.186223378578,49.221825892165484,2.2995478276678023,SAFE,NORMAL
6.271766619742573,4.6424195958511465,393.8210790182907,26.923922761644505,487.5451438052989,48.38206352505167,2.9279812300752814,SAFE,NORMAL
6.910574387213707,1.8532435808830412,221.9638998699159,24.639366376852287,960.0331203934883,45.955200057856864,3.324670707520312,SAFE,NORMAL
7.382196354608021,5.515777978956958,625.9014190780301,28.13023376194336,670.9005817866099,39.828374558116735,3.40128842144633,WARNING,NORMAL
6.5253687516525725,7.534270908929032,404.0082373997053,32.558911529940815,782.5777938105871,60.93896846566011,3.299445601196133,WARNING,NORMAL
6.52999435957347,2.5333236484032153,626.9965717897381,26.772253154607753,960.8846149030253,48.335437605076685,2.8522343019265977,SAFE,NORMAL
7.44065151708492,1.310124097619781,438.4502944865958,21.51561925505565,807.4408666302887,45.747703249285365,3.4972160748659515,SAFE,NORMAL
7.165943353900684,3.183927965481848,527.3501871685579,27.785105029719155,675.9538599579345,50.637775287524015,3.189783385309909,SAFE,NORMAL
7.2229578967881105,3.0727653896100264,458.91587553296574,29.821742986963432,857.4401495098784,45.76354963217796,2.761878905028791,SAFE,NORMAL
6.669053265709952,2.6395693972491525,499.76406167807346,23.327894230961714,525.8569981116976,52.503104294369294,2.64144550402804,SAFE,NORMAL
7.038719500055963,4.650123704583508,328.9156603597803,31.967364620632864,352.7810704571506,44.523360973819365,3.2981465907315366,SAFE,NORMAL
6.553036799012187,2.293008903709992,591.8820158386724,24.614642609003393,906.2849885756635,50.98876663430895,3.6344841330568074,SAFE,NORMAL
7.823138887787351,1.215392938195821,405.97916187114333,23.959059132787207,463.7231340477625,49.57944790442073,3.496834542279653,SAFE,NORMAL
7.924674534306627,3.4081592258246856,561.0811962732914,19.87751885141433,865.9330666771893,64.84376173943413,3.2816111260151244,SAFE,NORMAL
5.907668496433335,4.810999753628647,274.71955409784107,28.075197703499,725.4218972447559,65.28371117977001,3.516693495676074,WARNING,LEAK
6.549342397865313,5.094007737902852,359.45890238233756,34.26396607791752,697.3904981935559,56.29979367626262,4.385719777071275,WARNING,NORMAL
6.152429521436945,2.172447595919095,494.61385200939304,28.467000167809054,529.8986650393527,49.29363853812327,3.343917674198697,SAFE,NORMAL
6.744983245915171,3.7769901686228002,430.36404052200777,24.063267346172566,618.9483675217887,56.42452190628947,3.278712069676835,SAFE,NORMAL
7.141593421146748,7.6304724030705495,504.8235907642154,29.05286939028651,702.4487331977538,56.16967950693241,3.472302469939332,WARNING,NORMAL
6.185248346211029,6.392796580219157,474.91003345144526,30.201412614280546,735.7431421013645,46.238384599053596,3.5751577866802604,WARNING,NORMAL
6.554698130812281,0.6893313294334358,669.3532165757831,31.642660928273664,537.451292187536,36.80285980483616,2.532057548070152,SAFE,NORMAL
6.4972298395429515,2.310125183223492,514.8413897443701,22.060091345191534,833.8519747192773,34.77582972881889,3.288561152646988,SAFE,NORMAL
7.345087130579261,7.296856908775315,398.0783401796851,33.21223908016846,845.2914428162672,49.047860662875145,3.701934311295509,WARNING,NORMAL
7.248541035925376,0.6849552845170667,402.81163683994,27.853784303956793,787.0995337567869,45.960284411668034,4.072821508529794,SAFE,NORMAL
6.694783712663923,2.8855072977250527,594.4953288556145,34.01277823404792,621.0375804496997,45.64699734843445,3.210093854009116,SAFE,NORMAL
7.323774610497579,1.8273594374835131,266.5990101404543,27.622352855459496,854.7035947452746,43.56272550162153,2.972863929813617,SAFE,NORMAL
6.817323940788914,3.8368903086120874,517.10339888504,29.30705214722278,811.7906938553249,43.21529533272297,3.2824843597276367,SAFE,NORMAL
7.009841422771763,0.30525636229458225,316.1063571808831,23.205488284864707,348.25613662724635,55.238722019153236,2.878041850795229,SAFE,NORMAL
8.371416463208977,6.829088262405506,583.1073043121049,30.939362659990937,738.0370652965979,25.76672603747171,3.9846437072924266,WARNING,NORMAL
8.138322736253244,2.9948020922214473,398.132057720115,22.692348090415436,1047.9681689212744,54.70613968265181,3.4404345140843224,WARNING,NORMAL
6.290293134150682,1.1403499102770767,513.14832022224,28.075114567933966,874.946516859441,47.791679232065306,3.173709272950679,SAFE,NORMAL
7.780812692515422,1.6137619393442946,454.46319343448033,25.277840896409437,907.621835358294,61.52594155582964,3.756787813101405,SAFE,NORMAL
7.767977588144115,3.935100409368417,283.5965070878926,26.647580479099293,573.7980018887652,52.130554788127455,2.6232901781290066,SAFE,NORMAL
6.396215697873167,1.5048019562279336,526.8383946593399,31.340899094271112,722.6154225065535,36.13524917613181,2.1640154439560493,SAFE,LEAK
7.773144350628403,9.163710479274242,363.4960500200248,25.579909959748672,667.035502086896,35.02757409840113,3.410855731300243,WARNING,NORMAL
8.276552342888786,2.730440315098545,546.2220578700862,31.422699951589102,699.5976729799359,40.86065906192737,3.7369875591325625,WARNING,NORMAL
6.41421863562891,8.07400773735914,329.7600218188878,25.372146210395456,607.4261245880332,52.11711759259053,3.1288479521504504,WARNING,NORMAL
6.5577480252900155,3.412573535790999,479.04787456251745,27.523623960621467,477.6478587896496,36.2970236189246,2.8604424103975035,SAFE,NORMAL
7.912363026790452,4.9442739093780315,454.68774128808286,35.59926808321034,711.5801273469021,50.88295203513782,2.7215985596981165,SAFE,NORMAL
7.390046717577953,4.736773577045522,377.68994241831507,27.486887963761056,559.4852279612933,55.619305015999004,2.5827622812157727,SAFE,NORMAL
7.586033392667666,2.025816331738926,615.5700076653219,26.696547628026533,805.4842739299245,45.77647421953229,3.532586058409909,SAFE,NORMAL
7.438412451480348,4.987892067709164,454.0250512589763,27.559789565295397,694.4762285108618,42.89576728166753,3.60897939203871,SAFE,NORMAL
7.473487144649701,2.1756267872878214,399.4014279367736,25.679001910682395,353.10482129347736,32.79230446400641,3.6590460157572156,SAFE,NORMAL
6.271469510182242,0.6167318238447238,485.85063354890747,22.99457768957941,948.7292853477104,62.08076958857425,3.2036349166721605,SAFE,NORMAL
7.933122394635014,2.543568772800187,275.3181928087782,35.23659277101003,778.3576684635408,64.61416000081752,2.621964184675001,SAFE,NORMAL
8.018712994699442,0.9884804597060801,744.2038411081307,25.374703088123955,617.5666188955666,59.75859812964081,2.842545540504103,WARNING,NORMAL
7.039426479152381,2.113907515479887,319.71651216040294,20.910089391158223,639.4504378475956,47.78697063750249,3.4993209318970204,SAFE,NORMAL
7.169566135130297,2.919533632479705,516.2149342866064,26.378374362776626,478.93833878664566,49.570713219505784,2.681347724943202,SAFE,NORMAL
6.128224748210995,1.3469362252944623,457.33407632371404,28.427493253271567,688.7647871514928,55.484828385747086,3.149080988069906,SAFE,NORMAL
7.559978329212485,4.494580299440791,591.6514028697522,26.16881758331123,822.6124240035314,51.1730980673933,2.691258137565688,SAFE,NORMAL
7.600440209199901,2.154523189867339,471.35052120949894,26.80502360766187,1014.0851432994484,25.072408730398642,2.8515887824229886,WARNING,NORMAL
7.156466288100482,0.9594703498905687,373.40484898664226,26.34438835989932,684.0387189406869,57.34499677282765,2.624048993816568,SAFE,NORMAL
7.987047351909352,1.3668629951380926,227.04287701287157,28.702147170784112,708.815189175644,59.751531903182965,3.208140594688475,SAFE,NORMAL
6.966145938314042,3.2574436964588718,236.38761154524985,30.2759114317384,914.6535964071857,58.57427788089971,2.4684631263378387,SAFE,NORMAL
7.595224148125521,2.455961718176732,421.43764558596513,26.230143986111624,491.41338548426415,53.61823686047636,2.8198157110840887,SAFE,NORMAL
6.486234962915519,3.7314444895067944,614.4411371412912,37.35858539334218,726.210904977732,57.664541756717014,3.625561509647017,SAFE,NORMAL
7.183513494388033,3.274867730774512,249.34211573713804,31.163566575645763,563.8743733971405,38.69712322916123,3.724410609241062,SAFE,NORMAL
7.077952019468015,1.2529972043746933,671.9242549879996,26.97817351274742,723.6091962176537,49.25150691050205,3.5353931160470875,SAFE,NORMAL
7.357715545428659,1.7900334113527856,580.4325480039239,21.72626147534151,868.6145030993209,44.65080900785203,3.9077086009735886,SAFE,NORMAL
6.941331149816649,5.484630210637736,288.1538733870189,27.457090639714732,402.6099123838452,61.611161401136926,2.5401984658479297,WARNING,NORMAL
7.107969183029833,1.454966215971685,319.77851374414615,30.255542594851477,900.0092453625914,51.47174175328188,3.1543197387867594,SAFE,NORMAL
7.778233020009054,8.201766449104372,331.8686495366933,30.286200692720943,764.7427049342853,48.7277662028614,3.237744656310501,WARNING,NORMAL
6.894265033933248,0.762313141942028,485.9144577529847,19.589358704110587,725.1835805039435,41.85678989644386,4.175929276106308,SAFE,NORMAL
6.075396029482925,5.360787464204787,443.2539825445833,27.461446304532913,942.2799396503242,41.525647332532884,3.0812682374030165,WARNING,NORMAL
8.424708732943795,2.7647370443827493,438.7646656837669,25.077653216355078,557.6799399424686,40.971215188342974,3.6006552166935535,WARNING,NORMAL
8.16701785508334,1.2605126720489943,389.4441612979692,32.988784675060586,458.83465888113835,55.9612095154869,4.046802073320839,WARNING,NORMAL
6.295416113426067,3.1887519225261327,471.38271264261795,27.494717084780476,515.6033870446402,54.78365748272371,3.265148849773321,SAFE,NORMAL
7.682795463671636,1.498202602962413,550.4559695902287,17.86316276285493,795.8871527833734,52.0008348827715,2.9654388052778495,SAFE,NORMAL
6.84791766061406,1.8902209502208844,434.6162110977416,28.47330799461858,610.9066764667092,56.329194239522884,3.0087243022193553,SAFE,NORMAL
7.384441050731742,2.1976846267153958,370.47911376785885,19.200475030629732,542.7636473955695,43.555843229166605,2.344284799478231,SAFE,NORMAL
7.4059568903094455,5.069504561665742,569.0528905381814,28.800463363660793,524.0765079102958,35.25065582035451,2.9704165260780226,WARNING,NORMAL
7.035914539778575,1.768135788656825,423.4382197933586,37.34879297135507,731.4563429587489,55.466476053207245,2.489320317969885,SAFE,NORMAL
6.651364034089522,3.566642700559627,516.2363236061881,32.44138462020239,695.0429443730837,49.549985574804516,3.5911093561994663,SAFE,NORMAL
6.716621263378618,5.206658487771977,438.01229048802196,28.035311573488084,444.617440848049,56.66278167447166,2.418920474861702,WARNING,NORMAL
6.558665659163131,3.1233564790300026,580.2050181567672,24.362158485901638,450.62448395178296,53.40870566868762,3.3961202247769164,SAFE,NORMAL
6.617724454238689,3.9760025249853244,597.9891578982904,32.096661122373185,605.1620399272869,49.41176945709686,3.7688462507422797,SAFE,NORMAL
7.152975196965452,2.906625506702841,593.796052712153,29.543561598931742,865.2567254591904,51.64468977254895,3.56448194281062,SAFE,NORMAL
6.698968007622474,4.428313224517906,383.7748738577044,25.932637832717454,623.3392164193172,61.27271176449137,2.9584907448233992,SAFE,NORMAL
7.6774364459988345,0.9323673652280962,382.5458889508873,24.844961498036156,434.2331851546765,47.67904494534483,3.5819227727107164,SAFE,NORMAL
8.241072308735149,7.716806084545838,554.8486581709599,23.373044146785453,684.408515535718,55.894095118983735,3.2048384811451336,WARNING,NORMAL
6.7939627310409705,1.6734366797408495,442.2506545616695,28.498735805716624,706.848911119404,52.472687951792636,2.9713440258922774,SAFE,NORMAL
7.367583150374764,2.7862272093899882,445.8956890282522,25.33294689111336,432.6899786460059,36.602670254292,3.0182893767995664,SAFE,NORMAL
7.549779577212054,0.42228947765494973,366.6104666932662,27.671391344311132,480.7974507308408,39.48759417535253,3.4214510237272773,SAFE,NORMAL
7.530401589643493,1.9681198806100264,619.1311955476209,30.711071564152704,833.9089090342551,49.683092346456114,2.4216762924641566,SAFE,NORMAL
7.253168687541262,3.6766583392947254,574.8591165275785,25.233166516755507,478.5229972155022,46.01843360011934,2.947967405132332,SAFE,NORMAL
7.719877692851806,8.422941046629608,435.7222570260059,29.580399104803327,841.4948904443354,42.39933461353558,3.387369404081265,WARNING,NORMAL
7.53757426687646,4.57151105406868,372.55282864942683,31.889316822209608,421.58815218034744,58.565918737799265,2.943672081771504,SAFE,NORMAL
6.333636304370891,2.0979812861789067,367.2405939037782,28.580722478293424,428.3059125081867,38.03674999970376,2.554099764293184,SAFE,NORMAL
7.808409245072491,0.6969435673328193,465.9885943903733,29.798266459406175,704.1663789944602,48.41087494958477,2.754336724217219,SAFE,NORMAL
7.8211035860867195,7.128528429094158,496.4123883636953,28.61055799127205,564.1651283031362,43.00797387568754,3.2860567334727775,WARNING,NORMAL
6.665699727074993,2.016727434418392,346.50939363174643,27.065048138756456,603.7386920985797,61.862248681451355,3.441435300627962,SAFE,NORMAL
7.2265564848133215,3.669124720348699,300.6154138265414,30.34855335087248,727.2979489422845,70.14013566188217,3.7422899159154106,SAFE,LEAK
7.678330294967749,2.102724322116842,459.5585068071038,33.436856578535995,598.4539884129072,47.51021036401966,3.5903914318378845,SAFE,NORMAL
7.053480326294447,4.0075198669825935,553.7595321432799,30.419965628890925,529.3344081241739,56.788957293007996,3.5845445695415314,SAFE,NORMAL
7.951084633436208,6.913972481609862,458.859909575733,26.225522193223586,788.2906711139102,60.15800235371214,2.239209600721158,WARNING,NORMAL
8.854710746233552,5.026905533353122,420.0758593982294,26.330149260275824,732.5280080702386,57.1898019449491,3.576497499617584,WARNING,NORMAL
6.649809777155513,2.419796788348353,314.39995486890524,26.479775454251424,707.7859432345118,56.32836860667275,2.941406275650058,SAFE,NORMAL
6.233268777792357,7.242911826927335,373.9214460039681,30.789710289255382,696.7341285362961,35.81732171761131,2.479228088093528,WARNING,NORMAL
7.412673016923414,9.669534558506681,555.4095575409185,24.89504130253185,555.6517137206173,59.410442574147254,3.478955081069251,WARNING,NORMAL
7.705093753588301,5.941322789742083,299.61503505097545,22.902512545250254,518.123610443748,52.87419937108006,3.2894600963935146,WARNING,NORMAL
7.038393538308662,2.156266275874709,662.7267722107063,28.87569358355141,637.9484245681566,48.16764770152869,3.642385271519236,SAFE,NORMAL
8.217282464324724,5.3686973444627215,460.208536703836,27.0865718453687,558.6359215828625,49.37518658965452,2.932784320379357,WARNING,NORMAL
6.262975940193726,5.899456687273844,259.63979098417315,32.92526606023497,697.7543108899034,52.062814585086734,3.1971473855245565,WARNING,NORMAL
7.685043036122128,2.456446146684891,510.3884884652666,17.973427814724044,629.5046037183198,47.96796008668074,2.2995905773327574,SAFE,NORMAL
6.7758974254687745,9.668656389769108,504.02659598672983,27.832339457022943,703.241588538531,47.160698899410825,4.180478039600372,WARNING,NORMAL
8.403564534345108,6.704094871716537,397.48583708561523,25.38509066935216,683.2789874949074,42.178507556842135,2.5308336723655405,WARNING,NORMAL
8.594760747217682,2.557397050035167,562.7164060274806,30.241116481205243,1017.7485404910904,54.08134989730547,2.79485444411869,WARNING,NORMAL
6.6633403885516564,2.154416339357257,375.6176845971373,25.880027724768727,450.4846434298991,48.7074150624088,2.684620904423012,SAFE,NORMAL
6.815310004863994,5.806936204918323,525.8384559808733,24.695798156957572,666.277490815382,43.65675580287514,3.3032813976335413,WARNING,NORMAL
7.801711520885862,11.405836985226813,445.82639161572695,30.74352029151029,500.61293822012584,50.78218140336296,2.7759565073661134,CRITICAL,NORMAL
6.92900854514734,0.9985099550668795,415.969540773674,32.115945662642616,613.0472373740619,50.34262496303806,3.7391077640657104,SAFE,NORMAL
7.168212147447433,4.1481023669162,611.159409328836,26.60927721415513,552.9389186564958,54.04655783430793,3.357401213935692,SAFE,NORMAL
7.217771894379688,5.300855039248987,568.0254950889076,26.686002378012244,815.0153905199718,49.76094955625475,2.4549273138792027,WARNING,NORMAL
5.856228790661641,6.871494738913453,317.10470635802744,32.08232242102131,434.6958406609314,54.93458467658045,3.5899373595638355,WARNING,NORMAL
7.190313577734034,5.337910279497118,495.63621629337945,31.6353686279949,840.5453608156457,47.815252659685015,3.6559568401128932,WARNING,NORMAL
6.717190558155078,2.0390568236919706,677.2142787389422,31.125702750576593,795.344039467027,48.390873500202595,2.8357373981619625,SAFE,NORMAL
6.854814024320159,0.8904331703355334,614.2661502371919,25.389076484345114,1069.9748333161237,52.220486763967166,2.6278233090588805,WARNING,NORMAL
8.210542402428171,2.3523456673524032,340.8756392836534,24.366125392258247,1024.542239878045,53.097173254152665,3.399334876200456,WARNING,NORMAL
6.32044517400452,5.212693351509662,641.5175682044718,33.546574899229554,556.3741140333123,59.69293583130937,3.529331142945957,WARNING,NORMAL
7.769243630723584,1.8627150660001675,561.6044636667937,29.438843022546845,922.6346751875357,58.38177210693125,2.698269665518108,SAFE,NORMAL
7.004725948767734,7.608194166795485,324.17130381021013,24.034087281015744,641.6151039869942,49.65118527308454,3.6617798720151096,WARNING,NORMAL
7.004167882052916,2.717176612924453,474.92097365810974,26.57456801028081,754.8021990832103,38.718850326990506,2.913156174920814,SAFE,NORMAL
7.753260327236198,1.765250982825261,507.31945657146014,27.339888246377548,1009.616430430065,55.47216504584412,3.791597177122391,WARNING,NORMAL
7.438035906198223,4.485856008742918,320.7681904491673,26.577416476793285,563.5211671494556,54.22252060741022,2.410092468391209,SAFE,NORMAL
7.599429098053672,2.5037862701443365,534.7312960886256,25.8309678978395,710.0692392394744,51.73619141867624,2.833342260851391,SAFE,NORMAL
7.877729262373003,2.1068192295462604,741.5707230964374,31.92240711706167,349.4659999020616,56.185601733725925,3.0957963936080506,WARNING,NORMAL
6.968084131771675,10.506038846995482,613.82712812162,29.11361653836126,859.8278580637142,47.05135529007897,2.7044056340369362,CRITICAL,NORMAL
6.771434285844575,1.8530494936672732,469.43860123874515,36.01324774744869,1078.4769764293328,37.2398049875617,3.1841734453549058,WARNING,NORMAL
6.440394631409542,2.285414386152431,416.23553573673087,32.14153542609716,803.1861468841687,43.00512394255534,3.0265995716375254,SAFE,NORMAL
6.622212629014731,4.532808447296982,489.4066249863603,27.545246348648444,946.2607752489482,26.824602903216014,3.0951627206702446,SAFE,NORMAL
9.264366097716108,7.530774958086583,332.97386476584,32.66842836358039,905.5511098378198,53.55068836832508,2.9980101792085407,CRITICAL,NORMAL
8.07127570651575,4.230122618744527,392.6946249197965,28.411306391176403,572.8116999901898,49.47179644630897,2.554708417310202,WARNING,NORMAL
6.254247943654385,3.2467078103974414,214.58750217895013,36.67316728212389,758.3562511654717,56.885618843208725,3.1885101804400175,SAFE,NORMAL
6.274279430279501,11.318585952366073,502.14714562960773,25.740225958025732,788.9027026900167,56.02848123520012,3.1372223322247637,CRITICAL,NORMAL
7.537306243202944,2.1994535298862283,409.4998938013301,28.812179668484077,490.04599264086715,46.081540212949946,2.695518960197907,SAFE,NORMAL
7.583085358164577,2.20836663093328,524.1661755405808,24.597183458797232,960.0391422948173,43.403883457576164,3.824526407084463,SAFE,NORMAL
7.584218684722155,1.8759175045792849,464.3723977848898,25.475748987355928,609.1549408199975,43.69800571369221,3.3574551235689136,SAFE,NORMAL
7.021530944512412,4.043080716863586,328.7033315385838,25.63442250301172,660.9719064231133,65.32068299300622,3.5598286690244114,SAFE,LEAK
7.11218201799797,1.4328713536049504,474.05868060201556,31.944946824435075,652.5440296460057,48.789315653163705,2.7956509590513736,SAFE,NORMAL
7.42951566691155,1.122658836094132,364.383594085288,27.832127987527095,706.7470174794727,47.81233496234689,2.045508095996211,SAFE,LEAK
7.260125104405332,2.2798163659600736,648.6519697083743,17.1641775210972,1227.3419835268521,52.33158252865072,4.071990008099555,WARNING,NORMAL
5.646489739076726,0.661982252267756,348.7817404467507,27.374635508859836,590.8236098806678,37.30802357541882,3.2843287475859038,WARNING,NORMAL
7.039140258597365,3.6703351368013197,393.5911536230453,23.104463255530344,421.74538543852395,46.82233962121831,3.381819821987331,SAFE,NORMAL
6.604015496017781,4.050611129401952,328.36829393871204,25.23732330690845,729.4490637312019,43.14682375825227,3.3602977706949746,SAFE,NORMAL
7.322647993235958,4.562784925783373,317.973074438297,31.602496038851157,544.658947430107,41.469303165767556,3.399522846771921,SAFE,NORMAL
9.289681301822387,5.532896145683649,453.6075555819896,21.626166208236608,626.4484169708461,47.902847354123956,2.66814473580487,CRITICAL,NORMAL
7.457237165832013,2.332236809329116,300.5411753857261,22.087385182274012,811.5701269980568,50.37792198101196,2.685614623236429,SAFE,NORMAL
6.980529219679322,6.952640781590112,427.45269320536335,20.358114680786503,504.2405913260492,39.9604876677147,2.6870055464407936,WARNING,NORMAL
7.845261051384076,6.4915980804449,501.60264889802056,25.45030959952161,634.4612424000734,47.07525500789706,3.4756482416770216,WARNING,NORMAL
7.537881521046449,1.2596450913778463,399.16271884643555,20.241572718646903,752.73511879639,50.6398340152554,2.5933472697956335,SAFE,NORMAL
7.494066143316289,2.91355416557061,185.64829063707714,20.57713128751753,559.8974662645976,53.61273236196503,2.4356114128005903,SAFE,NORMAL
7.62479541525097,0.24288680984094727,610.0753670747199,26.080803303788834,692.8774290081166,47.81726394268261,2.8787458590603974,SAFE,NORMAL
8.63958049538068,7.01946264887019,481.9900002514102,28.25484231984565,752.6353385383204,52.64025243146637,3.063867940174074,WARNING,NORMAL
6.40837809527186,5.465209677849805,483.4288831725787,23.35549790723049,679.0624511442796,47.18197330211791,3.17516237334756,WARNING,NORMAL
7.531542453768019,8.120667975534467,422.15247736823994,28.444421432945727,728.24677022571,60.25179242252243,2.9568637829184974,WARNING,NORMAL
6.5515332090129235,0.7560172279942918,547.3071630905405,27.442686438523037,764.2300565654548,54.35214405092874,3.442165674415547,SAFE,NORMAL
7.588858852439574,4.315715370817663,562.5594414109436,29.160608289403903,578.8168183360705,44.63064152113213,3.7834779737869115,SAFE,NORMAL
6.556919441959734,1.9829764140991766,574.5565074845243,22.83735424534312,435.7271516043441,46.037388648637354,3.2245765846671386,SAFE,NORMAL
6.907843230476441,0.41295913219170655,482.24675985395123,34.935815150459135,513.5985967221835,53.13826444306854,3.780994779602354,SAFE,NORMAL
6.993437060033465,6.032232735624095,284.8829777621043,22.442608103326034,484.329407017526,45.799739535929184,3.4749554033478103,WARNING,NORMAL
7.8830717035412965,1.0177273812161425,498.62070535168743,24.498362261069406,921.8417034360073,34.55954616127771,2.7224980530923233,SAFE,NORMAL
7.8429181107596895,3.9235381917327454,482.0919641940497,29.059897968921707,387.51773630617237,52.36577834703114,2.7766343652539547,SAFE,NORMAL
6.327997836487532,1.964262837278086,384.16205254314,27.47123226955163,813.0576874385397,46.93355140612536,2.751376043793245,SAFE,NORMAL
7.238453877699894,3.4435501572571865,353.7772686547858,30.38767556875131,576.7790362041903,55.43890603704049,3.104540110750653,SAFE,NORMAL
6.70329410167558,5.586439100960095,515.1646032897853,25.76034393901232,886.3683930736289,50.326720620583245,3.0605652622977004,WARNING,NORMAL
6.319046562527266,3.4506676728811567,440.89959357057364,22.09280405624127,624.0279487283453,55.167151715237566,3.4973605006580346,SAFE,NORMAL
7.048088064702941,1.4079736398848037,403.1855172694328,20.899758117264536,705.5755947824252,70.15227934209321,3.121563508875025,SAFE,LEAK
6.984062048080927,10.676621189814893,650.688723854419,34.11844629494004,793.1276582523116,60.25663792354968,3.3238342328476986,CRITICAL,NORMAL
8.898701540441866,2.359124422705112,530.5850320141785,25.7880305045087,925.7662212424265,47.19440201571315,2.616071657293251,WARNING,NORMAL
7.503071877752488,1.6620414389385771,502.144360742818,26.330418876287514,597.3815292525871,53.38533585483764,3.3208115346116407,SAFE,NORMAL
6.235667749472034,2.844286209884491,596.2118737652277,34.20556565710118,589.0400303942484,50.940882134612906,2.9608043603711542,SAFE,NORMAL
6.80465819708034,0.774645515900354,489.6454581314019,25.031628145471213,792.0462276452466,52.147196325531795,2.924355691391485,SAFE,NORMAL
7.914968306800579,1.7922377013782407,365.50731046053556,27.09696709006219,414.33946149433206,37.45931865680404,2.876756911734783,SAFE,NORMAL
8.661909941008947,2.4746558310562357,403.2486755359623,22.869803858782436,390.8432162498402,58.43531208119816,3.9556357212006317,WARNING,NORMAL
6.08981168143343,3.657525602787193,537.8331256149037,21.75076211204172,766.0545141981886,31.55776730618932,2.610147212718692,SAFE,NORMAL
5.884052930402669,3.1504790505434555,524.9806562594448,34.55910755205325,820.4591476480346,49.8629688747414,3.53837807469663,WARNING,NORMAL
8.509675622760248,4.3239819027324256,503.5576117771773,34.614537082267184,760.0876727943896,35.94679520797817,3.1766903450931543,WARNING,NORMAL
7.4727299241596326,2.9335332713891726,313.4757597684612,31.08418282717101,682.4192312535874,44.372174652321064,2.5199777828377363,SAFE,NORMAL
6.592195087686544,6.4410806634082505,547.6027142657946,30.950052201937847,603.0794328555893,51.677179037115685,3.0512390418737843,WARNING,NORMAL
7.574240360285705,4.864207545662847,442.19834126663324,30.017473688161672,985.7606005160717,56.94899552050779,2.0317226274178,SAFE,LEAK
5.354976582688186,4.086424421153833,521.992993072902,24.04281025455782,1009.1838063904077,58.17593026634573,4.059794960759981,CRITICAL,NORMAL
7.202362854618013,7.168972686413831,350.38030532576056,28.16291499585495,719.3706936794367,48.455747860628165,3.015971524674518,WARNING,NORMAL
7.42947482099016,7.168441353210732,685.9241138957528,24.984878204220838,576.9283847115923,57.92413192701205,3.757748239480194,WARNING,NORMAL
7.846989097676481,3.325212320117194,479.69950847016327,16.640991221369582,518.360412154206,49.49906350705212,3.872872100572894,SAFE,NORMAL
6.490272833395224,2.26761939862065,399.8943231280818,31.477078695939188,777.6133756063812,44.30248157548913,2.9159654143558873,SAFE,NORMAL
7.259981012982352,3.5590969244924904,527.5423214563833,29.218600233957396,478.8722612228048,52.986440699334146,3.214665042718186,SAFE,NORMAL
6.552202761758289,2.743710751972879,552.9669870655157,21.731122900139432,483.03944920243384,42.660006060697846,3.292700036080114,SAFE,NORMAL
7.378768628972022,2.195885953908905,526.0891993247081,25.558849645546562,612.8349603211132,48.93446536689152,4.150130783360696,SAFE,NORMAL
6.573257574345884,3.4561413133200194,330.6234910317695,31.20876155104014,791.293405907711,46.170370774081796,3.1043572746741126,SAFE,NORMAL
6.914329412587846,3.9961676928685597,587.1200998587049,27.52776096370061,964.3716156977623,37.59966637123364,3.173121700156173,SAFE,NORMAL
6.50292922364684,4.701204688761791,408.61676962886617,20.204882768609856,745.1441468162895,52.636546791920054,2.5004734562978093,SAFE,NORMAL
7.65579536927656,7.941478310618694,448.0686675412726,22.14724865284544,789.3921961545005,51.15197518373259,2.752980262906285,WARNING,NORMAL
7.800915781659666,3.709294740401421,184.94959325909258,34.4291367525111,876.8770444802288,59.20409256444565,2.950152415014505,SAFE,NORMAL
7.03576560102981,2.983617205557428,394.31392484840154,27.2634410259832,860.094440874517,35.05226990657955,3.8506713061915763,SAFE,NORMAL
7.22676659647202,5.930400149932994,393.5582750508562,31.234066361395158,600.6505720436919,44.293636467635224,4.14659090856072,WARNING,NORMAL
6.185986009756519,1.534498849209262,504.07294024988636,34.353354010516895,856.8126751462883,59.02399192211601,3.4505504277385723,SAFE,NORMAL
6.990226346395249,0.6696490205338671,387.0004407782106,25.164577567247022,885.7233990673042,54.23656074629198,3.3754689434588516,SAFE,NORMAL
7.164856768070779,4.273283753218073,255.40782925146118,28.408206043807308,755.9297662001611,55.79498030522948,3.542428039639789,SAFE,NORMAL
9.034555163720983,2.3519135745086786,479.26124069922076,19.13344426914658,724.5657894241608,61.61397537854646,2.857668233604527,CRITICAL,NORMAL
6.421623081958086,2.4950240286995946,419.94848013476144,24.57176206066102,807.9000144688412,43.884474069358355,3.8949663242136907,SAFE,NORMAL
8.224924067126706,1.502941069515717,362.5739778802965,29.302996873266796,789.1010342357472,43.08637964744437,2.4844810622791487,WARNING,NORMAL
7.897801141426066,6.756056861484794,460.50316198140234,26.231659056627812,364.6592894444483,56.847559726079254,2.97260208378252,WARNING,NORMAL
7.396445483143095,0.6994209772812474,236.43113866045672,28.80752096605953,777.1920187142548,55.07010841858497,3.5266570560062602,SAFE,NORMAL
8.431034338936593,4.58142819864789,524.4551762954803,30.719508383387357,912.2386966241166,48.9983390958396,2.95940159247179,WARNING,NORMAL
7.460473830824804,3.0152434510240664,428.0636937920804,29.24103944533194,877.9614639234677,48.77039096769209,4.434234672038486,SAFE,NORMAL
7.47241143696755,8.271744140771343,417.9238710731947,28.323290901194554,767.8869709525518,42.23225183325297,3.5338066119577882,WARNING,NORMAL
7.162815542887718,5.9483517245408235,564.3360129126477,27.763441230610137,726.6493847653718,62.62773133669316,3.6917662901196517,WARNING,NORMAL
8.05649821769304,1.1655455116090903,385.70152131369093,24.727177703167367,628.5623716899607,66.2116490487166,2.820535956627227,WARNING,LEAK
7.967528463667619,4.867338024600746,481.03872359797816,23.305190978048493,679.3883561557548,58.93683033221703,3.6824912603983058,SAFE,NORMAL
6.762025898752651,4.185545991130925,434.45796923243995,32.42245750949586,830.9233797247027,55.22329809770572,3.6050237038125412,SAFE,NORMAL
6.276526963780863,2.8488560624971404,835.9136691733997,30.169654141139773,769.2209982550144,54.71904826269547,3.982273609178615,WARNING,NORMAL
7.05791355382304,4.605497353870222,508.60794748349343,23.843432720780303,862.6733686523332,52.64806587624767,2.1039202132271364,SAFE,LEAK
6.639973004921647,1.7887342505502088,313.0251840950833,27.25637281129286,606.5268954523126,35.89913428544604,2.8097064209480678,SAFE,NORMAL
7.1555327977692516,3.24596376989722,660.265338864673,21.432429079618544,895.0488638571662,46.19364023488618,3.368180282459373,SAFE,NORMAL
8.066206694278897,3.056070265447471,575.1592349590851,25.088424663932813,588.6797312101678,56.558287482571295,3.3831370668895033,WARNING,NORMAL
6.879888841439247,1.571925067497115,455.39541141100216,29.142812618297008,736.5007363085384,43.224223195716384,3.1774820654867817,SAFE,NORMAL
7.170023633081898,2.356359980292057,397.52067781832955,28.04081515750566,598.8583905629987,51.24341306014794,2.436036532984559,SAFE,NORMAL
7.240615914365877,2.0484226611171557,290.83480245884766,27.463096984222165,682.28011454742,59.25564712680659,3.2982539400648347,SAFE,NORMAL
7.7939016175437,3.9940729172848655,501.66454718377565,23.465532369301304,1066.084008922497,59.383910217825104,3.3542535252471892,WARNING,NORMAL
5.627177466210776,7.0231467541050705,368.9812349699873,22.65419930340444,791.6840674962148,57.49737818310025,3.1984995733732666,WARNING,NORMAL
6.7753097936642925,0.9370818767699041,344.40379708721895,30.799941669550336,740.5338215623127,52.26950701188389,3.18157705114334,SAFE,NORMAL
7.347898584595631,4.081418049875887,543.0491441284768,33.77442682814629,954.153161070939,56.38229182711697,3.6710969114584744,SAFE,NORMAL
8.040055269498803,1.9875584734306928,635.3885638450973,29.19984130035212,238.35259507301953,48.068836985066795,3.1229774242312445,WARNING,NORMAL
6.855668286745656,5.696781245341068,392.84723726791464,26.31079713557585,671.4143576135788,63.62467802847792,2.5749499705016845,WARNING,NORMAL
5.886413105770688,4.046082946273835,546.707215239855,31.900133447116964,610.0527672725132,37.273832034900266,3.9017241497592092,WARNING,NORMAL
7.633798012176295,0.7252438095086968,475.46629540512316,23.63136916249192,545.641928961517,50.5435527623402,3.8735368209700445,SAFE,NORMAL
6.75524632782206,3.458273299589658,493.05942391743247,31.21224895902275,424.8431862649553,46.230733198113406,3.1801686334309984,SAFE,NORMAL
6.367233338636748,2.7341036294284202,351.765469540298,24.613522804815187,660.56434032189,55.45928434849353,3.637535343125374,SAFE,NORMAL
6.762958227200743,1.0345878509989657,424.5181303158783,24.80992165037448,824.8311155390332,47.284060374252775,2.4379890704536953,SAFE,NORMAL
7.0708322496409055,2.0088661376946924,318.4034989633417,25.668833655104688,673.5617492028517,69.34501857538527,3.1277682440953503,SAFE,LEAK
6.776678734823252,3.3457659594823475,303.28831824136904,26.59522593092953,843.8034127826985,57.325775553327794,2.342900644173173,SAFE,NORMAL
5.656103760030652,2.057171395060002,512.1930273643625,30.659752899507616,712.869161642355,42.01124176839516,3.7623177121749407,WARNING,NORMAL
7.827946337820992,6.148924838482767,387.0853306762456,21.782673004352127,909.9106188697871,28.67163750767677,2.452010354762717,WARNING,NORMAL
8.092412528895105,2.7151807236363936,340.1900408577179,24.58234836501187,609.4965773790003,40.89640812373989,2.994329570304714,WARNING,NORMAL
7.656065393937654,1.892915069560186,304.85893910199025,27.838597533889008,362.9191397160985,54.49177788355708,3.3078643542786583,SAFE,NORMAL
6.403620030702629,3.4845916804999857,268.35149013900775,29.23130102899956,415.5367393715959,47.89381643779615,3.611962364358274,SAFE,NORMAL
7.058955926236737,3.8210879630218404,215.23110585849165,20.180625678656384,610.4037286568317,45.41025192230478,3.4636239890056344,SAFE,NORMAL
7.195435079339379,5.7325678962736175,463.31337578944016,23.83839806908722,541.5731752023894,44.212886381404296,3.77149820240964,WARNING,NORMAL
7.619156072693337,3.150093835520982,134.70902243612375,20.0050958197698,593.7098234265047,56.638610926632765,3.6019377262535563,SAFE,NORMAL
7.667838342102657,3.7089654000480903,506.5583004579501,24.202161109843793,904.9649394076607,47.35106433036256,3.854256561141663,SAFE,NORMAL
6.686078340855053,4.790909382238898,505.7129576189958,25.250653570459143,429.8025093933337,46.51895447974574,2.322464623660631,SAFE,NORMAL
7.257396889489493,1.5684861903070757,438.1050250334573,29.011004922658067,971.4644347789879,57.95598721129626,2.9576931731962266,SAFE,NORMAL
7.520096283230669,5.492257451845059,458.8960848061988,17.8360742465023,554.9596981075053,62.49609901567405,3.425686510552168,WARNING,NORMAL
8.219075625502736,1.063273940096375,415.7567825066263,29.61307441483446,476.0781972394997,41.08903902832853,3.986863743241752,WARNING,NORMAL
7.693154577877307,3.316789559928248,477.02307929891197,24.962572255506473,675.0933387637168,59.42512860767313,2.9474827543787856,SAFE,NORMAL
7.752339681162863,3.3607699382473006,475.6280319951011,25.636404292046677,969.8231768725882,49.116211966695246,4.182567701031753,SAFE,NORMAL
7.258678639550553,3.299868368063433,606.1813636175867,30.885182395168727,571.7872424868938,57.34552089616165,3.3765280794832506,SAFE,NORMAL
8.187321401642453,0.9761272409244157,633.9394917195046,32.379552408155725,591.8252834632287,55.24463546280739,2.8441852614490113,WARNING,NORMAL
7.4868339571716485,0.14186287804238354,630.2633060577832,24.379537694182385,603.8526656709574,50.16024638017199,2.622737076168669,SAFE,NORMAL
6.597238462878501,2.418577217093701,354.2719351440094,24.352579622545232,907.0056067372011,50.49887354252065,3.5678453285819507,SAFE,NORMAL
8.182358979087633,3.907385416199811,540.9270211686666,25.58311080887746,619.6888887783064,55.34616974723814,2.879933542002378,WARNING,NORMAL
7.688532290777319,7.687941491516609,510.727696547166,24.332880808514755,780.3201674640923,41.228104795844125,3.0638953514060416,WARNING,NORMAL
6.889869185210062,3.948466929533155,372.12542572356216,21.25963948860886,721.7058868302812,40.857606857872454,3.2810257673902776,SAFE,NORMAL
6.86435492282053,1.0457008688578546,343.63758272271144,26.87431240038423,680.2005204083191,66.64731091553064,3.2997583040918186,SAFE,LEAK
7.4076028815985335,2.527093169949396,404.79594163533244,24.36008507330795,610.2403929947864,59.3415704920898,4.1562474783782974,SAFE,NORMAL
7.524229356687309,2.65186507673832,322.69398941252575,27.39142461487659,1054.4167079438496,57.93957320023166,3.396918963078646,WARNING,NORMAL
7.338104585941845,6.971942426059288,283.2862477652076,33.83476615237578,1202.5707774611783,48.75078083178677,2.8976085384580905,WARNING,NORMAL
7.417916071410019,4.0265266076934445,509.6858504030425,26.577401438140225,540.9768948851373,36.889082225265305,2.8267890007498906,SAFE,NORMAL
8.389970162203467,1.2086882794023848,453.92789731884386,23.977187985761518,507.1449616069249,45.75824596265057,4.033621986536527,WARNING,NORMAL
7.9500802065644205,1.9205426193331248,453.31036219482627,25.911106463076194,707.340159841308,53.28048941908286,2.9422511644345373,SAFE,NORMAL
7.333444913885518,5.120410484207709,561.2036081260395,27.514761609264646,290.8583949593722,59.206560379353135,3.492379848091279,WARNING,NORMAL
7.8589174065372385,3.512790508388829,426.49507361962026,26.338145294304077,708.6938549083687,53.42663524964574,3.296099797838929,SAFE,NORMAL
6.477233267530723,3.0081518653405457,549.6440346051388,24.74868340255657,1061.2935190574694,53.650296653244894,3.4102971592764932,WARNING,NORMAL
7.478548934962767,2.5168798745223953,361.32279784874726,20.373046183421987,592.1976515840048,48.6286801456106,3.899143319963751,SAFE,NORMAL
8.466514444813177,5.037015279915026,360.57392595268743,29.534671764994233,894.4839088128223,55.19787156554016,3.3413732444318263,WARNING,NORMAL
7.047367873225339,2.2172908720958837,451.67857390652557,23.427068865893233,964.4820529264954,42.727323957010356,3.6087417392071517,SAFE,NORMAL
6.60665624996664,1.8556984304538553,704.5579115681157,32.849904865576704,544.9144035196239,50.993897457964636,3.352871641089548,WARNING,NORMAL
6.743537777984858,5.651315172237155,604.2482808191554,25.524269636103877,732.0913765528495,48.16486302267344,2.973220643119903,WARNING,NORMAL
6.437256873860329,0.13788400204294624,581.7628259112204,24.933924264497588,763.7338246806465,61.563220603798904,3.44703032507343,SAFE,NORMAL
6.650666664310608,1.174748260060469,285.36703793417325,25.114034798085125,831.1991975430642,27.154596310959583,2.874556633473991,SAFE,NORMAL
6.94064433098698,1.6153443774605987,467.4124552660355,27.60076334862077,844.3209007730666,48.78647316377865,2.6181921540795665,SAFE,NORMAL
6.216103086574951,5.913292844220241,548.5328104756068,23.53431372047059,902.0499634346977,51.993813747151805,3.4907747659072825,WARNING,NORMAL
7.210932833764723,3.3764393505752657,700.2393360861075,24.299213322745434,559.2176657820846,35.17167137988376,3.43200786240414,WARNING,NORMAL
7.831594021650654,1.0990961353074313,247.95267680263987,29.489423192835492,731.3240988923833,55.9240856101359,3.380672237383297,SAFE,NORMAL
6.564570673897156,1.021965584778226,537.7151239576252,22.929134558019122,966.8344571693294,48.94719540981516,3.1885057374722034,SAFE,NORMAL
8.263498746549239,6.025848164759332,577.724829827642,29.192910879004053,986.2892333755675,42.36837680065345,3.163881019539892,WARNING,NORMAL
7.557554461969317,1.0252792495114624,504.20906589108864,30.30985634008534,740.5162592507487,58.148048409372365,2.6582680684950364,SAFE,NORMAL
7.92140640993684,1.793345475621434,287.96186282021677,29.670559502053358,604.3080229740091,44.04947056229961,2.268814587907282,SAFE,NORMAL
6.739515812303504,2.162946263319749,480.39103467207525,27.934501494616633,886.3418958468181,56.46842463029102,3.643906405898067,SAFE,NORMAL
7.798167658946631,4.330663113599391,501.4587065552003,19.783309381621123,796.5194065329731,51.49310482514221,3.637181050664846,SAFE,NORMAL
6.435646269723281,2.011455622503828,471.3341467685401,22.157136801690186,792.6345383320042,46.72018476295518,3.0745464775743754,SAFE,NORMAL
7.8231732505855565,0.871486154624557,367.8040236177184,21.57849646269942,839.6390319281678,41.925201856402936,3.935904479550626,SAFE,NORMAL
7.320287537855472,4.595804290283846,352.93858189668947,25.486489701090996,528.8715806785888,44.292148465139924,3.449976029827891,SAFE,NORMAL
7.587275853989349,4.527149993783659,504.7399352416263,27.12496449191179,852.4836076341659,57.03831293165267,3.368959772075317,SAFE,NORMAL
6.377083776062604,8.263517626295902,368.8361093236873,22.235672673260634,727.8148201213045,59.22431577927733,4.20875229027615,WARNING,NORMAL
6.573451110406377,3.610650932607638,371.57394364730237,26.309290651882684,905.4696103241131,55.55920285384488,2.5725185720546944,SAFE,NORMAL
7.61805975277737,0.9834718670989553,433.24276305101023,29.736817628522665,703.6842724015669,49.76656652747928,3.1763973447659475,SAFE,NORMAL
6.53615639704306,8.0067343221283,469.1724163334257,23.00509628502528,805.0148772286631,55.54307041640673,2.7739722683829475,WARNING,NORMAL
7.524244404469386,2.156649474622972,574.6481692973484,23.726169306743834,782.3218505593226,52.531008145542955,3.016143586493315,SAFE,NORMAL
6.243003535477828,5.344390590600668,306.4729959028833,31.723837995416794,601.7298616484061,45.18448849722331,3.166363195985548,WARNING,NORMAL
7.793721948866668,7.8254999186446526,294.61612180485633,23.290799140299207,537.6876940508814,42.67216181288477,3.177769446895214,WARNING,NORMAL
6.337233679662043,3.1931018727053324,404.14864873985067,28.369100565842306,845.200628342781,47.49125489655342,2.663302939039803,SAFE,NORMAL
7.586609956375667,2.9116122632306554,233.97793755551456,31.957021317854,545.7640084481266,44.92294459469976,3.234005833354706,SAFE,NORMAL
7.6379416535522004,3.619634785915391,520.3871176075018,22.274022977715127,639.5074253401875,51.03869491981845,2.7875510659199985,SAFE,NORMAL
6.712259727099298,4.115264652157222,210.77059410850515,22.573271900699766,634.0659163193269,62.84961074702814,3.798324050780125,SAFE,NORMAL
7.607418596959309,5.953119716562146,534.8848220537693,26.07407572171562,766.0810679960265,52.23898425181489,3.582269372124839,WARNING,NORMAL
7.382309584333489,2.603814993504482,583.0808923865768,27.270401184929796,821.6345771522055,61.753549855769904,3.3719502323164336,SAFE,NORMAL
6.822810700665084,3.0787459907872394,481.16498107197435,24.43358019577354,419.812872044016,50.00418222602908,2.9620542997890618,SAFE,NORMAL
6.494011721146655,1.9585030046622418,227.12172593762745,34.885130158057066,569.4740925131782,48.65782778932506,3.2773788466722036,SAFE,NORMAL
5.826162015829195,1.950154030365107,462.73492886558165,29.154506332652918,561.0024406658338,37.879763746362705,3.5534072235534477,WARNING,NORMAL
7.444755033109786,1.430371176873676,354.3911732030257,23.78275094220446,658.9542910677278,55.11832285954309,3.029815455333849,SAFE,NORMAL
6.104638060046562,2.0692851967596604,305.75959929531695,21.535968335318955,341.39773752376885,44.75126415259429,2.404999638721917,SAFE,NORMAL
7.2667409396089155,1.280274977986888,519.5319711558676,26.747989796173577,904.0839855451786,43.114958781465276,3.5595572958159893,SAFE,NORMAL
7.015586248742426,5.491298003965073,542.0233040876064,28.755353207737873,710.871522263975,41.89471919503646,3.464843338157257,WARNING,NORMAL
7.675399942806737,4.7068526010930745,604.2830935774947,34.3618180850316,675.827632243629,52.83112752171354,3.3605984710434638,SAFE,NORMAL
6.9885681503570956,2.764934483573105,415.82514548606804,27.3032590706293,835.8951984047429,45.37663656459755,2.82060720580365,SAFE,NORMAL
6.969386549557036,3.5507993704837424,470.6329683808804,26.028444148695772,793.156020237251,63.173688374460745,3.679938932182122,SAFE,NORMAL
7.712309493001807,1.4319039376411642,649.8430574916621,23.093710084742703,791.21314468736,58.95211191224564,3.7744371041878226,SAFE,NORMAL
7.434540620358883,2.9016266212956436,701.4346213342216,28.481530552020132,697.1858260979491,45.72684680201706,3.340780664967222,WARNING,NORMAL
7.4213091700279445,6.5006419169005785,579.6444819813798,31.066767451401965,718.8477912196116,31.006910369395868,3.001885838577266,WARNING,NORMAL
7.528487312865969,6.351955893127919,408.0050066116776,19.850533699734207,851.9756099725623,50.947042528555386,3.012365347940084,WARNING,NORMAL
6.125099513755027,8.372498749922205,450.8706208363201,27.298765136929134,795.7687090558113,47.519614739452315,3.0023033961097823,WARNING,NORMAL
7.729752075990888,5.48239231203662,428.6165493947161,22.919402476173055,1011.0896498731397,57.11940040200933,2.979491738976957,WARNING,NORMAL
7.6287281558095215,3.781246657383708,534.6757480566156,21.56977221417834,725.224804649807,50.10768771981181,3.023016750227604,SAFE,NORMAL
6.488321809996452,5.286688433107214,351.6411886039832,33.77593853511018,817.1252963604217,59.207596646130675,3.36159490060317,WARNING,NORMAL
7.029143668428059,1.0594430918666706,488.5599817576919,30.549185690150168,677.8620776432048,53.94620227870327,3.6482304859745356,SAFE,NORMAL
7.172484898660659,5.016437808338419,489.16539871434554,24.575109805657455,758.2678273240812,39.78654881202592,3.925557179475634,WARNING,NORMAL
7.105852250918788,5.6111864208769395,496.05006307178303,26.35410873192666,767.644718961477,44.024463281597626,2.743444341408206,WARNING,NORMAL
7.433701976597974,2.865094873788019,327.3125650954818,25.730860336564465,620.0983622859102,46.36438767194549,2.825209304101538,SAFE,NORMAL
8.201956747281828,3.110630697106453,479.6644079551959,22.497491551772672,583.6417643004617,48.65237112849776,3.622098463545694,WARNING,NORMAL
7.95723670937098,2.4236224540887896,662.315729551581,24.83679723317773,815.4090021197774,47.842821488726194,2.7435240441892024,SAFE,NORMAL
6.281446564598016,2.798636263950444,395.16569314277194,30.135881304951962,781.7935156636802,55.74743863830539,2.6207619661909134,SAFE,NORMAL
7.635448993214235,3.3975072282303374,481.1685295988954,24.736770155058345,964.1638275196872,54.02244502208496,2.7286521043851057,SAFE,NORMAL
8.130253323674786,3.659746271955162,228.95595050572746,28.85611415672273,700.8176283603975,46.63088628937146,3.11191823472517,WARNING,NORMAL
7.4707659644824425,1.4523064666233028,480.34733002106407,24.767762558730933,521.0003641611112,55.30202092143507,4.017841049360703,SAFE,NORMAL
7.963686297630177,1.6892294163674748,475.9883167405063,22.26320881345361,702.0746036983342,40.63094258037572,3.136079164267724,SAFE,NORMAL
8.608589311990535,4.709796231887768,463.97688927503873,31.777625293683695,838.5109092330368,55.59312946189521,3.3371267603561305,WARNING,NORMAL
7.916596682274887,3.908860345255887,537.6437435102574,18.47854891659302,318.12688072783163,56.951704783328395,2.6009296942222457,SAFE,NORMAL
7.374516016949211,1.560067489370753,416.5155919131331,34.13993102672328,698.8888646296032,52.20398178311178,3.7371352656156342,SAFE,NORMAL
7.931561931859328,2.702308673875898,591.1681843696424,30.991777453757187,819.9489140579605,54.20551827130756,3.6357599187757397,SAFE,NORMAL
7.301421483167824,9.165162316540215,344.0242736089458,27.730852619176066,742.25848618468,55.2570622926198,2.9655939771935684,WARNING,NORMAL
7.216732130299469,0.30783838657578183,623.1940238938341,25.21648265509269,635.4990196152431,58.38175115229302,2.8564062248933526,SAFE,NORMAL
6.954010035000388,0.14001999494831308,475.5186098063868,25.528247492238805,483.5158775435698,55.93455831534664,3.678982591947014,SAFE,NORMAL
8.294389351182476,0.3162091077728243,441.4031504530892,27.809851273677015,697.8548166752288,59.6600060323088,3.087084397833245,WARNING,NORMAL
6.627099933840599,11.54387006376977,278.1839272752523,27.739094273145025,479.6259614359938,37.41648526265969,2.8681011877740104,CRITICAL,NORMAL
8.272657407274682,1.1806456783656736,316.836123558356,23.163298281626663,821.156870355871,51.05951443487283,3.0167243757179745,WARNING,NORMAL
7.54990488661826,2.3191054098889943,492.10073693095694,27.271127828686108,711.0251344877855,49.63242901418764,3.3193178979941522,SAFE,NORMAL
6.220485677638641,4.43984116062918,363.98302823097464,28.034840642232506,969.0962224397408,51.21800102876713,3.5659262453689036,SAFE,NORMAL
7.4573545050939956,4.234550520973356,569.4063295988454,25.79738427470511,348.4015484460664,57.2074677137136,3.36157557607362,SAFE,NORMAL
5.7299814446438635,2.445795861255294,484.49229020353005,35.95674226022679,638.8056691253612,51.03195328989978,3.3357546444068684,WARNING,NORMAL
7.637855611781725,7.471878884462821,278.99827973233397,26.464104701394856,832.007533545391,50.70849555078934,3.0797739272935702,WARNING,NORMAL
7.819662038092294,5.144654347383331,541.3303926730478,19.946593792754648,905.6792109248336,53.736278338540735,3.2727971084779943,WARNING,NORMAL
6.785350831043563,1.7572212488345917,430.5106696778127,22.958811501659266,839.2970508842914,37.94717665233137,3.0042943336160945,SAFE,NORMAL
7.286483387168908,1.235120764621422,444.50880370057143,29.814111386906013,528.4459981060844,62.44821949595325,3.065099836479356,SAFE,NORMAL
8.5679102036252,3.3557518249325815,575.3502725449758,24.11029600911514,613.3835957997036,49.161978954485384,3.9108172789199296,WARNING,NORMAL
6.8459773070166445,5.316247091219439,282.6840272397957,23.024837554649817,297.5632064894915,61.816122651246346,3.221083910804945,WARNING,NORMAL
6.45876468906038,9.305939392237244,315.04386724468714,32.58144428713318,708.17682165312,43.16308631504001,3.016221034112309,WARNING,NORMAL
8.237164381723819,3.773437669735086,489.069543704971,27.679151087598775,909.3906356335041,42.70115262404084,2.8629846040285116,WARNING,NORMAL
8.573811033371557,2.23724473629312,246.14768322500254,24.595125688540236,701.2646568417346,48.1794988974693,2.0996245287771806,WARNING,LEAK
7.202586970293494,7.034038695416412,377.14227880472254,15.924973404110354,803.8038439206806,50.28650130575347,4.243310981102079,WARNING,NORMAL
7.908024124785849,6.399159390524514,567.4151759981921,29.481354306976403,799.0083941770719,45.93810181207016,4.297848554909638,WARNING,NORMAL
8.139033140871616,5.107506750918453,436.95250638373255,27.061930058199252,642.9658456344275,43.56387251569207,3.5138508832179047,WARNING,NORMAL
6.680261037223131,1.0167515560314826,285.06838717836456,32.20296801738298,262.2666508072147,52.9640282881236,2.6823774484725487,SAFE,NORMAL
6.860285915242493,2.331842100701601,472.6917156656608,22.621579428249692,941.3619283544006,61.59839315953603,4.567306089591439,SAFE,NORMAL
8.061612159208314,2.5796233787434915,401.41396679288505,25.507025369655615,777.7600414950132,63.27370601429514,2.498034190400642,WARNING,NORMAL
8.379509995095956,5.109186717732509,365.72509139546804,28.194477868313033,474.86818808781277,47.653093832953516,3.3966263672025643,WARNING,NORMAL
7.594016602122048,0.4594994142863766,876.7749689252178,32.02378386175328,766.7580226220208,41.36510010874352,2.343450288254404,WARNING,NORMAL
6.584129952548563,2.188250323109769,518.9793461257608,28.033878253090545,736.0111299519259,47.89708081959831,2.113883271490499,SAFE,LEAK
8.590942778189609,3.0417229645296184,415.9845545609,24.17023967910981,935.9959019474185,63.69193941323755,3.3160404019442047,WARNING,NORMAL
6.828320371531625,2.508564583502644,557.7966616628277,32.19106543689837,784.9742345037395,58.23002944260101,3.3795140005221063,SAFE,NORMAL
6.965403553179984,8.663259139116237,415.0815910679839,25.75086746348058,785.6189010552846,53.085513397292665,3.2594965231030093,WARNING,NORMAL
7.439636484142735,5.991402029574303,387.82370768939654,27.720117146550866,735.8791940250663,46.26372270748574,3.9465560996015556,WARNING,NORMAL
8.287912294500343,5.980592170585054,485.9335204865711,30.00268892173352,561.4499984430606,57.29580903011064,3.175996202232717,WARNING,NORMAL
7.7977831835865565,2.0577632377871447,511.04280962282496,33.25279261302815,821.0941349716364,68.1010624677723,3.606141781265127,SAFE,LEAK
7.490405850253337,3.422191534991953,561.0893520843085,28.475542006200726,695.4247087682652,48.85817685465975,2.8086606260543654,SAFE,NORMAL
7.524301971082674,1.4254826777487157,620.8398696290869,37.349130281692844,528.498456057974,34.23796960464752,3.847504976087696,SAFE,NORMAL
7.230460268050426,1.4636062659643077,592.5006624615187,26.6418075379586,581.3729761701916,41.79073491309555,3.890185245310362,SAFE,NORMAL
7.590697660162954,6.029249147781519,552.7884136516857,28.174264535578253,495.49173833559456,50.50009709617101,3.0727216035651344,WARNING,NORMAL
5.4293079456139886,5.35337137592796,565.1120950407224,24.52540947762416,890.742748084813,48.754533335787684,3.387605309222255,CRITICAL,NORMAL
6.992374778651142,1.3351071860519927,592.164000992281,28.290363737052438,1056.1814966349489,60.884498657413204,2.850601787436614,WARNING,NORMAL
7.368925354441747,3.258062535148534,535.1791186232716,28.188599663568315,907.9291056808617,45.26729856767143,3.0897584400060647,SAFE,NORMAL
6.394290141466345,0.7161127672464468,259.751923567315,31.182811567859865,767.7214488246299,48.60449666435647,3.568654148528741,SAFE,NORMAL
7.470426322468092,4.389965494292514,509.7173774236071,28.77805637062656,688.2183483497403,44.82034894781618,3.4424193026346224,SAFE,NORMAL
7.056870145309715,1.305747412430385,615.2372550658591,24.89104571073446,647.6316889572134,56.23188527986454,2.335436225433014,SAFE,NORMAL
8.428832988820844,3.2651492538953235,353.66169924996086,28.025613092617473,522.4667270434892,43.116118768895504,2.6313673785352876,WARNING,NORMAL
8.301113807650399,9.115179615539372,402.95338076982216,24.310524541242394,1050.4219886784422,48.12136165260869,2.906007933418183,WARNING,NORMAL
6.873936101617286,1.1578389484201055,442.7876469820237,29.197975615090524,513.8758043216567,37.81232260165226,3.3098994783600975,SAFE,NORMAL
7.094413601903313,3.88088631256539,472.812487374065,24.763342607418824,547.0953974421109,45.77093870163594,2.7412286217842405,SAFE,NORMAL
7.148236704074125,2.915744418780914,383.3878470456998,21.407990819050717,664.8097343321512,63.30213956158282,2.4930606485197777,SAFE,NORMAL
6.8838383666882645,1.0656949275511802,456.87145372084143,22.47957778377327,679.674441008559,64.20673819483453,1.8853172609461086,SAFE,LEAK
7.3365174888196885,1.6481928217306914,511.59027476330954,22.300009402826657,808.3670793902677,55.391347783833865,4.243086272649477,SAFE,NORMAL
6.669202551778687,4.121678479653221,208.76708788820264,24.88774395092815,578.7828462628444,53.52947742779668,3.300990512741633,SAFE,NORMAL
6.408569265543732,2.5494361690078646,458.9732215945865,23.61081783574493,342.05324069025926,44.965994744462975,2.478694604816985,SAFE,NORMAL
7.635897856730188,7.627403719735226,404.09070551447894,26.911578827570455,658.3437095611108,51.59225522635867,3.716514374231303,WARNING,NORMAL
7.640670708955268,4.262810163558442,245.17445188711565,25.432134321290576,670.469702522289,51.32561319615729,3.9467858458995275,SAFE,NORMAL
6.636978968238005,1.2400848567114884,517.7039625670716,29.064729449214983,655.8505596222248,50.13913006193846,3.3066789412859663,SAFE,NORMAL
7.82674880153382,5.500623798602512,487.3549980319721,28.53090873662273,653.4564627272523,56.452620540980305,3.51151698886149,WARNING,NORMAL
6.757895589584268,5.967626286222505,469.7915098543661,25.70440821789236,636.8876781006895,42.45247861884808,3.8543849500532503,WARNING,NORMAL
7.377215666626587,3.6872592379119893,523.2582361812855,31.969275470419074,461.6119205619117,70.49635639065896,3.502792729187644,SAFE,LEAK
7.774240808828719,4.517264363169074,488.54999084289864,23.29424440217687,963.1960151283624,62.99827475633807,3.516286701677235,SAFE,NORMAL
7.176471204707401,3.650579032765058,361.45219978580286,31.02577595961314,953.0090844023198,43.504174703070156,2.4328616421356575,SAFE,NORMAL
7.518318638498794,6.878932126477995,536.7579373652627,27.624627323588964,951.1765911160117,50.860518674958364,1.8354102462057735,WARNING,LEAK
6.8384992492787,6.3330998481213205,557.3085015854001,25.422427591329676,486.6000789151203,45.209432840290084,3.630731781869907,WARNING,NORMAL
7.062473391600332,0.7138357346297767,319.7031103792159,31.517687557714332,772.6855346257285,55.0894345174178,3.0878529380685973,SAFE,NORMAL
7.0558983983837615,0.6355228111173266,555.6617489035774,29.228610978163132,623.8877742911022,49.28629489344287,2.9725851425996055,SAFE,NORMAL
6.677395157421833,2.5857817931020315,415.9752146310096,22.697567009575987,614.102916006776,34.94636890985164,3.6866001780642788,SAFE,NORMAL
7.076258085818953,5.268131316225382,523.5385253331498,28.455922415398586,532.8440520162685,42.63244899200071,2.722584257816638,WARNING,NORMAL
6.115967190795377,6.7097618294582775,468.2342253532362,28.451937598952437,1161.8011996367838,60.61190947510209,3.181743144048488,WARNING,NORMAL
6.856192377000527,2.266785992332999,429.35711435823134,31.02953651183115,655.2269142194044,48.2490896986217,3.2285270949905316,SAFE,NORMAL
7.000587154641231,2.5327284509267196,514.7052160781543,29.341436960266954,534.0410976112095,48.17598626019641,3.5449011174488683,SAFE,NORMAL
7.0206741732532345,2.3743003867942583,410.0238803810495,29.62761769073733,724.8719076661708,55.35335911553942,3.3706388270654672,SAFE,NORMAL
7.030951787890455,2.8203800762727917,579.635130974573,25.23447796590642,837.364451497131,57.51963485289051,3.3708711842503423,SAFE,NORMAL
7.15676506009791,3.383060965331936,599.3677400916508,26.161177113524747,674.5597133563057,49.28730638086725,2.997682141622451,SAFE,NORMAL
7.535609062660245,2.0706830634671842,384.35113721740834,25.991444203554973,743.9663801455774,32.67202746190728,3.010764117386729,SAFE,NORMAL
7.812161951892766,2.368302798050519,429.9326436781288,20.60520349740596,880.3377491691499,43.57545485672281,3.3701297319871015,SAFE,NORMAL
6.745164341206213,3.982476502644321,405.10264307905095,32.14662056219139,528.1726883741317,32.84824554685379,2.9497405168271085,SAFE,NORMAL
6.357759401227599,0.9506152580773368,495.03063080927484,22.523352662774208,732.0024289188098,38.80333867338386,2.7857378700202364,SAFE,NORMAL
6.470568911429828,9.701987901489169,607.2067458447807,28.07488557748772,584.9763601007394,50.61667859276004,3.843128040885383,WARNING,NORMAL
6.858957955163551,5.169588936673565,249.89172288620773,25.67563075550433,560.619287901672,50.36979115455608,2.862676996065495,WARNING,NORMAL
6.953655077528444,7.403348479608461,279.8036510191372,26.046245055073236,1015.3552102836867,60.203279482228325,2.9706911529396356,WARNING,NORMAL
6.66100275366178,1.3840750019101524,439.9769188577165,29.710169626233224,683.9099148508931,49.737992940186466,3.813285920751542,SAFE,NORMAL
6.292718335025074,1.8324832733109644,472.3116354068599,23.878730956910136,508.85383000536797,42.974975224775136,2.8550809198789953,SAFE,NORMAL
6.880715420768069,0.21674729393991551,337.0448236636102,28.826319284545146,679.9240017915363,59.623338468771365,3.3605743601496387,SAFE,NORMAL
7.32699863407978,3.113379619002973,471.6888258394009,28.864486476999453,482.29279261186343,64.0091418773775,3.4045574266277647,SAFE,NORMAL
7.616520626084895,3.184855798980076,361.08519995326037,23.89762095004209,660.8610310365963,57.33259398700002,3.154896861138201,SAFE,NORMAL
6.809803862824175,3.6938284875234735,396.3867084436633,30.644651511518585,577.872912223984,49.461933285112764,3.005810812824333,SAFE,NORMAL
6.910901524499597,0.5859310755443169,602.3555064700085,32.469718297044516,791.9699364205856,47.535773117879806,2.6367967652307014,SAFE,NORMAL
6.551311183806883,2.9282276415579687,408.82402643283604,35.098897683264035,1048.6738126567882,40.467431474059936,3.513929488041427,WARNING,NORMAL
7.177992580737657,3.8455490479661765,406.71302160496634,25.95186981205474,668.5133807878619,43.67907312259482,3.751332815418209,SAFE,NORMAL
6.60609995606643,4.286341251867966,465.8114251200468,27.764491439006417,584.635489289045,46.413195435910474,3.698112546252651,SAFE,NORMAL
7.60118946926884,1.9011153654585156,581.074884242968,28.008754633169733,716.3807911976951,39.40577834051746,3.385448498757134,SAFE,NORMAL
5.949893455646123,10.658963051175668,444.8373212442889,29.663084243349903,968.4335747664704,47.32056832455907,2.212073166058986,CRITICAL,NORMAL
6.948259229283276,2.5135676162470744,383.01107322799317,33.99415898045058,792.9395917179042,47.747142284366376,3.5847202882045863,SAFE,NORMAL
7.41077513743422,3.3581396909723975,519.4950464571008,28.947310512444407,674.6112796868598,60.19512321767564,3.1457995505693863,SAFE,NORMAL
7.328684161425754,2.2886905728960203,547.5282797642287,29.056238723491678,328.04903378970084,37.047705177424476,2.9039719592859283,SAFE,NORMAL
9.085123564786347,1.9249891954499299,587.3593751519539,22.621318895783382,690.5813294052347,51.3793231090083,3.528775218426199,CRITICAL,NORMAL
7.444860017197535,4.80375882239948,445.72048156537977,35.19457527666779,839.7787384471599,39.11211897516186,3.31301193458581,SAFE,NORMAL
6.497161782210593,0.6157762342708091,507.0210188272904,25.098629829844477,872.3539831142605,34.352129785295816,3.7044745171239466,SAFE,NORMAL
7.133175027037649,5.010070476235133,544.8469932223204,16.361503648228812,935.9515204959423,46.045931752415,3.370443554808721,WARNING,NORMAL
5.956627566573484,3.2993887500439922,471.8235495906028,17.897212676288582,578.5911329203503,50.15095339912139,3.0665524643309223,WARNING,NORMAL
7.143580175492268,2.621437617281251,608.3329602805387,28.300306972741076,627.4514367153397,60.177783676472394,3.0255473485603575,SAFE,NORMAL
6.616860760099469,1.011349128741804,528.1660992607109,21.907545352086267,678.3625323865066,47.84602133165964,3.5056492215883246,SAFE,NORMAL
7.840773192892113,3.099352649616549,675.9438899568443,27.215140503533082,827.7328855666343,45.69205620440448,2.5310318350996543,SAFE,NORMAL
6.815321807783126,4.766987852385387,560.1252629472303,21.021011509521625,652.6361127980125,44.3843736054593,2.9492124566272095,SAFE,NORMAL
7.118263858943328,3.4023821400529273,218.79484841028687,28.220164991134798,794.4697140485825,45.85990981003457,2.1029185674324644,SAFE,LEAK
6.755109511016918,2.857814011842442,402.1953435506715,29.25710084259613,630.8136385669072,21.82553261282889,3.4106701441570726,SAFE,NORMAL
8.417195946297332,2.4802777182915077,255.8585820291736,27.703346066177897,572.9485642824949,43.445716351615836,3.5225379060097897,WARNING,NORMAL
6.975130063717462,2.104259351466497,373.34152382132226,24.214664221216115,899.7511255782165,56.41247786811441,2.8153442304228307,SAFE,NORMAL
8.482789930435441,1.0860334274060228,405.43654448017315,30.514248390693258,756.2249570725096,30.371440331560677,2.653229395880324,WARNING,NORMAL
7.769906233482787,4.702359596591104,554.2471230052579,25.402546034730978,834.3957539529983,46.67901222770381,3.676599559253596,SAFE,NORMAL
7.5374467091347706,3.577454559526454,397.241297383982,26.246575094096396,662.8672067218239,47.69035668188578,2.8429027648111287,SAFE,NORMAL
7.458113203122264,4.913992380018576,617.3049905537869,24.961214124416458,844.7428552217037,55.73111310361256,3.521652729795137,SAFE,NORMAL
7.475658108751376,2.0738284358353987,369.77625882895745,25.92833527458905,508.71938364936045,50.93348233458672,3.192926748461903,SAFE,NORMAL
5.850629194458073,2.6285075557821713,415.38261565393185,34.484995673322345,537.3824029973172,53.37405236902207,2.9355005097412183,WARNING,NORMAL
7.004781624094471,1.027083810367846,301.2347760035582,26.980194906152338,869.5789846664309,44.032397250805246,3.4900345626867053,SAFE,NORMAL
7.791610579829025,0.6544757424165382,623.3457690575307,21.92149295215098,687.3567908239446,35.93361529522539,3.215886432363495,SAFE,NORMAL
7.165771971568127,3.222242305282943,639.4004034406441,23.1629992115949,655.6210981125512,45.75985522422681,3.947220173215687,SAFE,NORMAL
6.216367107237498,0.3076260566714179,434.1450149863003,25.89526485295536,534.4838467921968,48.85859417641492,2.832430002878457,SAFE,NORMAL
7.163316884595772,3.866764512981791,272.32010655639704,23.821438902438903,844.8047049362428,59.263539775851,2.537602087877698,SAFE,NORMAL
8.392873861378844,1.8455431249201928,425.0175427462542,30.798637434449756,1035.7718563046888,38.57845651756696,3.191909512541018,WARNING,NORMAL
8.072824200874305,11.899925370196708,477.85857217962405,21.332234098962395,809.3716987405517,66.71039242352916,3.4381592263896006,CRITICAL,LEAK
7.156597193443778,3.0587391058108286,373.8165148030098,26.523732864379532,619.156093432198,51.380095821223165,3.1061735298679825,SAFE,NORMAL
7.866014493940661,4.543888204359787,732.102243148155,31.042546909717718,949.6228553487717,43.910567313908174,4.099197342303796,WARNING,NORMAL
6.943445085742364,1.711642754106341,669.0409758756732,24.479624505802306,764.6908156842029,43.49538186798652,3.8064218855244283,SAFE,NORMAL
6.007289889221297,6.555691065614388,240.1414512625504,28.75623464348149,622.0620238502835,48.72252412719762,2.9372293523442727,WARNING,NORMAL
6.552873808309312,6.9122795307120555,311.54355681169113,26.838673825608694,929.6228041045078,49.45862314508155,3.2321431906759224,WARNING,NORMAL
8.29402213795574,5.84722665256569,505.046741424248,26.87378000019735,667.5262260660301,50.10582978818179,2.2974053481368677,WARNING,NORMAL
7.008204842719487,10.459393589327842,321.37459679127244,29.047572979447043,440.31708014692197,55.10059537065749,3.725799438651116,CRITICAL,NORMAL
7.0296312144374875,1.1563416413539058,471.94861913499045,19.56455278397773,642.8289555924407,44.71049202030369,2.85976317446003,SAFE,NORMAL
6.990113262607584,4.787752903480174,451.2845192059496,31.813447934232762,795.7748306798151,50.85071365507466,3.299479668614491,SAFE,NORMAL
8.532895612701104,1.56625904922517,445.2518609042458,19.41205075800392,570.8215319987278,47.32011298910915,3.0713014837028325,WARNING,NORMAL
8.338171240753445,1.2045199222076965,572.2559976183618,31.54366371706395,362.9807211698187,63.17374977849282,2.45532499925261,WARNING,NORMAL
8.753146163413694,2.9306036516055287,666.8903255307092,28.73604886515498,964.5686114064173,35.536676597725474,3.61677879194563,WARNING,NORMAL
7.0886683527199645,3.5970598753876954,497.52930335623006,28.89256362166371,1238.90291222824,67.16127347137413,2.670686907205127,WARNING,LEAK
7.406937142122967,2.771987871645935,304.550484586852,33.45825904302771,614.4153422165467,42.931187013743255,2.940359663957564,SAFE,NORMAL
6.138350215405446,0.90778089887276,467.2662751982091,31.733808108889242,586.6314280847203,41.31596225322365,3.6264445778191,SAFE,NORMAL
8.233854098282793,3.15968018203924,379.9018728238689,30.256700413406257,457.523483252857,47.630638706674894,2.714363321606022,WARNING,NORMAL
6.382554314112446,2.964192422524989,689.0728166089928,25.821882786337866,552.1855460754745,51.728609809797646,3.9454349385218377,SAFE,NORMAL
7.351742894633841,1.2494635283636404,533.1793821363524,25.55714512188195,424.9897488772379,47.09387670283428,2.7065166647526544,SAFE,NORMAL
6.431888230657009,7.809292559991789,498.302333189308,30.365906077866843,465.1047104406574,54.779890392655375,2.615193986411587,WARNING,NORMAL
6.787793221282913,9.836397770522627,527.9527096200379,28.811388988359276,700.4042992656256,46.404237306330295,3.223259437640911,WARNING,NORMAL
6.6139162982652095,3.3149512894335462,445.3964031712857,28.204691771549946,415.7744396999046,44.85074588724773,4.017056711411479,SAFE,NORMAL
6.774487317526928,0.1509540982337435,600.2466109869695,26.772216741446428,435.68321174783335,42.603434768904705,3.1970392876011147,SAFE,NORMAL
6.822614107795715,2.991033822479713,381.4933199736897,25.368772109811186,737.2636916903492,60.08375264470586,3.690687701850046,SAFE,NORMAL
6.816211843552447,6.322697821348357,565.2045126806094,21.440003401678965,588.855638860457,53.0750568075354,2.529571680432658,WARNING,NORMAL
7.783333738246215,3.0444491645267324,641.040328437941,29.57422970809262,764.2012195693471,40.744519764117044,3.016782586482611,SAFE,NORMAL
6.426596044856236,2.753161761251852,352.3261653779923,26.2732685559672,638.4389935183615,46.381378936193066,3.048634913936201,SAFE,NORMAL
7.354378998909707,4.84909684771856,490.5188157232757,26.013268537419883,666.5994873761116,39.40920940266001,2.5693137576064355,SAFE,NORMAL
8.052571406613891,11.995583437241784,499.9864513954857,19.74976342872692,840.4191367178348,71.80605388295263,2.4043653814670396,CRITICAL,LEAK
6.840762544840623,3.8482274732234516,321.0582298075974,27.370805473206236,601.2357262360151,51.4648415222577,3.0791899990226743,SAFE,NORMAL
6.697456776476679,3.3409243615625694,285.72222171481474,21.546501311748283,827.7461865404711,34.08203925883682,3.989869422955381,SAFE,NORMAL
7.038632762373824,7.281994756641883,340.08025565326193,25.261480868470894,624.4274112868623,39.12051610292707,3.3092728506674387,WARNING,NORMAL
8.025807645852497,4.200914154454655,443.75098032684235,30.17081179861694,552.2664645337816,39.99663505320489,2.8585087458619802,WARNING,NORMAL
7.33587534166735,9.06036419310576,500.2640312300186,27.253108079640526,506.67661870286855,52.34119246382186,2.1814158271963215,WARNING,LEAK
6.828149993774681,1.226296399640033,405.6454521143944,26.57848102209137,401.7986863443126,36.41735199076017,3.0139775585487882,SAFE,NORMAL
7.538713655831628,1.2420759113793993,681.6770402954972,24.093533200259614,476.7239468564347,39.075291651036395,2.9801288741697887,SAFE,NORMAL
6.428395495114504,1.4735049163663698,573.1411160232445,24.80983441421958,380.7714663090486,47.989552703369185,3.392263499456864,SAFE,NORMAL
7.676951657310064,5.581308798166354,504.32150113920756,33.341453488714855,520.9882692687379,49.336686764144865,3.0731380935777777,WARNING,NORMAL
7.486025115391238,3.8640803913304365,398.34631935882845,30.118943510821158,847.7810547878589,45.5666858340096,3.5159056075314696,SAFE,NORMAL
6.984534070202781,2.451853721067589,458.3797929953143,25.151609324045197,698.5034417557603,46.67797153726525,3.5837521405350583,SAFE,NORMAL
6.612989941086939,3.8842304134705934,582.1865580067861,26.577882565072304,630.1823491006744,38.519204306406436,3.1650800280899043,SAFE,NORMAL
6.579323354401581,6.162979820243834,560.4016566650702,27.989334451334003,575.5678461863672,53.56913037417159,3.172096664095505,WARNING,NORMAL
7.574372135442137,2.349314795097904,559.1038018835206,28.752333126388848,685.3745855499837,33.98740842634227,3.217123571651497,SAFE,NORMAL
8.060286351742343,5.122971287613839,413.5601065304157,26.90273578090393,705.4375496340572,48.683810923687105,2.3276134869941956,WARNING,NORMAL
6.753884577079844,2.124119706562748,387.25270052480096,19.918485906877898,499.2899714689844,64.24394244332288,3.560188556911674,SAFE,NORMAL
7.520870692486039,0.6921711316986665,278.71500395099235,26.874082873162667,783.4404977493215,47.071565531295434,4.048637267292735,SAFE,NORMAL
5.739081086978552,3.0467527227771978,513.4254112546756,26.63003979394775,641.3860471432512,38.807731812083205,3.229647584319705,WARNING,NORMAL
6.7907675885399605,0.6017963466551669,267.77714457247214,35.22919690914539,753.4265608447117,49.06669335295175,2.8086559155341986,SAFE,NORMAL
7.178258746990369,2.320380365046621,448.1387556223953,37.767013183483925,694.237556482657,47.53437892196068,3.1965086622879233,SAFE,NORMAL
6.563221608112717,3.366102660008103,399.5684334370707,29.56865873995292,444.6872220260303,51.47573534985676,2.9825274557516526,SAFE,NORMAL
6.544445537647283,1.4843633260944549,476.6957834810968,24.291488356728504,934.15291716357,51.34637624502643,3.2137010845219183,SAFE,NORMAL
6.73255431047178,4.570080765458643,589.8664140591599,29.716064304175305,697.9380465900973,57.69778348223899,3.0439974143132105,SAFE,NORMAL
7.404534909828461,2.5000913560478883,612.4380729456706,20.20602967324715,633.8144594895105,45.983725251689805,2.1235732768990765,SAFE,LEAK
7.068869687115538,4.670745506430105,534.286286922553,24.869274772342518,804.8600728248567,43.313782284326386,3.24771452775073,SAFE,NORMAL
5.63323813667252,2.96696344331379,358.2895914089124,20.49446050198191,491.680911568092,43.51612324736311,4.312174473381175,WARNING,NORMAL
5.715509893155454,2.566168186466116,447.31994187382355,29.20221179166145,416.62833448295225,44.746587731897975,2.531943481905292,WARNING,NORMAL
6.775194375499978,1.4943406646856763,345.14830887029984,22.157315756463596,800.1858399464904,52.292418012019404,3.7485847183646026,SAFE,NORMAL
7.520380610237487,3.081523389824346,371.4945461113985,25.852040330159674,906.3820305345471,38.927870519446735,3.4003166133998852,SAFE,NORMAL
5.276746610092336,3.3860955853681913,507.89018696697036,26.823456895327368,751.5548088029509,42.43794257351233,2.7405309538055223,CRITICAL,NORMAL
6.850188876693859,3.927767968019567,333.0948511333057,26.884283838540956,845.0410894404763,50.40245900118254,2.5283409484519668,SAFE,NORMAL
6.831626500437805,3.65618020552292,395.47121851302137,25.108517351986613,472.08951438878955,59.638761666210684,3.3313390727182943,SAFE,NORMAL
8.171836444745914,0.8962840433349039,321.6257157505793,28.34686412387225,635.3306595944678,42.92429620671002,3.3804518314925573,WARNING,NORMAL
6.930484731800996,5.982168811462359,528.9956670244737,21.983049861290418,581.5520937243837,52.79379915721283,2.445851447090357,WARNING,NORMAL
7.46809228931865,4.030243768605075,406.7341168593576,33.95711777109031,884.9674214707767,48.332346272933435,3.663179059143376,SAFE,NORMAL
7.298879998061224,3.143486495840703,184.03812527688723,22.863740015435358,788.9321205663382,54.02870072739142,2.9527844860640844,SAFE,NORMAL
5.70860346413496,3.897941191036905,646.0369188484297,27.158790580726343,885.6081124291487,50.475629159463445,3.4463684160980117,WARNING,NORMAL
7.737745051642216,4.439096769497359,571.6052545974845,29.49985229117434,588.7827202440191,50.21639445094432,3.55160576409867,SAFE,NORMAL
7.350777553819402,10.12387820616728,208.1634120435897,29.73086432371657,496.33382250248906,70.42042322495745,3.647915514287407,CRITICAL,LEAK
7.555788047772213,1.9012912376296789,538.1797532238242,30.10144200888234,939.2341613180236,73.4382681273234,2.7052527324927786,SAFE,LEAK
9.94836639450543,1.9459064343208832,632.7236368219004,20.628934024090007,704.6998635319335,47.89587115495757,4.2057290968049745,CRITICAL,NORMAL
5.741120942350989,1.1598515756768117,427.62480683805694,23.33043205894688,891.6785766235848,42.660190363298014,2.739608385620654,WARNING,NORMAL
8.407287654832777,0.4264069007401387,467.883735161282,27.543431398211553,688.3099164919641,51.93635115455271,3.6472494802758755,WARNING,NORMAL
6.998786736419751,4.104690291795899,411.75406694495473,28.92466563319448,1096.6933774801967,54.83197319293306,2.9503856511459547,WARNING,NORMAL
7.401130233082107,10.395678197119818,512.3687094438831,32.028513233043896,912.0393690927066,60.56559560493304,3.2259944966262326,CRITICAL,NORMAL
7.168141428289131,2.4109702287183574,573.9808512892191,24.943924343235512,671.1900238102478,32.0401113458815,3.137624000645768,SAFE,NORMAL
6.90303456662137,6.875588216335567,307.06882053604863,23.38002402602347,703.6952023177488,46.71485957298386,3.4334908311204377,WARNING,NORMAL
6.801116950232869,2.442076486275362,365.2605351813516,24.812681175556566,704.3177547115954,45.935929821441704,3.724027652499335,SAFE,NORMAL
7.430656114901106,6.655641640969906,462.1976499538168,36.03772854039447,495.50931002128294,43.543953645430626,2.8938854771555205,WARNING,NORMAL
6.137978412329825,3.8750607268253723,487.22622303057756,33.00171211893857,613.2499144540869,38.02509238992444,2.7615006484103635,SAFE,NORMAL
7.725405417265236,3.1019202087257165,498.8947555411002,26.322032116771183,599.5641599044353,48.203632790565415,2.168667996362245,SAFE,LEAK
6.9086639165803225,1.9214152847452675,426.8975722714933,32.13921479948499,741.8524041494923,55.63637084456904,3.290133235736313,SAFE,NORMAL
6.40895146267175,3.220152746243809,344.1528873552619,24.710060773819357,553.2751092454073,40.04351216981454,3.115467905016341,SAFE,NORMAL
6.88499099940293,5.503673421717103,568.2314484604631,30.81807444770583,672.9870626461077,50.70217056394223,3.254372848744266,WARNING,NORMAL
8.0800044518038,1.718232360260774,303.4022567647502,21.484325160504135,634.0894339270699,53.358603035758655,3.149233985850457,WARNING,NORMAL
6.8252654390886445,2.855918045809339,390.9268351922346,28.425961167134062,713.6493159014417,63.14746427234653,3.579455378202799,SAFE,NORMAL
7.450917532746734,3.5301572663503262,452.1375507216999,31.07787970011795,964.2591282519156,55.081423660283974,2.946782487177021,SAFE,NORMAL
6.688330606999169,5.376900357579366,508.2166799198367,25.693466392249643,897.1785308822252,49.317162552250444,3.374574581488664,WARNING,NORMAL
7.730545294946534,3.2906988799558765,414.97553745840383,29.453662808993492,464.1101771321579,52.491550994383935,3.1840450659364405,SAFE,NORMAL
7.679855417153143,2.4605434099597945,540.3690678998553,24.75376994090526,690.6690584837122,56.10192925473265,2.7194846959520147,SAFE,NORMAL
8.494026183307488,3.702507611051473,600.0946434435464,28.214174588011723,645.4837249770783,50.96662170754653,2.8567859294877884,WARNING,NORMAL
7.0771052381505495,6.5486862554141485,375.2608350536119,25.073822968555803,583.6120670429282,56.29394459854916,3.660076881814681,WARNING,NORMAL
7.668058363330535,4.187541204175787,496.9886044662104,30.276551256280072,1087.543850014216,47.34046427779305,3.611951141678875,WARNING,NORMAL
7.268647277677261,2.912788163086939,479.54045164350856,21.942529375379657,605.1817949768653,59.603519004405804,3.569436189812862,SAFE,NORMAL
8.10711024730411,3.1757149692803095,409.079733822654,22.939130243548494,617.6613619242753,45.92293875289653,3.115591956958052,WARNING,NORMAL
6.696817328673889,1.2235226607618197,221.25351820882773,32.2228356128613,1015.7900848491106,44.51390001984125,2.078347075993473,WARNING,LEAK
7.7215037190140965,5.0708955169971155,492.50269118579456,17.162101075154105,874.4264859716484,46.25487771593148,2.3680544579116187,WARNING,NORMAL
7.063711892718323,0.9219508054219113,505.68776012462087,24.435965825846026,620.2063102911294,42.236553891544716,3.068537727188356,SAFE,NORMAL
7.155068276024052,2.1552970999862358,580.4737614745085,26.431678990843515,836.9088113786266,56.035780141896666,2.441114053280475,SAFE,NORMAL
7.2642267391138615,2.653458572541948,409.79524603658115,28.412031250531737,656.9016814141019,37.42007420598252,3.7723780478801148,SAFE,NORMAL
7.3765682774986745,2.1515516882702825,369.95216609642796,25.088774103199146,668.8930518459979,46.532602204414516,2.7954468702770012,SAFE,NORMAL
7.1186396698146295,1.2778856379869221,340.25220960088586,22.496957040319742,555.0310869464721,52.595301286642446,3.062659885616403,SAFE,NORMAL
7.350299228219368,1.750577996532417,90.2151409811504,31.90512165367082,262.0504332688105,50.09683008776995,4.067599563985906,SAFE,NORMAL
8.30468264029353,0.868416575882107,401.43395385812164,31.21303117865437,443.52280230884423,49.66448633566493,3.7153250434461604,WARNING,NORMAL
7.889814779930653,8.32100916163346,781.9796986948793,25.482840745655462,501.1709910971026,48.859189475248584,3.373162898674666,WARNING,NORMAL
7.8084082147478275,1.9639253420511573,602.5129432292792,19.83731595155792,775.4206792959607,51.31566258077643,3.3105603695102808,SAFE,NORMAL
6.881122331783291,1.8088959638650965,330.93783268330714,28.22467239505783,727.6188947864448,41.97878388447029,2.821906299164325,SAFE,NORMAL
6.577531420240173,10.362421981347765,388.23775398902774,27.727002163034385,895.5219911572589,46.16467669020589,3.5805948853254574,CRITICAL,NORMAL
7.868710390766427,0.6560085048722135,387.4764867801724,24.33176510397722,483.3993681545304,47.939975702138995,3.306355183273171,SAFE,NORMAL
7.813232754770856,4.527043039689025,617.8238693613682,19.17974782911397,1021.622287379141,53.646651484526274,3.13226858293129,WARNING,NORMAL
8.230869473025688,3.124071318077144,716.9441206525453,25.91378314891792,1004.9837008382083,57.54384992386471,3.5205167480544266,WARNING,NORMAL
6.777213561821539,1.296427156600994,460.7755304387933,30.066223183832573,706.3785970086237,48.943415155658364,3.5294733189997816,SAFE,NORMAL
7.039315941247757,3.2973699038216093,481.6403213619241,30.66866934295346,576.4749321285526,55.87446232495804,2.714346839261351,SAFE,NORMAL
6.052361086232196,9.220471786063152,512.44711494712,26.823261611293255,585.7894466254188,50.717519437695906,3.6583571571974294,WARNING,NORMAL
6.925270225757389,4.500623676762086,448.09738393349005,24.506106331638097,735.664409474074,49.43494883590255,3.1572204639928922,SAFE,NORMAL
7.897599357405613,4.092528333606946,483.8381091233308,29.937853861300347,1038.8671545500051,56.275330817621025,3.241616957716473,WARNING,NORMAL
6.8734532345402615,1.0061092295074092,455.7807964503738,22.451958517467286,682.9143569024459,38.41950409742831,2.542182213750349,SAFE,NORMAL
7.648335856640577,1.5036829645961398,507.3563973119082,21.580845930651137,415.234136037732,53.53756768048763,2.557363370302029,SAFE,NORMAL
7.066647825801533,0.7137859337906539,209.79166423751553,26.646158216590557,1041.166177737965,44.514742064141004,2.4725879932773274,WARNING,NORMAL
7.426839919755093,3.203870406087943,392.4623453483567,33.18578806285971,627.9305002035659,58.30884935613632,4.396528903716183,SAFE,NORMAL
6.396616027129033,3.102917555468133,307.99269906845166,33.33580866668589,961.683289373005,44.73698066188052,4.3341578654270645,SAFE,NORMAL
7.259646614743731,1.5120767839328992,532.8113757123219,21.728888648281544,812.6397726695111,47.51610678132688,2.349116049389668,SAFE,NORMAL
5.106204820369494,5.521684338141147,355.7271262650644,25.25096846712112,673.2828022388834,37.481680830335364,2.44284241862682,CRITICAL,NORMAL
7.069172689286611,0.9388319789136601,262.21260971570666,36.735583120214166,873.8691198747464,52.93844004752517,2.943850948698058,SAFE,NORMAL
6.058668729399402,1.6211745609728196,235.39332873547846,24.246326712267155,567.7457420582953,46.6591044291518,3.753564857303357,SAFE,NORMAL
8.044196161582772,3.2837805554565853,503.9251966829771,33.478956329537255,647.627764418717,45.702402989574594,3.5125981677483633,WARNING,NORMAL
7.744185146935158,1.0635491472729124,338.54921283736076,30.904042257575025,604.4676362200937,50.2191754816717,4.283725350305873,SAFE,NORMAL
7.526669687376257,2.3663191824270258,433.4183408001272,31.763432438685093,663.8773963816807,36.64017058208539,3.047724021294194,SAFE,NORMAL
8.264704359011565,1.7261416787596435,639.9456054388347,25.216576804667383,798.5951060738046,44.454320397675396,2.851333021931165,WARNING,NORMAL
6.535758435422614,3.6502341340708413,495.0218774941302,25.3349589458014,797.2507895246597,48.50972955155904,3.227958977399034,SAFE,NORMAL
8.42315423854089,0.8568417831527899,388.78499407634666,23.357535209181734,420.04294003726307,61.71762399883423,3.113094795823579,WARNING,NORMAL
7.8525340949822695,0.3381386847261848,308.98056046465393,30.19532573709394,603.6028412316093,51.46715248129417,3.1863625884360425,SAFE,NORMAL
7.034411298946738,1.0213304361879558,502.1965767208277,20.453965301579267,634.679584230693,53.16837318826197,3.253442790959975,SAFE,NORMAL
7.994934103028061,5.5811805334092295,434.5076749831532,26.346398197008412,805.5072862586203,50.49564750784947,4.2600149906861144,WARNING,NORMAL
6.425594541311856,5.303150847291169,519.4302369855063,33.53788759322932,447.94288649758073,77.27787230040046,3.260105944473727,WARNING,LEAK
6.622840086930629,1.3565097069186485,163.9654487939108,29.378160029675797,827.1641948016359,57.19067588967791,2.6683851967280185,SAFE,NORMAL
6.77398719373221,2.8510277085960327,586.4944689508557,31.010554129184833,497.1923874972748,33.735396006279885,3.0547365827947415,SAFE,NORMAL
6.829715604355189,3.0426798929895673,244.46308642839705,20.4238174553806,744.702583120353,51.77839929546948,3.5628424562539527,SAFE,NORMAL
6.460409650067823,0.8105139544075763,391.9007393677689,23.023668022005715,900.5991397000761,58.72234480265118,3.500189554158313,SAFE,NORMAL
8.056158146966727,1.7639608571949132,616.7982051926886,31.73662591728931,479.16153077709157,38.393208798281954,3.4729351193689544,WARNING,NORMAL
7.018801919741118,2.558341243330459,181.967370480532,27.50312987215858,743.514941598489,50.83950687623985,2.3505035303861557,SAFE,NORMAL
7.446753477849816,0.2589453633944921,439.58354375189293,22.841433045199327,666.6133757683222,45.69557535954838,2.420272370878152,SAFE,NORMAL
6.800754043510424,3.2725339344253084,417.02844286908044,29.50554413240117,524.0594200056966,43.16289606788716,3.1343235018419424,SAFE,NORMAL
5.925577689616038,4.255986046297908,446.5487549387727,24.86576420899564,479.5067038245498,60.6877599230947,3.4230373002527514,WARNING,NORMAL
7.389040150873996,3.5358762513983395,492.7440706478552,37.15023644262414,572.643894961165,44.69519709237258,2.784472055529008,SAFE,NORMAL
5.861421517206157,4.968026249475948,451.80924465393883,29.39612512102038,554.1100466346627,44.76867667272404,3.9471145799397167,WARNING,NORMAL
7.151956167740172,4.10461834751919,289.1995205970504,23.309552658132734,662.9928224118393,42.78982465869387,3.470395120376053,SAFE,NORMAL
6.242179472817033,5.494378827295274,461.67669022835173,30.524080736222608,623.2076115319785,41.29390689079203,2.940918346552992,WARNING,NORMAL
8.591093199461566,0.380258286421207,447.8032050351853,33.45907326737498,776.2509181730508,45.628191885356635,4.590101106752676,WARNING,NORMAL
7.837953905522305,2.1872772301116536,442.77433444623296,26.97618248970062,845.5286093971933,45.23234944441359,2.9672277836521577,SAFE,NORMAL
7.274027653890037,1.2287282844942318,700.3206222626566,23.92826741361181,424.7789854125144,40.49709310986067,3.015299761092442,WARNING,NORMAL
8.084594674358268,0.394277044346477,610.4911504560512,27.177286074667148,654.8828966013681,49.78100917938535,2.9919722998172973,WARNING,NORMAL
6.607578815773985,2.681065140636455,669.2588109095169,24.548811854155353,529.0135641166743,29.761618284173377,3.22088767214478,SAFE,NORMAL
7.580435565069065,5.699393734409133,491.2913317997195,25.966740253705666,504.6700622012994,50.812551877053146,2.662620895148075,WARNING,NORMAL
7.3398673036031,1.82804117601293,664.2406964036174,21.44462652708213,417.61570568476344,57.81047461485608,3.568586375776037,SAFE,NORMAL
7.384814056933569,3.8235441989554033,347.27987576706664,30.500859900653545,404.31589320483505,45.75400960237704,3.6374079782771105,SAFE,NORMAL
8.090647450074737,6.912392951427971,406.8916139582756,22.402883757188704,606.5573200503111,52.83272904149863,3.533565739346429,WARNING,NORMAL
7.712744471945862,2.4421566137290753,380.38256817413287,29.432647717728955,770.7234100002345,47.979753277108266,2.9734456682838504,SAFE,NORMAL
7.402106563977516,6.179646263297468,390.492221244483,25.783599544723405,770.0824641052222,68.81542674396925,2.9757027845653714,WARNING,LEAK
6.041578794640193,5.771931929730978,454.95617014378377,27.89160581502162,510.51772889744507,57.78582708162294,3.5065491955799875,WARNING,NORMAL
6.527967593304376,3.7393622630959826,474.4758721093494,25.10118196398074,492.31224040415236,43.068536140128685,3.3078155180275792,SAFE,NORMAL
7.114103746482994,0.9788396364941025,501.71894631340655,27.784868445344724,743.0640736840242,60.33227630907986,2.799079267486703,SAFE,NORMAL
7.265360661993656,0.37097603509212934,659.3586074290426,28.730592138515938,622.2863216853693,69.28959413002826,2.1879463693958963,SAFE,LEAK
6.408857392728254,1.6398802142123876,267.04424163347494,25.596544108938176,860.1478326886124,48.26776538554098,3.0026212328955504,SAFE,NORMAL
8.888173672904895,2.07984037260728,305.370340260125,20.08182481053295,500.0701939507064,53.89447769426978,3.461012049048473,WARNING,NORMAL
8.261475838677502,2.4407503822248406,156.9701324490212,28.34806151440549,365.61202874229053,58.103196549870106,3.4474451895515243,WARNING,NORMAL
7.6214828242747386,4.582463254327625,348.96281651254776,28.56331687279749,810.2471578536067,41.044527958109825,2.4427482882279126,SAFE,NORMAL
7.250425802898621,1.578262528743948,396.6999094363543,21.26903997027653,359.7929325510963,35.32651327383134,3.618653296720606,SAFE,NORMAL
7.051453721069194,4.668448585267023,366.1893073571258,23.07568487042834,439.75601759565836,51.2765457425252,4.125504809440212,SAFE,NORMAL
6.533657077984436,8.667967842045934,313.3262151960039,25.608810558582476,579.5388898544415,43.42199776266693,3.0244071174573213,WARNING,NORMAL
7.254236362963204,2.6064457430869625,460.68885236568735,17.820549217877733,648.7011804848423,48.254265575489505,3.0982570662381237,SAFE,NORMAL
7.380426778099926,3.472404139059115,403.59764136192103,29.83162447064058,808.2659189619949,58.19874301790762,2.938393733513323,SAFE,NORMAL
6.330767597162863,8.316480567743012,343.83181950323126,25.044778653571658,517.440728132887,54.52000253839351,3.023418444098479,WARNING,NORMAL
7.433923492071428,5.097104666334193,468.12669083007256,28.15428190088797,937.1881107175997,54.465096011415746,3.805764183329838,WARNING,NORMAL
7.091318665822676,1.6240749152301175,381.21650310373366,22.750914922619945,427.10225527597544,48.97100191733535,2.8078267257408003,SAFE,NORMAL
5.8645347094858264,9.127074290706329,588.7833703176113,35.069954074389145,633.0509907878557,44.844789559550236,3.3211187142393928,WARNING,NORMAL
6.597730492454349,3.41404399870095,430.36470550991766,21.31764223604092,849.427892667682,44.32976078214751,3.0624797573776643,SAFE,NORMAL
6.910476126604849,1.7891003939888857,408.00427013929425,25.006105772063403,858.9568568557258,63.94989256092902,3.2953595465855203,SAFE,NORMAL
8.521381360138133,0.6020640748149207,481.38507485109767,31.796334958820868,168.0953292201525,68.04904883209801,3.0569812194740864,WARNING,LEAK
7.589587187173631,1.5952259339394217,209.3032534063116,22.402338105221208,1187.4299455210362,58.63057328442348,3.6103718321316633,WARNING,NORMAL
6.2651629016300765,3.305010330368692,595.6263534472203,27.364073853886516,641.9989288993451,47.75323263138951,3.720460050835288,SAFE,NORMAL
7.540225402592346,1.2315405403732407,544.1879663698342,29.507372244728227,750.1201607354211,41.09728250977277,3.3870240017895847,SAFE,NORMAL
6.116887207743145,1.4127002693313844,354.8317931144527,20.974119361471026,639.9450016050578,71.76906834906235,3.09227201705714,SAFE,LEAK
7.957883737720952,7.1466737294035445,314.32121873451024,24.325378555426607,1084.3276998391455,53.62513998136657,3.5933814524973062,WARNING,NORMAL
6.870212743727485,3.4554425866903635,328.80051174650805,27.76065277790204,932.0818733670324,53.4548496060669,2.825390449037495,SAFE,NORMAL
7.13445466788258,0.716875248647713,280.80643177325123,28.81328199900613,1079.3512488828976,45.218643257954845,3.414758283475975,WARNING,NORMAL
8.128057653279534,4.815412768941008,246.39168686987475,23.71080755104258,785.1819534806258,55.505227148644934,2.942767245824656,WARNING,NORMAL
6.298985501991025,0.3738976371428758,276.91104237167724,34.362269500552436,864.1864648629626,48.33773767691329,3.3074949051439964,SAFE,NORMAL
6.222017270420906,3.304827868759827,132.34654703337816,28.92377455310214,511.9686172437632,41.55628910860243,2.7201259803013516,SAFE,NORMAL
6.791480471557797,3.0035892888617743,406.3667836509587,30.106608972769763,652.3726541709084,47.29133861172114,3.7918934215061486,SAFE,NORMAL
7.926865195713522,12.028427804519069,433.6132156661444,29.87195656523318,864.3318316552452,53.2239374970304,2.571587474168603,CRITICAL,NORMAL
6.136457747166211,5.9944287399611405,603.7291670509418,20.746770383290375,757.284214837744,62.2665312131713,3.13569313710405,WARNING,NORMAL
5.217491081322602,2.8789198405327094,568.4501210099761,26.54091973142195,719.0267809689598,37.40173519279351,2.4614870614757893,CRITICAL,NORMAL
6.884188799113701,5.366485074680494,361.92068653456283,26.93505079214916,560.3796161557673,40.089528252392924,3.7812767065193604,WARNING,NORMAL
7.586218559937644,0.41648561718207394,420.2813275395144,25.98256298331075,909.7848557384726,46.58733917749457,3.977090988415958,SAFE,NORMAL
8.04018322481718,2.977445892095137,582.3710680270651,27.829832054393645,907.2304495128577,42.512146185000404,2.604517444878455,WARNING,NORMAL
6.875787046540221,1.7245073288260786,396.1796959124335,18.57080682105176,887.5975851762491,50.020078478676005,3.3621353872162834,SAFE,NORMAL
6.912001375018798,3.2463640652081653,470.47053757839285,27.51234355283986,752.566835860014,46.065615450432325,3.0520835982884345,SAFE,NORMAL
8.007730513979023,0.35592622444010974,377.2867004583491,25.786738102699474,701.8188191900674,50.99738510136826,3.456034498117065,WARNING,NORMAL
5.891180810213206,4.721143816048637,454.70856657839687,18.53583553467162,902.3438295217754,51.33980727548505,3.988184385494576,WARNING,NORMAL
6.928035457371894,4.121265131862551,460.0427783972264,28.689691288710545,868.6240869437613,39.16882030661891,3.3927077263853165,SAFE,NORMAL
7.333296722947541,6.130500625769004,408.1293928270785,22.275214901974486,539.3128632306225,48.329459437346635,2.817213368635319,WARNING,NORMAL
7.514453104899524,2.072977497295163,577.9091744581948,25.477915017650044,756.9425870523716,43.61040587387505,2.8547738456786877,SAFE,NORMAL
6.843135314766382,4.849465792846681,346.2830741964636,25.98240172195534,818.44925664495,59.105415639618094,3.0230506518823614,SAFE,NORMAL
7.224108708194089,9.645600425530462,463.84077484726043,19.61524250217171,578.8414308671563,44.562736845567834,2.8361311148278485,WARNING,NORMAL
5.458170852610907,2.338621248056426,664.0200015955547,20.06260266404472,862.6192501122216,46.03972381253656,3.5801133748947667,CRITICAL,NORMAL
6.739226111366307,0.8325457333041841,487.355834091647,29.18150234711472,829.1781322593366,42.738053766132374,3.6227212187393563,SAFE,NORMAL
7.517456098788127,4.64052253470116,354.41744307557485,24.584727367116862,625.0650505758605,49.76106847244112,3.8298146142505187,SAFE,NORMAL
6.512394176021725,2.174176515235718,491.7018957872291,25.428373529175374,455.77797489227,48.78283828941351,2.9876207220254543,SAFE,NORMAL
7.241288955112719,1.1749121523449573,741.8432370216149,27.291366418542665,805.5233519186557,61.8544704655607,3.777128203459526,WARNING,NORMAL
7.512810750561889,1.4008410209562145,454.7072676434198,19.96713598718183,1053.630204980477,49.757461820048775,4.041631818901336,WARNING,NORMAL
6.960215559399565,0.7127002281061651,545.2344897273651,25.369178255079106,745.971839449887,60.76291464123879,2.536755404389312,SAFE,NORMAL
7.3193246396976,1.1794818525441617,450.6218981224388,26.55752368580474,815.4489719325766,62.306178154518285,2.95636766244671,SAFE,NORMAL
6.526087204300771,3.9024876214961193,483.05413180359767,34.058140496312646,490.2396705531967,47.170193117391946,3.145927357133329,SAFE,NORMAL
7.0553721042127675,4.009065188356163,440.6093741359832,23.318833397343457,691.3978660983971,48.59991448714598,3.6111451923562052,SAFE,NORMAL
7.627151318712456,1.5267710841510471,327.8346555113924,30.155518324496846,679.9370186352794,45.409679697910505,3.870067335531496,SAFE,NORMAL
7.309881072677904,11.631476261878763,494.8749435671787,26.992821609265665,540.4453230987829,40.178316855322606,2.3347206722408353,CRITICAL,NORMAL
6.789428111305245,3.1967331263263645,303.2382646278262,22.457639681113506,779.1613923649196,68.86831424105908,2.865214895347431,SAFE,LEAK
7.356951483003555,3.724688388630105,412.50718298558667,24.468235213004437,772.2508113009051,45.451852634952054,3.7727526964549787,SAFE,NORMAL
7.700226853445633,4.316512469060276,679.4038726632641,30.46505744651089,647.0543374764502,42.78632895730459,2.773993503669996,SAFE,NORMAL
5.765041104995766,1.6085911797571284,441.36412164364964,30.107981946391014,697.7078519025371,41.51344909814635,3.599106017850138,WARNING,NORMAL
8.011351845469129,5.5724562024764,339.21099547548965,24.918881358972495,1069.530719102796,44.99695638991498,3.486780192121543,WARNING,NORMAL
6.96462168292325,0.6201896080055921,478.90627202346025,28.37489885555098,588.2904084162368,47.57110562792923,3.5886375472925613,SAFE,NORMAL
7.497842953268162,1.056163747405242,383.57015868764427,22.85194121286656,496.35594202265634,59.94119043036233,3.5950201545367433,SAFE,NORMAL
8.03807284655166,1.6214124249726451,463.0333629650185,26.29376778713494,492.0322210912654,64.5018487404831,2.986684284387962,WARNING,NORMAL
6.239828411938674,3.4741125433657296,308.81424312705076,25.28162750096678,744.8474425251446,33.34841878349095,3.0670875028247986,SAFE,NORMAL
6.703391298300717,0.891372738441062,543.5610017246361,30.72710906210051,241.9869071856794,62.70096796158326,3.0272905011092806,SAFE,NORMAL
6.9980159128870065,0.9749034968994826,464.9567212737418,28.85137031627908,608.1417767141246,63.42098581637821,3.312628630368057,SAFE,NORMAL
6.6513725352129,7.693274878519269,329.7721499191037,24.295731066521515,525.6394896970122,45.04064583140673,2.1344188607106656,WARNING,LEAK
8.414455603085766,7.035147143788714,493.16675101722933,24.694026652286038,689.6947178056864,42.71237383102651,3.441218453971428,WARNING,NORMAL
6.600259534321245,0.8547652534313813,682.2213002356567,26.883800189941347,690.4421260710329,54.1751204418424,4.061244614072362,SAFE,NORMAL
6.811117254359194,1.4886454797218516,354.49510969995987,26.354852665303195,762.053431798068,44.89483244532218,3.298669395065614,SAFE,NORMAL
7.343072322122084,2.8235244299425815,540.9154287117053,25.881906013184203,810.7934242165825,61.983453955371004,3.1388300079357223,SAFE,NORMAL
6.358495331746738,4.502950085840981,500.15215927482103,25.592181082977092,905.5234779305953,53.92685785437253,3.2367779785443713,SAFE,NORMAL
6.923023501770616,2.040131231630203,498.39584916621436,32.51674791753916,636.342769034828,43.96497603884259,3.4653433953468853,SAFE,NORMAL
7.422217282875123,1.8390984827881593,558.0310827864679,25.192318867605973,580.0617193219856,52.33872235917362,3.771679780600344,SAFE,NORMAL
6.966997716932243,6.456667648527999,416.7598580395366,28.19992481105031,853.4738008072875,50.56227560213689,3.1660661044828915,WARNING,NORMAL
7.134629198770036,1.6139967139283327,468.2802191792721,36.69067550215608,401.38558757932367,34.6373872902329,3.1165594947876127,SAFE,NORMAL
6.829467521286141,2.323822705653379,461.7910818081832,23.61404427990049,836.3254356175987,42.10365094292894,2.5130360335172472,SAFE,NORMAL
6.139870783573463,4.19516054676746,347.312209362855,27.770869373958934,725.7441235744402,44.73781119625511,3.2234642011248984,SAFE,NORMAL
7.425115247937467,4.3257258796672,505.0556999128007,27.977858973404974,780.8271074503677,53.03590714660309,2.599055950241408,SAFE,NORMAL
8.42845315015307,4.011334131082154,406.5069814691289,26.955611791575265,765.6941284465213,54.53102811883299,2.9263362435214972,WARNING,NORMAL
7.212881141548407,3.8417579023453032,669.626209192865,27.164425936320477,724.5573947618857,59.652367780107625,3.6387590739893225,SAFE,NORMAL
7.3576848820732845,3.4883904073478607,389.0568501755178,23.48406187709086,731.8894769552313,44.3625539363764,3.7104405992741096,SAFE,NORMAL
7.684905928581802,2.442703379131186,291.56303086461253,28.435377530375202,500.0940857822028,38.1433093075156,3.431625972317571,SAFE,NORMAL
6.311468652417311,5.56483128593899,584.4499478017503,19.651059140841156,582.7735267540315,43.22381186676013,3.807226225877255,WARNING,NORMAL
8.391760260690724,4.485024852384714,360.6904726632274,34.19134907128401,1019.9150263226666,44.351528089909735,2.3749926088809548,WARNING,NORMAL
7.3416301574959615,1.7965680420932413,304.40496527352957,33.85215713233489,821.1143837834563,43.58567956302433,4.01402860489827,SAFE,NORMAL
8.342299829362377,2.3659443667910085,496.5033549890574,25.683072667372116,890.9085404639625,49.82722462439297,2.7755815399087975,WARNING,NORMAL
6.686876903133207,0.9655352333503835,609.8993231940833,31.207006799837508,637.8330728177559,55.5857730254862,3.3504001806139616,SAFE,NORMAL
8.472643345790477,2.007420813430928,538.4817312069686,25.826523538812033,714.2847041770515,46.705182205927684,2.8672531266545787,WARNING,NORMAL
7.742608845824348,1.0898493033591499,381.39037326983015,27.039240113085828,794.8049382640045,54.008767078184405,3.3550005708951804,SAFE,NORMAL
7.587128060096651,5.672670815802178,465.42707056432636,24.276258444202355,917.0273451190004,57.760419097004764,3.208934900820203,WARNING,NORMAL
7.363817118047204,13.27857824835332,415.5154032362643,30.279088139006156,672.5253325983542,49.91564403593927,3.7687525229969014,CRITICAL,NORMAL
7.026029967347886,1.0070004467673122,649.3025893924955,24.674844173902354,785.872121867691,40.9004992168137,4.432485338892355,SAFE,NORMAL
8.04037216093171,2.5645793078055354,397.52325285746497,30.140619431798928,827.9254301179844,47.76744189895364,3.6409085197086,WARNING,NORMAL
7.298251908893633,2.2474167013765984,461.8797669149756,26.83182492814276,868.2837250539839,58.1633368342068,3.1402261447283504,SAFE,NORMAL
5.8230512074889935,0.3104942636430131,470.30979140911955,26.931014846756018,663.706412760654,55.042105537114836,3.9664281456220825,WARNING,NORMAL
6.417969476805099,1.6731117945631615,310.77395315606515,21.0347108618864,930.7102371270755,41.46146190197426,2.351476166026106,SAFE,NORMAL
7.069907973465077,9.393696756618233,426.84993929639336,27.239408122377316,443.9575475253361,59.419598792286976,2.90971678170089,WARNING,NORMAL
7.416999288215889,3.3013000204649092,428.8077937360868,22.41663544128874,496.69213428837213,47.35515740853212,3.0845648443360556,SAFE,NORMAL
7.160388057770073,2.5975643214114332,615.2205147382635,27.246377766334756,786.5188906147181,41.418208229945186,3.06133925015086,SAFE,NORMAL
8.053279552855564,1.1050910117546668,473.41680597107916,34.75907305294676,781.7722095958186,49.7447404354012,2.8305243676805993,WARNING,NORMAL
5.834228695172963,5.145497793401014,404.6013062410687,21.44178568353176,657.709480384244,37.80040779453641,3.5479898894427633,WARNING,NORMAL
7.300511555553612,1.9413175744162567,432.58577239966365,26.4123782998453,620.3888987269016,55.20176269208445,3.198917903623134,SAFE,NORMAL
5.927414542228992,1.585128614970541,441.96487993182893,24.458009036799428,622.788809255983,59.157156138853914,3.131699302086566,WARNING,NORMAL
7.731798606838918,4.7886566463949825,445.3303506108029,22.8387268090187,538.1712387085784,41.98976684176159,3.9046663035654254,SAFE,NORMAL
7.133878899890599,2.5806816338846037,561.2915723029926,23.835034090410495,691.9107863014392,48.653278656067776,2.9767925994976387,SAFE,NORMAL
7.4937269804168825,1.2629424935787317,567.4447355585753,32.88329149079176,419.91136560706633,56.972915276326034,3.71382245685349,SAFE,NORMAL
6.595281927587164,5.068829063923133,331.1156689279861,33.94594401536786,903.7623442159158,39.353146162543666,3.0629697492392136,WARNING,NORMAL
8.095625452160427,3.215459667459573,578.155160944091,22.814620260975136,768.7375318926752,40.228922336565084,3.073785196586109,WARNING,NORMAL
7.929207264841196,5.110869032669745,540.1616953380156,28.603636858487643,932.8782262122251,48.10381450303618,2.819722150662189,WARNING,NORMAL
7.608481012108322,2.683718258948995,443.6729898918022,23.324026745775008,728.9878913374596,47.76872433428245,2.4723444612350995,SAFE,NORMAL
7.109337927195591,13.951633962596443,273.1242983548686,24.28670512243708,693.3086377027297,50.39043206695268,2.8692935553970957,CRITICAL,NORMAL
7.605900099706592,0.595143572249123,475.517097879219,18.80307312186189,722.5800134697264,49.15939381654824,2.3118740702294014,SAFE,NORMAL
6.7051752024088564,12.924168965604519,407.52690209676337,35.527313871196114,574.0843861141926,39.36161311966682,3.3279027459647064,CRITICAL,NORMAL
7.798888961314499,1.8034625552765116,516.5858766114823,31.393274267814775,476.1788556535939,37.079893125393646,3.0425165929050033,SAFE,NORMAL
8.354636626026744,0.63166890558575,527.5924077004518,24.39326030470068,522.7886160293745,39.45504912842008,3.742065371286693,WARNING,NORMAL
7.949427391985431,3.4451581192341947,608.2890753671063,28.13935720474596,623.2655467277344,54.02315824440407,2.8374606770563995,SAFE,NORMAL
6.689278271134814,6.4322324069839585,322.6574763311004,25.40007335996689,540.9972511615697,57.60859348281983,3.0711629006698424,WARNING,NORMAL
7.452992122091172,3.984765396434752,706.6040690374261,30.783808564143524,942.7692765958252,49.28809920413448,3.8089018261760597,WARNING,NORMAL
6.294800919368947,0.4906761285941747,557.4344792280715,25.63497591871483,573.0334711098774,55.68427221071562,3.645010304651401,SAFE,NORMAL
7.6006732178229734,0.5577398378191017,535.7101015078681,26.220901435200336,770.852519653443,45.13457038355542,3.2681582664474984,SAFE,NORMAL
7.515422389003778,0.6926607533493583,679.9690574878293,24.35178711123709,805.184949691706,47.062933819594,2.6826212601837054,SAFE,NORMAL
5.891128562327485,1.6656142436685224,488.1405158369636,29.415572049446443,922.7389394616425,57.3933278706786,3.493392319619366,WARNING,NORMAL
6.386751309261346,0.8114639897607737,574.0376613214484,35.837313417856265,822.6991316063821,53.72169160204665,3.055883543945145,SAFE,NORMAL
7.001802772279364,2.354195214782294,470.3725679801126,25.86296378171813,668.7767879378166,51.4123378837402,2.940020362636213,SAFE,NORMAL
6.989398177001422,0.3966253170878849,550.8982686810853,25.817080516516786,1007.0747760900008,48.820690058460826,3.865639582078696,WARNING,NORMAL
6.353366145206836,2.4819810086560303,589.3928328560174,26.899437609816545,476.0779148487719,40.734379164767255,3.933172396209678,SAFE,NORMAL
7.472285110546529,3.83028785406069,577.0713676940882,28.040835975835176,530.786218851525,50.68404628656082,2.756681031528494,SAFE,NORMAL
7.376031526258359,6.422036514391612,268.5617651318111,25.8040915796961,739.5858006812642,52.47950944816867,4.0580374936358865,WARNING,NORMAL
7.064011607615036,3.3994278655594257,400.34188367349645,25.430954571902802,715.4580137505737,67.66496432586624,3.155163136177998,SAFE,LEAK
6.670945949889147,7.381623588034441,590.6162604501214,27.3300965653165,847.0827051210541,49.36846448832878,3.5913704554290296,WARNING,NORMAL
7.934094988491594,3.4040117230018416,509.77634719681515,19.995725657750892,728.8993488962099,47.042692316143075,4.115635225101935,SAFE,NORMAL
8.358784979161808,0.9416267565976297,444.06851517510205,24.81039622895087,766.4262476256675,52.25492039336926,3.118554046296079,WARNING,NORMAL
6.861506961307424,2.162548059852947,510.91801182608674,18.99602733933829,879.3099437917559,61.5866251096867,3.330967505796779,SAFE,NORMAL
6.771483157991626,1.5919350034083244,317.55662758148554,25.029312645445298,725.3392479247,52.81663642965548,3.5617257645420963,SAFE,NORMAL
7.543845365788398,3.0583996194247236,544.3774222752957,23.20695936556782,822.3269176657279,48.56777627291595,3.9901502536222577,SAFE,NORMAL
6.94937943417711,0.2796519268061638,494.5750864741219,29.507926659187333,563.9846374461681,43.71964746097981,3.209969992122432,SAFE,NORMAL
7.102421959535736,6.926496014120426,460.22999715514163,24.059142486389867,575.8596336891502,43.3397496991939,3.60468971689078,WARNING,NORMAL
7.717757206207271,4.647761344037445,428.5305789455687,25.537949454876916,858.5862556549814,56.24908083424604,2.8128665237308086,SAFE,NORMAL
5.863450738744895,2.86446473631928,477.72696638783793,18.40859937469707,721.7840455679052,47.6976342084853,2.459226911785936,WARNING,NORMAL
8.12281162739687,13.484442440939244,417.0872231670837,31.089582013900717,730.4729604584065,66.05573198486326,2.86076136170288,CRITICAL,LEAK
7.250876367030539,9.331716026303924,411.1341310942731,22.654400453593524,575.1685914384216,50.672038299851614,2.859376439669984,WARNING,NORMAL
6.911954798806474,4.334687376885722,664.6639793140882,25.069316512232085,626.4357614171877,53.90458459049264,3.6875615029373563,SAFE,NORMAL
7.137536092044986,2.9548798091035824,259.6166827610828,30.112387860592758,751.6068483194764,45.56669633078996,3.163264287241289,SAFE,NORMAL
7.173700548514363,2.343532628042476,262.08374443838045,30.127373252974287,645.8020861354865,43.420849401607256,2.8945730958027154,SAFE,NORMAL
5.988159087588553,2.2015978528307496,543.7821783256445,22.556765504977825,544.8496864441652,56.11051364591811,2.7563503602648325,WARNING,NORMAL
8.246456759217265,1.5462229571889994,303.63172724083825,29.10778487613728,546.9419743327387,59.56511041679735,2.991152830020568,WARNING,NORMAL
7.228927942589433,1.555342325939569,209.57634967054082,22.4050854871628,585.280326661129,42.04986367867146,3.658621776708294,SAFE,NORMAL
7.510101491313163,2.7353326758633716,571.712038556389,27.92924017944928,638.9901489292554,44.12027237164477,2.75497974549572,SAFE,NORMAL
7.866084839401831,6.097253999344412,601.2083275404211,23.862971256117582,650.2272346253275,44.72889603246968,3.136330410423422,WARNING,NORMAL
6.48518627970779,2.710595085110245,293.03570671670343,22.939549854874784,982.3078159445802,55.413112233571916,3.0088973823084624,SAFE,NORMAL
7.53143032932466,0.7713098061785634,234.5606132338529,27.140995029593807,866.3513829358687,52.89394113381968,3.377106797868986,SAFE,NORMAL
7.012651236370845,2.248638082253143,303.7468520172981,24.105941209272817,753.445565243824,49.20587297294393,4.120459690101613,SAFE,NORMAL
7.792739542651546,1.192533789805991,366.010870587912,35.07432129844608,1035.2305542766815,43.76083179382241,2.8740100591768902,WARNING,NORMAL
5.710940805753953,8.166661985291986,679.6695415648386,24.528893535544956,679.2022892904594,62.863307463703705,3.358692967995153,WARNING,NORMAL
7.130633989831112,0.3074843559253759,398.4303496454585,22.2321740534197,785.5871681884897,57.82081318918295,3.1923370012068615,SAFE,NORMAL
6.778025540951227,2.9248717207519324,549.8229244336314,23.40456731156951,759.186457547607,34.036950802007176,2.966947403308877,SAFE,NORMAL
7.502584065443909,1.0848747024234555,536.6120707033386,26.93047706831344,785.058193159434,56.853755344483695,3.225207542427001,SAFE,NORMAL
7.529030931157742,2.341273266054647,608.6905418524609,27.44793729275249,565.2840455175434,47.69063105080855,4.10989958019559,SAFE,NORMAL
6.704661873624582,2.8898802496370215,374.88230969637345,28.238086998261583,645.2012361840506,45.187967311564535,3.1654794146673613,SAFE,NORMAL
6.70147829507677,5.3257225383728395,448.77670465813117,30.64603594754079,553.9242541660727,56.129792756309826,3.1654163971301372,WARNING,NORMAL
7.12253424200987,2.0215868535987593,423.69609350705497,20.316382263262472,773.3783683786871,52.80797387362159,3.0106141444795673,SAFE,NORMAL
6.5723504408793545,2.8228297123210755,514.5594778882601,30.828649760889604,700.5989355249751,50.7119767062408,3.4076988460517517,SAFE,NORMAL
7.789388586816489,6.96240612813441,595.9060739109705,23.344386144015882,361.20961076568454,42.80530393925917,2.700060529717664,WARNING,NORMAL
6.941554959686788,6.949314461391724,711.4099449645448,28.60661169487855,792.4393954353205,58.1176803758962,3.260723171072549,WARNING,NORMAL
5.165108246474851,11.337703471366215,403.12456286799915,33.8844163864128,739.0125617559357,40.10872749352025,3.4229121602958212,CRITICAL,NORMAL
6.9376245603647355,1.272754466226137,466.96568115615895,23.80695116704349,1006.7609490087331,56.19302201196934,2.7759392889844823,WARNING,NORMAL
6.473019325409219,11.46121075424396,554.0061594251463,23.641291015295252,866.8624200729704,50.717708681936834,3.9989394431118974,CRITICAL,NORMAL
6.058106929177338,2.2271587844443457,523.4122208338292,22.902869535616393,900.3106138389021,49.71423418145186,3.9806204447296674,SAFE,NORMAL
6.3338013532441995,7.988585837666884,655.8105834399029,25.648048298856473,496.8086354772693,45.59071672520351,4.323840108270724,WARNING,NORMAL
7.276585930283079,5.168035472486617,437.0566765288372,32.06151456394402,901.2803775245964,51.31747309240597,3.4856798535825138,WARNING,NORMAL
8.130048579773762,1.9316508999300357,402.3074509343611,22.54278566147387,664.9186493484725,38.99504581423211,3.4077945713579374,WARNING,NORMAL
7.419229131705486,9.9471908793056,615.1555293375359,25.02498643255374,575.4549066383637,59.87714249798307,3.1610288766793033,WARNING,NORMAL
6.775447628248982,7.412951515563875,486.36605083441793,30.902955779101763,277.8249517777723,46.77600013734852,3.234084605349519,WARNING,NORMAL
7.519132936619492,0.9057136946204415,514.8288652901049,29.495805271506395,936.406645212039,44.481796861893955,3.6635086411891846,SAFE,NORMAL
6.878636782846706,2.066409289319089,441.27806961548583,25.001137313337175,648.7768158497838,48.42564457016368,3.2085927622338413,SAFE,NORMAL
6.713779741585799,4.685923257088058,561.2516974669363,26.156322358810087,678.0005747714891,47.01100689835247,3.124588104585899,SAFE,NORMAL
6.391946132236911,0.7559587327425763,346.19076928390587,30.66341223325633,757.7866362156375,59.947218737198796,3.4794626833195625,SAFE,NORMAL
5.973719835273797,2.6553973274199074,395.0071301522273,33.32705481184592,1035.2139644224876,36.13309309531439,2.886830386127644,WARNING,NORMAL
6.9270534054083885,6.0999943332008915,132.211539438407,33.8040496421469,659.3495452526893,49.406358071754745,3.9901630535005426,WARNING,NORMAL
7.310637442944093,2.653931046576364,374.69139834923294,32.519206212751655,697.2221104567044,62.66196366493256,3.2042053133906294,SAFE,NORMAL
7.132363430989577,3.404706129743895,561.7895547603944,24.31976125653864,874.3568211616764,50.54623522104687,3.5823779172112813,SAFE,NORMAL
6.908823150436849,5.782480376728167,455.5699603481749,34.27451108814227,649.7593843966108,51.50759074887467,2.7991932751735975,WARNING,NORMAL
6.5379777575122535,3.995537552533819,339.12979306760786,24.044494014577552,550.3796701964891,49.77456591741955,3.1782704556501327,SAFE,NORMAL
7.625772334179478,2.637879131723098,621.5357650891865,20.395478105475647,306.0929874096776,44.80741171809405,3.003159946584943,SAFE,NORMAL
6.27800765603739,7.903954040161683,466.6212699621282,27.449446142975418,940.5311314300692,54.32145267308714,3.024249508025987,WARNING,NORMAL
7.743219539690433,3.1479639366281216,653.2500749057706,32.904866072118935,742.9710991040938,48.46651484414113,2.6312643766630153,SAFE,NORMAL
6.498448086751293,2.892003380252622,552.8025347182336,29.654498873284922,798.2903927614883,51.12622183642022,3.7281577312173457,SAFE,NORMAL
6.6732953338528755,7.80736037849186,472.5842506107381,26.7051579434795,612.488826328498,54.3922908730816,3.442245228587953,WARNING,NORMAL
6.173250366569026,4.110894486536311,670.2005946313426,28.165452463935086,822.3538829872259,53.53567152552353,2.4906147752754633,SAFE,NORMAL
6.8490184971800545,1.1238729127578804,405.04061249912974,29.12852803134398,594.9166541462641,50.77496405642027,3.0937536126938867,SAFE,NORMAL
7.8827187209345855,1.2583419520754553,318.61315371874895,27.59026917821958,729.2807091959712,57.188486692514886,3.0912379177342393,SAFE,NORMAL
7.56093966191077,1.5857568195787537,641.9221044976807,25.81857058924722,719.4047123551516,58.093457301750504,3.3994513551876864,SAFE,NORMAL
7.884895478419625,5.974072605058289,522.5436367415916,24.03702152444382,903.280782253573,56.27788069736332,3.1274325850118156,WARNING,NORMAL
7.565499782153755,5.532667704736465,617.2562821371923,27.449287474544448,816.4611969840353,58.44241723948424,3.7435179755275465,WARNING,NORMAL
6.427431120028742,3.3563243280163895,555.7637318102913,26.509798276324148,587.2225994060889,60.84607595239684,3.682040451616791,SAFE,NORMAL
6.9684475429707105,1.2736182898286763,647.2171525172308,27.01442941483052,808.2295326033559,40.349177905455186,4.3034197733969055,SAFE,NORMAL
6.653860609617777,2.1810261116905174,388.61745979490325,31.183977827836063,633.9182211723457,72.061807636824,2.086607839684667,SAFE,LEAK
8.131402432827329,7.2776589084246215,427.3638403377389,26.00944898070272,553.7988705775349,51.25188831063692,3.8836845266610087,WARNING,NORMAL
6.362247947501582,2.5854459980716964,426.0995771927529,26.167475669821982,799.1763377746322,48.0552089652944,3.5974427758138776,SAFE,NORMAL
7.825588382572378,2.5010153659018863,427.71786046456253,27.75964359775659,734.9184392108353,51.34868774171854,3.1124359758305613,SAFE,NORMAL
7.825067709076139,1.697258300193316,261.95441126327927,37.50343358127199,484.7326074164756,38.19449704626685,3.0716826440904548,SAFE,NORMAL
8.48073414120126,6.106591171346807,469.6124786656971,22.632414471831243,607.2633467156244,51.87243907414721,3.155866460672451,WARNING,NORMAL
6.913219385159352,1.4858949897350686,544.929053264706,31.367504024989994,834.1737565652039,43.65515981084343,3.323933048072382,SAFE,NORMAL
7.698625511706114,5.006200732095748,368.33783132599024,25.804026607308966,770.0406917820129,50.581138200059584,2.929564033102211,WARNING,NORMAL
8.79715628557719,1.950433258619696,340.35975630645146,26.75604725431456,777.5882148985611,51.158617886873515,2.3981821904660254,WARNING,NORMAL
6.767650826146412,4.350732058818321,433.6862450330791,21.751343480578416,1032.1611778914353,45.258974057542154,2.940180931230412,WARNING,NORMAL
6.125471826727349,3.604652905148669,544.1453847089477,34.52185140059272,879.2798135895653,35.57062917519096,3.0671229355041354,SAFE,NORMAL
5.883992976264565,2.7793491399204755,320.91714900931026,27.890143364557957,678.9784588240979,52.18968175934357,3.485071522583191,WARNING,NORMAL
7.698898420202932,2.242675581191216,730.2333343892105,29.63530897917281,627.2895411665551,49.991597781420474,2.606021082952577,WARNING,NORMAL
5.881794854358992,3.886095714512017,294.10248698931673,21.004700344418552,577.5765973198386,51.53877573383847,3.5213099020161156,WARNING,NORMAL
6.939376662943454,3.5757548920486286,381.5151056731419,24.43092603475655,617.2390938823739,46.627940819973524,2.597671334862898,SAFE,NORMAL
7.506119230927273,1.7713010446594135,586.0896355282784,28.649905356592622,412.1544210807329,44.74465102975401,3.3986204497970545,SAFE,NORMAL
7.32962287578094,6.592162712687559,566.1038223124751,26.356089172540912,481.102737104644,48.27923879919359,3.4761826961789026,WARNING,NORMAL
7.497811404928921,5.619632332922516,555.5985018359912,28.786715745879576,818.3970167100409,51.11320671241827,3.134814987746362,WARNING,NORMAL
7.355602899060598,1.2988997704049665,367.74773286725747,35.41140008456276,976.259967584996,55.38937480702605,3.2230707713580173,SAFE,NORMAL
8.095206069319376,1.4438449977979049,390.52075032974653,29.018452809278653,709.9418497323478,43.51858399960346,3.548730201583774,WARNING,NORMAL
6.533378533482843,0.44901259084578843,347.22965124463565,25.20501961252029,573.5280834854859,56.32921220883849,2.9089625840586546,SAFE,NORMAL
6.726103403079028,5.235860063969078,411.5768376438423,24.394556673228166,100.0,55.23077276248258,3.3544095343885023,WARNING,NORMAL
6.659138388310423,2.32444084098742,495.92955779378656,23.93861612805282,1006.6952710555513,54.16488104641205,3.024624909318176,WARNING,NORMAL
7.781134268303827,2.946947904366465,346.6472555528523,25.289439187265657,459.065946030817,64.64204151150587,3.9750780628439704,SAFE,NORMAL
7.830279011876545,1.3966980070581247,240.21745833112053,25.458076560679302,435.0202528610849,35.92484041138386,3.4716146768122425,SAFE,NORMAL
7.515857723522956,2.9518333603227163,590.3063525217156,27.475660265498245,646.4587808216083,65.60485021748809,2.6778922393212645,SAFE,LEAK
8.028445566822949,3.728443422024227,428.3800567390328,29.113293826084252,692.3813362642626,44.77069722347783,4.1089011621491975,WARNING,NORMAL
6.375371392836533,0.8595290811539192,539.7704336691853,28.74181583121113,701.8653603597786,51.93240540613706,3.7008784414081575,SAFE,NORMAL
8.367056878085796,3.6675700346453906,412.90278190212695,27.5284469324325,546.1105188845452,50.352422758009254,2.5967778801929495,WARNING,NORMAL
8.266267035198581,3.5260057993155876,515.1355020660135,27.804662353246066,774.8283982656308,39.2943881589208,2.436874929316697,WARNING,NORMAL
7.714935398072023,7.558136029648557,729.142687063634,37.14269456511388,606.0821297459669,54.23207456327782,2.586049635307944,WARNING,NORMAL
8.447259236139741,3.8354920929438325,312.80562399187784,24.110274800229284,610.5480133174923,56.910092163026015,2.708950624868973,WARNING,NORMAL
6.040363754625559,1.261092917698952,356.64923630004773,26.852587650009557,649.8315567818071,53.377652515699836,3.275641062775039,SAFE,NORMAL
6.832886304616144,1.3635031798513568,341.9113876057547,19.85889692086944,578.1554151727354,38.1852132835421,3.241121659617582,SAFE,NORMAL
6.685287577522634,3.4918831255554137,702.5015130140122,25.46834565772415,474.2278721960727,40.078668344819846,3.5674052119442385,WARNING,NORMAL
7.705035526630141,2.2665405619536654,447.830890397313,23.404796517106945,485.97843755776046,44.4217245537497,3.0446249665455807,SAFE,NORMAL
6.464901482278498,4.960331965227403,556.4973072731711,24.080576072246515,501.0727781255132,60.18207754141526,3.0696853251071663,SAFE,NORMAL
7.73024660453624,0.8237717854848429,132.7409474443806,22.25694260604228,782.0939855449857,50.768961427438626,3.2562555903966275,SAFE,NORMAL
8.159375300797699,5.397205405757805,494.93505686389443,21.59151471769458,771.8413627716441,33.994640077237996,3.7629423886449755,WARNING,NORMAL
7.6866420300588,3.4044955009948197,406.7027820986038,27.489236763951705,651.623852673111,66.51459352981102,2.253718543979939,SAFE,LEAK
7.398625716563051,7.687189717172861,616.6331744271523,29.841332346701908,660.5615528447094,62.00194624355498,3.071786138215034,WARNING,NORMAL
6.5084886613694755,2.7151875635246863,529.0513029388927,23.913877195381364,910.1569972526047,41.306079426964985,3.8593486957140883,SAFE,NORMAL
6.607204323712245,1.3109963857244653,399.63463961839176,18.888928307340052,792.5574674767732,46.72576126607737,3.233890249153302,SAFE,NORMAL
8.074733233707667,1.1935270919439922,639.5783093799466,27.444345670787794,981.6793684328763,47.70942740372052,3.05255800092267,WARNING,NORMAL
7.745544302733733,3.8359439203364514,650.5954149495724,28.87783531546017,596.0839370731389,54.18525550218803,2.792681642140596,SAFE,NORMAL
7.172686336435719,0.9760166307518835,630.6826619210497,29.694921953102074,490.3079811130687,51.59102409518962,3.6512569425113433,SAFE,NORMAL
6.9074633179638765,11.391510566331124,541.4991520257367,22.914927729664818,879.4427796514346,44.54961169075014,2.9593470139120366,CRITICAL,NORMAL
5.781934488822037,2.6312267072127846,416.72600128348637,24.576344113502472,696.2981093871568,60.48881313823052,2.955389981395375,WARNING,NORMAL
6.450403306920893,8.248571653227284,477.849143580315,22.560508086044724,555.4891179299199,63.95182353726781,3.88186823430845,WARNING,NORMAL
8.537993360997806,0.5958053552144301,399.9941692526223,24.042916517506093,787.9837554525479,49.60439425299288,2.6765607716193376,WARNING,NORMAL
6.303681100298274,0.17191402811559509,476.55658727718674,23.840922187138734,573.0970523645182,45.410316772078076,4.01568876217034,SAFE,NORMAL
7.332635874854756,1.5968047029657235,378.64443500959294,24.96086593331585,824.0192703239821,62.76096334880012,3.28453466098562,SAFE,NORMAL
7.905210781236639,4.016854221224474,429.6384205838094,25.994252990106023,787.4713007724347,32.444344671568125,3.2122726047246695,SAFE,NORMAL
6.321554132398395,3.2542932311438633,707.2258513646359,27.45872463702604,659.3265776141287,42.845141231585266,3.3427019474073574,WARNING,NORMAL
7.3292973323467585,1.817157358906143,487.31285349199743,23.617906433658487,396.4001976334893,57.83492488322252,3.2103905204493186,SAFE,NORMAL
7.8565408762574585,3.974350659635255,398.4152718945489,26.441052471304914,533.830519646998,61.13234920330321,2.935969382956064,SAFE,NORMAL
7.208749525335075,2.4411012209011425,317.9697932638843,23.372698679592315,973.3037771582301,47.443784605154015,3.372085337166459,SAFE,NORMAL
9.207882138966738,1.006000256023664,438.0231946615283,19.979120102396184,1014.1859938695347,68.24238110934898,2.9550672898449686,CRITICAL,LEAK
6.0319805187852635,9.093901590224366,539.4430769748321,29.16244481584781,1166.785926294994,30.44336878612066,3.414020439239879,WARNING,NORMAL
7.941109970918715,0.15392806089516944,466.40463873087145,24.348784113442864,772.0688020132815,58.757859466626826,4.35625531529252,SAFE,NORMAL
7.079038783822475,3.614670227928541,443.52448079223194,20.06763353937658,503.7836747052984,50.69132250716961,3.530081221160611,SAFE,NORMAL
7.740344108385672,3.1003173537097077,501.06792550590995,29.242024920566276,941.0210796258117,46.10678990971837,3.1056609670964352,SAFE,NORMAL
7.508915006189472,3.162320114525349,497.3147455153378,25.99672892957317,652.4497408739359,57.02219809223051,3.327782235709602,SAFE,NORMAL
6.686790662023003,6.2071457973439275,534.6340187971987,28.811245573220283,577.1818998577036,46.87833387673116,3.0400794815943715,WARNING,NORMAL
7.360297474721539,1.1613495075132336,537.8311494462823,28.673457972709414,760.2539248280132,41.30372328366227,3.108085587754252,SAFE,NORMAL
5.899468984021199,1.1043271608563041,439.37156912173884,22.622593987462466,1041.4472280944724,50.92358788935601,3.144138247564371,WARNING,NORMAL
7.622273250399976,6.218138203714701,433.36869009562986,30.721929803694103,681.0443621198538,49.56647369521816,3.4376400357491175,WARNING,NORMAL
7.408710926193368,4.637247254907858,450.0984754011638,19.6691751481737,703.0602849376627,43.75553169957967,3.653395826341772,SAFE,NORMAL
7.647062118050171,7.936682838037207,517.2324572542302,25.411335304575033,424.2133542311005,45.414796874385196,4.2546040815038975,WARNING,NORMAL
7.940682827561005,2.5384898976531103,584.5386507822171,25.146469167809087,719.3954506028931,46.69565996815207,3.524224800653999,SAFE,NORMAL
7.457333888146798,2.473234507658976,409.5751856752099,23.893551677434367,819.7865892864834,36.99001449835991,2.6515782504734253,SAFE,NORMAL
7.303662593858793,5.768243684883255,430.3526456618795,31.904248134579802,684.2240061756246,36.474521558460346,2.559525215460212,WARNING,NORMAL
6.583252164337096,7.189139025094413,352.3854331525222,28.204991572074213,697.5707538963677,57.464715450198504,3.1664310559343014,WARNING,NORMAL
6.701445465445665,1.0181986962958995,270.5694578396158,21.36748672859779,740.5247576635749,38.60984589323472,3.700213494059704,SAFE,NORMAL
8.030714234124131,10.98039270356162,301.4599835825592,21.946205901008646,511.14810079182854,49.85757039406598,3.0960229758647455,CRITICAL,NORMAL
8.205434783994185,2.055959066537391,329.55372035872244,35.61690963242141,290.01014693161665,35.04557561271815,3.103772411616093,WARNING,NORMAL
7.033322694581562,3.588975686252282,370.10778530305333,25.09253278910612,681.4081269823921,62.04912407690932,3.649943858600497,SAFE,NORMAL
7.232201923077292,4.584112018058864,505.1858692456584,23.815804599863064,659.3886931248436,47.84263142343349,3.186616260852382,SAFE,NORMAL
6.566769937504364,6.32531791612404,321.4393499810326,31.625825951069068,802.6003494327226,58.94172106304471,3.717205098252127,WARNING,NORMAL
8.020929791687212,5.122178019423276,452.1219924051768,19.891567914449773,1131.478647796126,66.91529552552232,2.4475905417358597,WARNING,LEAK
7.665791776584245,3.2178008342923903,550.5409325263075,32.54804158004318,933.2842783689428,39.6894068848479,3.438351422631663,SAFE,NORMAL
8.558852205524625,5.08642462728793,350.4171878234989,23.808557724553083,329.74069491693774,44.553924852863005,2.311887952499747,WARNING,NORMAL
6.585173845974183,2.2491442189405526,390.9744341063139,29.059576432263704,1153.741007121011,56.976114683876645,3.3333216666084247,WARNING,NORMAL
6.935394470687248,1.9024420684745484,291.5929720910649,25.084415081287037,819.5215478729191,44.93679734453863,3.6503264548829795,SAFE,NORMAL
7.362012145767901,3.1369611018771644,335.6977126468509,20.702546570705714,652.3578104742999,52.32295238693253,2.3859232195264966,SAFE,NORMAL
7.652542676408039,6.933799122496311,614.3924063841921,27.71387026982825,965.749967726308,50.82061852502676,2.052380754684194,WARNING,LEAK
7.049032653716657,4.508713332521987,510.5990357891551,30.79118511533161,240.4375351502216,31.256846286702004,3.6254990985303306,SAFE,NORMAL
6.58892723668241,2.0987529073413715,707.9466107073606,17.60637748477632,601.9844967989321,57.54935374740292,3.424706443070651,WARNING,NORMAL
7.8169852702465,2.8443891493405475,361.55979782367,22.377034905596034,735.4746910567866,48.90283873313949,2.650723087209616,SAFE,NORMAL
7.704794753781908,5.9742863463316045,631.010775434989,31.951576804969434,712.1180625229774,40.447787094801114,3.3221792089860083,WARNING,NORMAL
6.558608129605393,3.7188560248460996,362.5412411397814,28.590496373489483,972.5340030571015,62.37473353315248,2.9292807178940574,SAFE,NORMAL
8.148809960773846,3.3869900154230295,389.8591760159006,28.855996516199408,912.4882663445221,44.37694756141818,3.110426761236267,WARNING,NORMAL
8.019139096437623,3.4446843325404,776.677311909795,30.723539486740602,822.7822543689274,43.937392806976476,3.065831305029607,WARNING,NORMAL
7.294007548073456,1.072283050932636,349.79325297927824,28.87140467728006,650.1465062583529,35.593209303084315,2.5346399385792373,SAFE,NORMAL
7.255718503663226,0.4928855307052117,640.4002057447188,27.58987614233166,873.0398384272181,54.76032298175251,3.6505478440385555,SAFE,NORMAL
7.587840439781135,6.462008497287143,446.1610684156322,31.46456405172374,592.3483796922301,50.33987037418164,2.670466820713247,WARNING,NORMAL
6.596807850820619,3.1196955788251395,320.7672896801838,25.439570064761277,839.0176687192263,36.094464136192755,3.246327154315355,SAFE,NORMAL
7.221022035414857,3.5148806279075173,278.31607540657956,26.933691098016222,568.7840321897058,51.96501431377775,3.5260285746617552,SAFE,NORMAL
5.693331518773574,2.156653463243917,462.6220391476708,30.303422318480518,752.9549061708271,56.6202968087408,2.7849618178042914,WARNING,NORMAL
7.813518951852055,8.028174823377013,315.17875855398626,23.940521060041203,437.95270867289344,53.69707395119658,3.0625629722520444,WARNING,NORMAL
6.106954744290698,2.001712438807477,414.53462384891833,32.699574706555325,886.3933846229771,60.59768357648524,2.945618567659119,SAFE,NORMAL
8.2523938799003,2.4236452119042733,221.45705765176245,28.165377844456625,619.9766825133265,45.16540672162573,4.062246933677119,WARNING,NORMAL
6.968915934223485,6.3719250981424365,492.5294714053035,22.40442772775924,453.5725589252255,64.1417684595423,3.657449668501894,WARNING,NORMAL
7.051833112648176,2.0583836772005357,264.9065899781127,26.225659693186,526.5419150387501,50.02915011601401,3.579935910308508,SAFE,NORMAL
6.760586265740846,3.5548831083994252,442.78973191442634,21.456853374379236,644.8375011707169,56.403962452056234,4.305208178381035,SAFE,NORMAL
6.998372788254547,0.8738166547791668,283.9447762933088,27.343583782597936,535.8022176752407,60.22100603335595,3.3760533979687843,SAFE,NORMAL
8.192971941603625,1.4123137187109325,597.1054857869044,25.48478210366379,829.6301388773263,71.19681710958332,3.0320213607788524,WARNING,LEAK
5.458533940425445,0.7412924642221015,196.81105964766405,23.541180285760127,650.0076300040313,41.35066005750508,2.48008617072427,CRITICAL,NORMAL
8.093875770261732,3.2373489370784876,416.0466029562769,19.879453008416615,868.2946644445175,44.08455724202548,2.8502356207640496,WARNING,NORMAL
7.436616436771196,3.398875674209965,517.1289881046498,23.832888893927976,649.0773049115955,51.51888974054707,3.2796303162857745,SAFE,NORMAL
6.355084846499949,3.5531450931490314,493.06627382053006,26.277601220955486,829.0742252318255,47.03312591185549,3.66569319429807,SAFE,NORMAL
6.447281324865534,2.4926863658995604,300.3803375828061,25.511996237939602,701.6172504315603,43.58572353864737,2.873054270306211,SAFE,NORMAL
8.373475119045743,2.6013719137766995,241.2305601023183,21.31938479162571,653.3122288107324,37.80124663540995,3.9918350506734264,WARNING,NORMAL
6.538145184040088,1.7547414726536772,543.7669801418815,27.085656257979515,512.6863606560579,51.006986640160974,2.430205564161035,SAFE,NORMAL
6.392654642582829,2.238846666336498,435.15934247782985,23.05786463360323,712.2134035257191,56.363866330792675,3.012266102178817,SAFE,NORMAL
7.9961201796553105,0.921102978657,321.39383047821315,30.68756021926253,832.3712786851605,52.818042631228614,3.4018961578774722,SAFE,NORMAL
7.43698701340014,3.967781578328385,548.1356698242865,31.276517744297198,576.247773155167,36.96094524519452,3.2655858174763677,SAFE,NORMAL
6.543452096424521,5.2945124372195504,382.4757401080196,25.971686143464716,697.7553267453881,37.151069713662295,3.4383626421425553,WARNING,NORMAL
7.351637482783233,2.671297199695652,371.11420105578526,33.30450382964262,600.7160599799502,50.48965603173818,3.26425631839572,SAFE,NORMAL
6.481973121451806,2.6102250523128405,345.99856543760586,26.436145858749995,1048.5191111570687,48.089208712423286,3.5241139856536594,WARNING,NORMAL
7.970574978895824,3.2457614226559257,358.86512160196037,21.798038384399124,756.1586371643612,47.45727836801746,3.07803764014763,SAFE,NORMAL
7.942959675411194,7.882363246854256,354.5400714479827,31.740910776343625,716.1898971847916,47.77927410907989,3.049704715414337,WARNING,NORMAL
7.57240433917536,2.848865897574434,489.3968610745601,33.45645806437712,612.56442945473,46.0146433185333,2.7875100875037835,SAFE,NORMAL
7.4531627428729115,3.0432895064354377,636.0763485906544,30.978489677099983,859.1062302212456,51.19060003433722,4.286856701532649,SAFE,NORMAL
8.432831687407162,13.784919430212716,282.3924663884166,23.944605349064165,699.8778525993387,58.809797948252154,3.1607539509497187,CRITICAL,NORMAL
7.199780429171758,2.5381775346462017,409.0792003446896,22.058546898506833,688.3166166621435,42.52636481260425,3.41776358470181,SAFE,NORMAL
6.37268811220544,3.8940583837285234,430.31361206927164,25.598815551823993,686.8081314995234,53.62279589161641,3.094330921431478,SAFE,NORMAL
7.514631738982615,3.776100346950189,505.7475273198113,36.905624925541055,500.9241078312913,50.66153304320973,3.9959432840663958,SAFE,NORMAL
8.66023293467598,2.2792378092208905,568.5987738727636,22.292474718273777,969.2509479791312,35.735198179303936,3.194394984932523,WARNING,NORMAL
6.489668354769904,4.0819887041246465,430.8765480834425,30.28302044345464,865.5293286932471,44.7548269542697,3.363743878562422,SAFE,NORMAL
6.94697606331421,0.7934913155624257,373.54953600735735,26.629861224552556,701.6055769325071,50.08084047362278,2.7638156032183088,SAFE,NORMAL
7.491512226671017,2.60429163165348,519.368471736961,30.776608765692327,681.4415205470924,67.31514930660113,4.080232314233535,SAFE,LEAK
7.162266605695983,1.382375916690201,253.18828537100362,21.960046863188094,541.3130493629538,44.19855294114721,3.3084971827560943,SAFE,NORMAL
6.51238749373588,4.15688310082759,192.7205684830438,26.001994400481692,434.3167799156306,45.11797471886451,4.098431588477005,SAFE,NORMAL
7.98530049936133,0.6673589705418134,760.8449370234518,23.407801299578985,541.428997785767,53.30525751884228,2.89962772730902,WARNING,NORMAL
8.824028505412082,4.805298461710747,353.0546200061999,23.63539648354286,905.8531725584148,49.09379339550868,2.979003502817312,WARNING,NORMAL
7.337292021316736,0.13380462748446711,400.35296128924506,29.946572159863855,630.3943441068317,39.90643428031021,2.936426833038166,SAFE,NORMAL
6.5671521971848,3.964755694057162,515.257901706207,22.523814487004632,894.8300304981767,36.11986899275083,3.0581661641603257,SAFE,NORMAL
6.115727632462567,1.183524283055782,491.6393110950732,28.159477174170256,694.599726180354,35.10909992284026,3.5352758543060125,SAFE,NORMAL
7.380583186854826,1.824176170179198,556.2285966888227,27.223102060440347,543.6855754728545,56.800205585222244,2.1758473049082494,SAFE,LEAK
7.97271414032138,2.5021384696703057,562.5155696616577,23.184779013765386,567.8790519869981,41.75634774579372,3.175865797398942,SAFE,NORMAL
7.5326174225467675,8.269389931719154,276.9054650527206,24.04911576923436,744.3879247436674,68.95923945900697,2.8096646809911614,WARNING,LEAK
7.198317311356803,1.1707800313401664,602.3136813438152,28.335729948121948,408.49137658290533,45.77493253489527,2.7559744408634894,SAFE,NORMAL
6.787509843747486,2.9353627857387,511.28518451507637,26.899454212338373,561.9335855811217,56.17180640655634,3.434124126855966,SAFE,NORMAL
6.435485457097338,6.769741137640017,495.3618777312264,27.153177949008185,618.3501869444093,40.706000587560474,3.350008020793578,WARNING,NORMAL
7.7843259284274176,3.0379638275292233,500.70217732099235,26.06959187310374,847.698754012058,51.51921620037465,3.6315359238981264,SAFE,NORMAL
7.83964013496991,4.405179612881492,182.12527727057795,25.810707152981674,750.9297196345658,61.30794125770326,3.393691791531215,SAFE,NORMAL
6.117989149316487,6.141254604734856,424.80924123258717,26.913751528445196,733.7317506988763,47.20143914611254,3.2898721671293973,WARNING,NORMAL
8.312887284726479,1.7880977785707215,334.01095234622835,32.756809057277714,783.4084547901607,41.31525371265646,2.9207124630872507,WARNING,NORMAL
7.601849854625801,1.974045740408363,316.726376800159,29.11633192691904,886.1410115630811,47.021602641571846,2.736560277309663,SAFE,NORMAL
8.179716251602056,1.151848965063419,391.4546879181146,26.476441974787544,709.1022423774928,48.2701954419916,3.499557158041442,WARNING,NORMAL
6.26051057606042,6.82485848365943,549.0542580937392,22.672633486506186,513.829273512041,42.11452126396683,3.0720832435604923,WARNING,NORMAL
6.243923091209193,9.126130470082604,484.4631933447353,25.32387906338123,733.8205641173702,63.22364742111565,3.3996081537790355,WARNING,NORMAL
7.095721483162892,0.8653962389270243,502.49695973059363,23.319023876393487,548.7292124550083,50.15002180808536,3.1977438266655067,SAFE,NORMAL
7.551949098826636,3.657683906284637,396.4400643417482,23.81365484965632,327.56745331151336,60.241903139655534,2.1782002414729535,SAFE,LEAK
8.457452576048874,1.8067801082983388,495.15573350292783,19.518209708094652,734.008013856568,58.59505876735007,3.441750346633015,WARNING,NORMAL
7.694255239670592,1.897020670731969,426.114046159108,26.954831108936045,793.0112234426445,63.60962901958654,2.887062174270815,SAFE,NORMAL
7.030123106231577,4.58017111062803,563.8948306855423,35.27090855720398,762.435693945982,39.92741729884908,3.6320991376680123,SAFE,NORMAL
6.481541554633876,3.1247610488239492,533.4791453158932,27.784675993864855,790.9606752823057,55.156397807097605,2.2705640568424394,SAFE,NORMAL
8.061000400903405,4.281489206894446,469.17811472725793,29.90962853997677,900.642486616865,45.96936577131863,4.149530383530934,WARNING,NORMAL
6.5247062019744995,8.957941632933775,353.8448099239652,30.83919384829366,525.5673715254155,48.86346869099397,2.902004367784941,WARNING,NORMAL
8.339927988340625,3.7931090306983704,482.758788538854,25.853206213896087,630.1593119269394,41.352748781622125,3.435596993536369,WARNING,NORMAL
7.0009307452754435,4.696500055526507,479.09432440696406,26.120993256569545,468.3232904561333,68.60054865433581,2.8437110368574836,SAFE,LEAK
8.313407450832495,5.984647683131381,464.3200784486534,21.413333057251897,780.8816157913599,44.118590971929,2.9116695295415047,WARNING,NORMAL
7.675251903041495,1.6555709019538436,392.8964324236259,27.787659209628178,921.1863607636075,55.22236626851578,3.5426486790662435,SAFE,NORMAL
7.10410315739028,5.016238840873367,371.45496227062995,27.223557118159995,601.9944181335774,39.71486031328656,3.0989908459004183,WARNING,NORMAL
6.8364225397217115,1.8567333421349468,488.68444796731006,23.575262183820215,830.0151151738739,47.96433229139267,3.133714882441129,SAFE,NORMAL
6.961364485857744,0.9564936623091895,347.0766398480902,31.594172060092813,561.5162509003952,58.48475339634611,3.6247311674424263,SAFE,NORMAL
7.499821684662667,4.036292885224229,419.7875669682146,23.89345936023203,816.187387101289,52.778740067698095,3.2944663160080436,SAFE,NORMAL
7.2540095473524016,1.0630920490802884,520.4241523030004,38.389495411380025,297.9063945380326,42.46676215262092,3.4241293882355484,SAFE,NORMAL
6.784332014351906,3.1412462121663665,502.97856471124226,28.613785160049193,974.075180501171,44.27923222492929,2.8876425782269193,SAFE,NORMAL
7.084058012777658,2.616626172930984,311.12792275508923,26.912507449821273,503.7507404300495,51.302359844362755,3.5332754487498725,SAFE,NORMAL
7.255003920803405,7.464062010516408,485.8229646412291,34.75576852254286,730.4097714352782,49.86168802098234,3.255802250696448,WARNING,NORMAL
5.709886133909632,1.056860620602175,693.8257682436201,17.867857510819096,952.864819348394,39.495943494628946,3.4151997211845813,WARNING,NORMAL
7.520717680352089,3.810719544865039,531.0714619277182,25.855112608561093,489.7556454702866,46.951665839379125,3.381884334928272,SAFE,NORMAL
6.514195142698235,1.5118013385452744,417.04941053387523,25.265811311698428,1016.7185089293212,48.83253668686747,3.7647770518102655,WARNING,NORMAL
6.392667317755979,0.6701992866940484,606.8993569478089,26.275452948029272,1078.5557911602812,54.54720206858448,3.4524098222739594,WARNING,NORMAL
6.018858957022503,0.3661902307554781,713.9025645466903,27.904492154193086,824.017038402681,58.10445590457723,2.620017942709734,WARNING,NORMAL
5.944275251492477,1.0955476200573215,553.602781752565,26.157688153852195,703.0258258429409,55.36913281690741,2.902755181612842,WARNING,NORMAL
6.251186747821398,1.0504798053331372,242.21316120395298,32.604008225796626,666.7351963047098,52.7162937873225,3.313161616678344,SAFE,NORMAL
6.703685329658657,0.3850807762158092,524.0175694486314,28.741493869071913,803.3632897088344,52.90124228620005,3.3992073396562836,SAFE,NORMAL
8.567281396268598,5.4908381151749985,611.8545147408198,28.93595785855989,834.3143153361198,53.816404767723554,2.537555466722271,WARNING,NORMAL
6.831884226873357,6.508468901288277,202.32738844762656,28.849383263491095,337.64700578681015,57.65420754961361,2.7038089299641856,WARNING,NORMAL
7.324425074387622,1.5935517844325555,562.4538609581111,21.84639946582989,648.7302588546451,63.53515932545997,3.746783049986958,SAFE,NORMAL
7.48033697055443,2.102877901241663,425.62539164729986,27.80786457046936,594.7519473313529,42.21898333350414,4.182902463555979,SAFE,NORMAL
7.291745630351095,2.4705609666693857,607.8526154228616,27.945866703724175,568.702401388032,46.41426928237185,2.3728659597660124,SAFE,NORMAL
7.145789577491804,5.975567539042014,441.4612761845126,22.502770374714586,572.2519071996282,58.084216456052445,3.329092170132877,WARNING,NORMAL
6.363294365480529,6.059550947521295,491.1870862460404,30.54399989909934,467.0592145501601,42.0395891406626,3.22394069519351,WARNING,NORMAL
8.215649283795448,3.760347341263319,493.199116730481,18.850345386585374,978.9769067486677,39.6356058554694,3.7057040041820075,WARNING,NORMAL
8.46503765054652,3.6687384944585424,535.6932825607107,37.07883230950523,594.2841643873262,44.86670519108718,3.4481848780897875,WARNING,NORMAL
6.02213891411412,1.955447779600005,503.6524854869204,26.849884139497426,673.9288210689397,50.5882006206742,3.6145496687417706,SAFE,NORMAL
6.483179986379534,0.37264634590692813,342.1083440866563,23.5781931529244,643.749145270187,46.17285418126678,2.0595835063058168,SAFE,LEAK
7.004132760336096,2.3956608807102953,418.4250567647477,29.470912968403983,601.2238984145824,52.95630013378229,3.196432282084747,SAFE,NORMAL
6.524823543562866,6.790356593495871,449.2103456024379,29.504614855292733,775.0550613364276,47.72615385510841,2.7469122768939687,WARNING,NORMAL
7.554175887419106,1.7251806556033176,597.6429267154203,35.18445679067373,643.800864564525,47.23865175535097,2.759711555009785,SAFE,NORMAL
6.690209458315371,2.223998168349102,508.1190525243246,34.128704862672976,808.9672109716425,36.647438446452,2.5869764342178048,SAFE,NORMAL
8.715539247464623,5.155878620848249,371.0891661252234,21.68066867817437,982.6091615446203,54.79023704865355,3.314189489873453,WARNING,NORMAL
8.033384016040518,2.1477403454623594,339.63656174864286,25.91981622177585,501.9688760371115,54.895377784656354,3.366716722903089,WARNING,NORMAL
7.34880182144255,2.468733096920009,528.5696662993761,23.361382607917406,758.1070308628153,48.50399860294562,3.515472023236466,SAFE,NORMAL
7.918890384323813,5.238221100387788,393.0211458947431,29.96862069711269,752.7839284562144,51.19197057574697,2.998463436657923,WARNING,NORMAL
7.974130297050117,0.36581489270416834,540.3833032868129,32.66002301129618,488.4296986205625,51.17508775355027,3.8920705604963515,SAFE,NORMAL
6.80523675835923,1.0245933109318817,443.30565277115727,21.733658456387897,816.3096769398705,58.410935492207,2.7339752206786696,SAFE,NORMAL
6.628647928820625,9.714241519555877,625.2127087497363,26.74718186219105,652.7864856505468,51.781993934309945,2.4837124138233158,WARNING,NORMAL
7.254700144078753,5.211521857541901,361.5580949057686,24.47254158074131,984.2733837815142,39.31655521922421,3.3093980480686995,WARNING,NORMAL
7.803145287148561,5.700225038788539,622.6515734908035,30.37775979301155,879.8202394832724,65.26373541309447,2.857748499962977,WARNING,LEAK
7.297342279057393,3.689039706109236,568.0171728675075,28.63794183153439,699.9092422227276,60.31166912239078,3.465899039017338,SAFE,NORMAL
6.096102462466302,4.035477392140519,397.1524028265601,31.703256893662537,661.0485090385827,50.39766515642649,2.8711287795094536,SAFE,NORMAL
6.638022889234411,1.7751686713248966,344.60006410635174,25.31574900167596,1011.8660098407561,51.23885156699469,2.910537609200799,WARNING,NORMAL
7.148218995483935,2.3848836187030376,681.3225667788978,26.533403012443774,595.7245346023306,52.31435040717369,2.8699224544375985,SAFE,NORMAL
7.147034076971919,5.820508510779284,341.6845649512536,28.576459897658438,747.6023999400321,43.83464415320932,2.8340036268924633,WARNING,NORMAL
8.580779523752867,2.0261573608422143,486.76593608909513,25.91579932185649,688.2774357561564,58.919034138215956,3.199031298038736,WARNING,NORMAL
6.229808440320702,1.725210130073587,491.44282328814074,28.196006144865393,915.0754608009587,58.08437140854495,3.3195859373319583,SAFE,NORMAL
7.5539124692851125,2.921437958935947,451.2005334897454,32.080593687865786,928.9076366897381,49.30817063170284,2.8330835634687515,SAFE,NORMAL
8.242379175829804,3.7085081595388862,543.7612127243337,35.53438911816325,797.6313492351808,55.379098316957084,2.614676878873149,WARNING,NORMAL
8.790014821795957,7.081359273264633,338.33151506920046,25.046676882623807,604.9950884054376,58.3467738864863,3.4493409794560206,WARNING,NORMAL
6.916921803771228,15.717096634550952,681.9678270852949,35.59013253111994,671.8305946141388,51.81608425968574,3.39395259108039,CRITICAL,NORMAL
7.54400061690414,1.2968164438387786,351.0577735839512,24.99082931969169,478.56090157385825,41.753338198181766,3.557316377014414,SAFE,NORMAL
7.598832250039053,4.796817147472061,432.72799391807183,30.475706249138025,744.7999341660042,55.48628585533307,2.678321684131398,SAFE,NORMAL
7.336837212087303,3.1796685500343798,277.4187715925242,25.02241572766894,554.8145780550806,50.45094371492854,2.786599449907434,SAFE,NORMAL
7.130808359132486,0.48090238504793636,575.533572701709,22.881628558974167,1102.989921079266,41.242044838636644,3.6116205252922664,WARNING,NORMAL
7.505182772650032,8.160733159177235,676.5733054575024,31.890904040341056,601.4221715882954,58.2789781278885,3.6480235911471937,WARNING,NORMAL
5.4274277403462206,2.1724944210350907,690.9770323364925,26.80340084984578,884.6420973701588,51.89594448870791,2.995446037470251,CRITICAL,NORMAL
7.677448643043842,2.06765649052016,586.1665242583038,32.13599333366051,975.1270833789652,48.16388210351467,2.72369339355694,SAFE,NORMAL
7.288324532563378,8.158777020016792,405.46295076541526,30.008056184246975,849.190639336367,66.5764312872125,2.8492484154163464,WARNING,LEAK
7.044267572255214,2.8504547521529324,450.20633220680367,28.644456565255915,608.8051883372408,45.63894922340498,2.7172547832335567,SAFE,NORMAL
8.63280353700369,6.5948599780195885,411.2514664840031,29.204623901032896,595.9436314163831,42.45696352901476,3.5989611994034605,WARNING,NORMAL
6.727546186846614,2.467870028696869,304.4219175239712,31.35457417319524,1229.940881616868,51.25178587280634,3.556450273796913,WARNING,NORMAL
6.917846807654478,4.324900589837896,414.5423118568068,30.705792587299943,1055.3102622560234,48.759118777023666,3.2406524299750092,WARNING,NORMAL
8.594087311543314,2.704697295822053,559.0513776137316,25.381880945808764,754.6248622070515,45.53073797420458,2.8610930094528246,WARNING,NORMAL
6.617557086605101,1.4929711019623804,345.9619175294994,28.69173772738081,639.0930070988287,61.27017126800206,2.759422962573484,SAFE,NORMAL
6.814919301944423,4.425908870327865,176.28156827966865,33.002461548540076,543.3979264328068,41.022043726430766,2.892188567241916,SAFE,NORMAL
7.097082203598405,5.163427918664165,299.63960167815424,27.181161789179466,588.4382955317064,52.47806787390456,2.7556953952327223,WARNING,NORMAL
7.788514137490685,3.003411155165323,548.1861499854779,25.023629334895876,827.8554993898811,50.69859883585696,3.3133061803169497,SAFE,NORMAL
7.345461755147319,0.37424615520409493,243.81553253446523,24.514466213009058,1116.3239133569573,49.91179088540748,3.581185158859414,WARNING,NORMAL
6.295162256993416,1.0598565911342284,393.36093928519983,30.396617216320827,678.6161786550099,59.24297829288309,3.5969472200538406,SAFE,NORMAL
6.8274820058109675,1.9390286086935065,403.9653681595782,26.038299461398584,915.7257764978914,66.43263364589876,2.7578329782615225,SAFE,LEAK
6.774851896751453,7.732243443594221,480.9601197203394,28.44894015821994,861.7277389649734,50.002392529829045,2.901133498630513,WARNING,NORMAL
7.145945268343868,2.878565954135953,478.1525809275096,25.847744440519328,647.353539678686,57.10544498509476,2.923403920999142,SAFE,NORMAL
7.498090561040881,7.639035755083504,498.0262069006408,31.695782630805574,879.8330235136959,50.326026688549064,3.7095550772348016,WARNING,NORMAL
7.492744029121581,6.052940405045498,432.1585093354283,27.600865657013994,885.4251740948647,50.63078765479976,2.5329029291510476,WARNING,NORMAL
5.9567917721661185,2.062890764857506,336.6564650760839,32.71267706493314,865.0256012590987,53.610885752290876,3.1985195595732767,WARNING,NORMAL
7.944758691292599,3.489172830947333,558.1682508193661,32.56617633339234,625.7304566173751,51.3481616425729,2.762562975767042,SAFE,NORMAL
7.376798192197636,5.25655895424184,238.35313482156084,26.647420324142328,829.0798170760439,42.709192925929315,3.104248377069372,WARNING,NORMAL
8.169172433315735,1.562643419461778,543.7508629195509,32.33337570994712,914.0279297611842,60.6496818645219,3.5469248335143737,WARNING,NORMAL
7.510938829103471,4.978435911922995,587.2911233449553,25.64892353963588,872.036167527092,53.59573157197492,3.0384350636775186,SAFE,NORMAL
7.970926070415033,4.5632336923637205,730.4095744829997,28.0645879058088,894.0069592697623,49.62631711393197,2.8233283936638105,WARNING,NORMAL
7.526581718015089,1.4867074391441448,359.49694574458266,23.881170229743432,663.4559539647639,44.98824902357773,3.573819982446355,SAFE,NORMAL
8.142358029341924,4.260401063786559,382.77705831908327,29.37422055536047,893.0583721500368,52.33591615234304,3.2649579488545255,WARNING,NORMAL
7.5655754452124455,2.7706394456261054,456.3993559019326,28.20518539726295,932.211706457802,48.05475945776637,3.441143632446337,SAFE,NORMAL
7.131459327489967,0.8450480971856981,447.4483137585423,29.05679559345673,617.755221993551,51.45735488843438,3.3323321587345536,SAFE,NORMAL
8.790704304312817,1.9390971379154578,550.1547818697394,21.559489526366853,450.86808332510986,48.488929940071756,2.592610091966435,WARNING,NORMAL
7.822325985595924,1.880456408017053,512.6956940868115,19.042576531764205,994.4054798157301,43.35146082702316,3.852579697607908,SAFE,NORMAL
7.6016210947030896,8.665117050507632,407.7741391031458,22.469476354760328,616.7444577773744,62.88309598884507,3.1005443909191355,WARNING,NORMAL
6.306586908423165,1.077516483483591,438.22975051244765,28.996474592508946,566.3344124998479,42.44964487606731,3.621225008337985,SAFE,NORMAL
6.298184667775524,1.7228200640010118,561.9984941582281,29.69381243326379,738.2124378662617,43.75391412147288,3.024940031587272,SAFE,NORMAL
7.404900837499298,3.983237655150578,298.05649080436,31.517347168652396,651.4044881633835,55.42532818900028,3.4828665152733356,SAFE,NORMAL
7.301864838437769,3.1249513451040576,421.95614237685857,25.381955330723546,353.27824868995054,52.47822133812978,3.705407971572199,SAFE,NORMAL
6.770114204494179,2.5640575071655887,516.5667963181105,27.83456807119256,860.527272052685,55.28581476182607,3.6412207786283073,SAFE,NORMAL
7.298687889728442,2.5263680260033006,321.99975146702866,24.195895065012056,856.0217996056733,54.025119733850396,3.2526921672343723,SAFE,NORMAL
8.312038849630516,5.741904473249383,50.0,32.46958725523946,514.3537957753804,43.97571317238892,3.0302411933303963,WARNING,NORMAL
7.686781732185209,1.5158351130302217,623.5891744202142,24.162603016692636,695.4170000623916,55.35970902510551,2.4958307319993835,SAFE,NORMAL
6.401294043173084,1.1519700038745957,447.54321576368517,31.71411414403483,516.9012686576906,44.85596741132145,2.5811022931817056,SAFE,NORMAL
7.12194382099994,0.36007530611827726,299.09196841676203,25.994751319038034,545.4221501350415,58.43020638554234,3.7582124177463196,SAFE,NORMAL
6.636523463403208,2.0277346961916103,560.450316397623,33.300982427076384,591.6569751975128,42.01575246422942,2.788112777371022,SAFE,NORMAL
6.928610058514008,0.8950030392720976,425.00302116363565,27.731830653570892,795.1435912735233,43.65610676903831,3.602110931472496,SAFE,NORMAL
6.9104690340592505,2.329221695658426,325.8222133710491,27.644349475708726,1062.013782977951,43.88139256797817,3.657184907870396,WARNING,NORMAL
6.865648092177197,0.5156223882650014,494.3674489240731,23.983679541067165,625.614515088326,52.48193773857102,3.4276641959796113,SAFE,NORMAL
6.321405239618624,2.3013828823542557,456.18638186534184,35.66806828993835,851.0125968077854,49.58373694884948,3.395611915241522,SAFE,NORMAL
7.110641722937267,3.754670203161243,376.41734227351196,30.96326310996282,843.5733811970342,50.917899163663435,2.617247274830508,SAFE,NORMAL
6.807574654206883,2.8972412259418614,357.64646843672585,29.047824838204455,316.6417127439709,49.05650958904011,2.525303838204436,SAFE,NORMAL
5.149385916998413,4.680210320533572,326.863250689037,27.958218485585437,450.69806751931185,49.57474522227166,2.870641969917912,CRITICAL,NORMAL
8.637080417151164,6.447115030530938,538.2662562576267,24.357067390432533,1068.3306981320343,46.14384372023714,4.026409244760437,WARNING,NORMAL
7.962138757951671,3.6821861743106306,300.19722267459736,29.693084179840596,608.8824308402974,37.911770492865244,3.8873839209536363,SAFE,NORMAL
6.936589492552503,2.9519292745233834,354.299210342519,26.733189498137104,781.553900815431,38.839242344424974,3.218591678992111,SAFE,NORMAL
7.2131733348184195,4.069581908020289,462.1385153639477,27.230081691866545,760.6233614101195,43.5884616493594,3.8471871340945474,SAFE,NORMAL
6.379841956877707,3.777089829381316,625.0659944779504,30.56388209802776,316.94860611726835,47.42339139956433,2.732516811632088,SAFE,NORMAL
8.387006014467605,5.289209258738851,465.94799838305073,28.13781063051332,577.2315448935176,61.71665847878905,3.0152870992870766,WARNING,NORMAL
8.528102086341178,3.1034744578989057,520.5807896334338,27.07260306464312,830.7990703814382,41.84582123868804,3.9936237146020632,WARNING,NORMAL
7.3096856097725675,0.9780729163517945,462.26507996895697,32.74259314167467,531.196607616023,41.260315205502266,4.251089197750093,SAFE,NORMAL
7.916471450929741,6.232554115871319,558.7724241518462,23.724518721754396,631.942566246731,35.43673685172105,3.5858091293827457,WARNING,NORMAL
7.322700745253747,0.5526339149618591,682.5075264469085,20.38049284458381,483.2638871485343,54.00991092575193,2.4052862217372946,SAFE,NORMAL
6.264292192786849,4.977951877511433,397.4729309535782,23.816009133522584,548.7062631470765,48.29232351349252,3.8747696749691327,SAFE,NORMAL
6.91172364172544,4.003952976061828,451.68489816094086,27.608167243061096,605.1869456412562,39.647009424622055,3.0660905114488926,SAFE,NORMAL
7.29234957674037,4.081574310120222,470.8233631361395,29.778200416014577,365.35065330559263,49.771256856490645,3.561287446333803,SAFE,NORMAL
6.881816596879589,3.170775413533157,513.5772078820366,24.02354413957542,910.8806218846408,45.33342135146709,3.2495566043296624,SAFE,NORMAL
7.046942705795475,1.6652191024009053,465.8897971864361,41.7498672059932,450.05357846027124,60.361540861455076,3.7032724561953905,SAFE,NORMAL
7.13602030974362,2.749733114495248,384.751066756089,27.72864381777848,668.9632188691697,44.635972199980536,3.223355980304927,SAFE,NORMAL
7.143385051494177,6.848630498431558,449.14849685128917,27.607126273626776,565.9220961272689,63.58497706482478,4.5644646876034205,WARNING,NORMAL
7.236580943348239,4.176222058884179,741.8006811037708,21.84146196865889,893.8335758110404,51.377817059691395,3.6825694974690237,WARNING,NORMAL
6.45757645352238,4.209042340942358,487.66605265487686,21.228805195403755,478.1712393731158,46.840926669256795,2.5709977952801397,SAFE,NORMAL
6.698088695610445,6.9661016739675015,220.70754771934324,19.86761814144524,559.2286093768603,47.94429062719593,2.3608000709440087,WARNING,NORMAL
6.300791014010022,7.525623557244312,402.6127224727486,32.485676007616796,459.31624887769317,52.345861652665214,2.367045228394348,WARNING,NORMAL
7.88447088478034,5.1397946736955165,451.6074155664806,31.849803803773938,266.542219303274,47.854583145464176,3.497480467797757,WARNING,NORMAL
5.726047140711773,10.42708152075981,433.13106705241853,26.994189604888575,791.6360795903582,42.59492693058466,3.681185312247992,CRITICAL,NORMAL
8.007513240321847,4.156058705019437,441.7873957410208,22.140353420865008,705.8142521867575,55.04739400314283,1.8939279293176015,WARNING,LEAK
8.170444578083991,5.127097127401376,484.35204182147294,25.889899955440363,739.4349967653806,57.932152509682005,3.810518166054333,WARNING,NORMAL
6.988473589112165,5.924929385405772,511.03338833717066,32.685752699410024,845.8875245732688,58.21741999578573,3.375216076587103,WARNING,NORMAL
5.377804038520892,7.273707728230699,481.060368728211,24.98338046578555,719.4582273625298,48.71781429743931,4.008634901506474,CRITICAL,NORMAL
6.947082606622897,1.374248389270939,564.0749454204199,23.391828874801956,620.0775528537602,58.7347534546209,2.7159836349606112,SAFE,NORMAL
7.155071087097827,0.9020662959278378,270.5580448563534,25.47599908772778,746.7345097573049,52.52379959768478,3.3453301946734086,SAFE,NORMAL
6.4925812460497605,1.042182685985866,419.68113411482943,25.828556201569977,608.8321285339044,47.65842081155285,3.3415227052123253,SAFE,NORMAL
6.83934712433423,2.0382775890404714,502.1120722972504,29.952347183617512,900.2231939361793,45.511897223615634,2.813161296222076,SAFE,NORMAL
8.271136639204347,6.066531639307578,480.73956235833896,18.171075179295904,634.8260783393956,57.36537287124654,2.5654848965253882,WARNING,NORMAL
7.6654490136112186,2.482765125994182,371.72407146065245,27.677316442655503,678.537624872045,36.53691545930599,3.6656762021818956,SAFE,NORMAL
6.55280511993533,2.765821828837203,386.17263085640576,24.212743038305327,814.582793980632,61.10998169638873,3.3145636199016684,SAFE,NORMAL
6.081680581283198,0.9029844961915654,348.99332784040934,24.85783206693161,1120.5005458930561,51.00797927381906,3.3969716075393337,WARNING,NORMAL
6.971087877673161,1.0037872391111495,567.1999794271943,30.017838893321215,516.0070453413978,45.22387524499178,3.88136798078965,SAFE,NORMAL
7.050580254454694,1.9839573085282882,227.74760945705734,21.792769061078616,480.6957120313297,44.28114215769902,3.180142125609733,SAFE,NORMAL
7.547339431154322,1.5969279870781627,296.21598630317783,27.719721247245356,655.8994590715449,46.453983532910804,3.3574411649315756,SAFE,NORMAL
6.825278301202639,5.20925946727115,500.2370780916367,28.925097818598875,565.3187186624048,55.64725551598263,3.376208958781023,WARNING,NORMAL
7.558049702753303,0.8980923544230407,515.1810227719258,29.318429400551725,825.9933519382196,52.492690156383894,3.389506898358145,SAFE,NORMAL
8.55460782804216,1.11554857641205,259.8694646187471,29.827467134966195,735.5395557220949,46.328216069526235,2.495611072768646,WARNING,NORMAL
7.770850715710984,3.767453196307192,525.1727700544727,29.28762004719299,498.49860065321144,45.67306954547752,3.1900410846116136,SAFE,NORMAL
7.16633804486846,2.5092288096026025,471.6605560666904,29.877063416525004,834.9028971443488,52.51230176249487,3.7791993670572177,SAFE,NORMAL
7.071794670262694,2.3448275397349936,511.8795365925066,23.476790676548468,1032.58043838134,71.94919567191236,3.135997873751849,WARNING,LEAK
6.95032880607409,6.013924807420861,458.69437557731254,32.46269473790854,556.1746496730012,71.86755307765516,2.9636666802945637,WARNING,LEAK
8.026448638716502,2.4000108070795325,501.0565669896112,22.26174525160376,758.5477367517115,58.40954980424738,3.684259903045812,WARNING,NORMAL
6.760880587834088,3.082713911478017,505.2033702139907,28.48137795779727,304.95909771110064,43.80425331091552,3.206844523441013,SAFE,NORMAL
7.231655896299988,2.0001491146308736,506.62924982089714,24.276433707120464,633.7406202890737,56.03256748924837,2.8851820388234444,SAFE,NORMAL
7.23583853131676,2.7717066655046554,479.28788525917645,20.128745071661378,755.7393507938048,44.046944758233145,2.769307131389539,SAFE,NORMAL
6.848751065031927,5.331981467507898,439.732578991937,24.719560595998015,674.5555281191288,48.169010095030075,3.1730720059314623,WARNING,NORMAL
6.23927411648113,2.2013034082361407,440.44296261530576,26.526199774138203,720.265706783271,60.92511860058201,2.8692178567525404,SAFE,NORMAL
7.426082152532368,3.4501478609119967,477.6199444295272,32.547635336238706,559.9512461432982,48.0473491034777,3.650739129666944,SAFE,NORMAL
7.157297219701232,2.2259324802604947,549.0496941898484,34.278690285222176,926.8031930958466,47.73738606166788,2.8195571837931928,SAFE,NORMAL
7.550168328605599,0.3431551386901117,685.7689201979127,26.48143716301758,626.0817935070764,45.95405409478409,3.3391434067333052,SAFE,NORMAL
6.826479785492584,1.6372514313910231,513.4161965963452,21.443884717587277,478.69705874987324,43.46314773691478,3.4099265137195047,SAFE,NORMAL
8.054574909169133,1.954562335192966,495.28891006679254,21.775516964540987,693.015489114127,47.90513711819075,3.516461464042299,WARNING,NORMAL
6.586258353151709,3.062245675238966,595.8515776423267,30.08747725096937,866.1229376234919,55.92343213799113,3.984852265429387,SAFE,NORMAL
8.398428198812525,4.594661343191072,497.5751655649129,29.832629023231306,799.8057267670582,55.414991861756874,2.523713026584463,WARNING,NORMAL
5.976654443120217,2.581327938056531,322.76282594381263,24.570529527506498,606.8082024180022,52.35059042010275,3.503950633002116,WARNING,NORMAL
7.504339045189824,2.166933744862592,362.00031678865383,22.30308828087055,1019.1688179256935,59.41105221344371,3.5114910565357116,WARNING,NORMAL
7.532801477768636,3.640606222483449,669.470361024783,30.969098917759485,686.5472561458578,36.20371453789318,2.6568050809634287,SAFE,NORMAL
6.643110052441383,2.9540218517733,364.38799186661674,22.088043266877634,391.77756881191783,50.42059325106221,3.330306206952322,SAFE,NORMAL
7.497075756502709,0.8905631616170755,518.4176789576354,25.22275123665234,806.9888267393005,44.32804031827949,2.990220407852661,SAFE,NORMAL
8.095663068832112,7.67177786911574,331.35526613111404,28.89396974168011,675.2810271132935,65.87491106135352,3.900983203723544,WARNING,LEAK
5.648226812452155,2.2961724491129307,604.1152491672353,18.99637820618055,686.6714186465446,47.95140890114796,2.9157499222159915,WARNING,NORMAL
7.551921365243571,2.9537012384544905,394.7796037748491,30.813393020944247,859.9868468219704,55.93306062495462,3.0923900131027953,SAFE,NORMAL
5.454710425768946,0.7168683162237065,459.93354439939446,36.52112548091468,653.0156415279803,57.97823141335029,3.0098148699993144,CRITICAL,NORMAL
6.524034637533754,6.2650645345075455,422.61108627377143,27.455555287459315,647.7684029083769,47.013250761571456,2.780923127837965,WARNING,NORMAL
8.340416455430661,2.0537945622600566,510.58399587543363,26.86138955854535,474.3655812213959,57.43708002796675,2.425294002984316,WARNING,NORMAL
6.7927525766255625,8.226904695989624,470.58540606759846,27.17730173746188,604.7003601363227,58.33865109409714,2.7836220563743153,WARNING,NORMAL
6.37828402491372,2.8446891008775115,559.1956964893556,27.899397554821196,744.0958422961061,56.318326920562825,3.271931688564283,SAFE,NORMAL
7.061443589710723,4.399702482735657,528.6320266623441,24.080106419693145,594.1805229831563,45.8227224191234,3.3411936336757497,SAFE,NORMAL
8.647534436714487,2.2122895128798503,483.8197801879809,22.502669365762067,399.5125103942197,38.554757220792595,3.606185319535712,WARNING,NORMAL
5.917822426955782,0.9584239949401016,528.1664054624206,25.587563390266233,817.2684068777783,67.10732200803896,3.7249152000732915,WARNING,LEAK
6.464083061852459,3.9731852044989777,534.044336357722,27.614407679461294,824.6462623270646,47.67392261033437,3.4003233855718014,SAFE,NORMAL
8.248202178225739,3.942604680773752,402.30489962584375,23.0063582398534,826.0011357769635,58.03476928457479,3.598321753856217,WARNING,NORMAL
8.500391640476412,0.2538198868762978,393.15490342384663,21.613565492442376,533.4023772910174,46.282640771371746,3.4620257459583597,WARNING,NORMAL
7.127598142996802,0.8669400551670259,636.2514009206463,25.238319489702626,696.284581588682,66.78253678726772,2.649366468335036,SAFE,LEAK
6.33266310823135,6.170464700533977,534.7539771772498,21.666354455452648,743.1362034801388,46.01362682906454,3.3906907450890666,WARNING,NORMAL
8.66709045126641,2.0649733638551995,498.5279425113796,29.687187780744992,807.0267114912562,50.80462436272525,3.2059363052453587,WARNING,NORMAL
8.316109674224437,4.792352000119854,353.7985155998659,13.23368301125927,811.0469519236286,68.5761363206534,2.917584925262833,WARNING,LEAK
7.675262891433563,10.855718861408068,235.41030169389376,22.327464303230585,445.6941676104062,37.213430496663605,3.2060978249502483,CRITICAL,NORMAL
6.631318355743806,4.123387090134166,414.8797665107029,32.654119220383386,1009.9857806541144,59.64950030165572,3.378632568213778,WARNING,NORMAL
7.165679461413374,2.880753674553184,395.68090600826054,26.11312602475287,482.47459085470814,49.79777580898638,3.099076966713198,SAFE,NORMAL
7.087747943268619,1.621066334053667,412.76094512056477,27.735717305086386,406.39048196580484,55.66126438262573,3.69589669407543,SAFE,NORMAL
7.431595913230905,3.649937502803648,552.3427727282118,26.48432116797524,171.92779126458618,47.21597903561994,3.370592050860357,SAFE,NORMAL
8.215701006691935,3.959566827617163,633.2891050517223,24.490726718187823,825.7356017939561,63.08827890484898,3.6370949721059533,WARNING,NORMAL
7.815591928796183,3.120203605897476,583.1359418345576,31.380772398342113,960.7921056126086,43.50466309643103,3.828243843816606,SAFE,NORMAL
6.445836746110669,4.927249780947308,377.3139700021686,24.71255353762718,586.1569466634173,50.297338125037484,3.002112725104098,SAFE,NORMAL
8.163547515013677,1.0491036089507322,514.5808735833011,23.68607376085195,381.76244123203975,57.48339690258359,2.9776449255902717,WARNING,NORMAL
7.419192498009209,3.1645063556912967,391.52153566694494,29.62704791349005,857.4168416980309,43.43668737680077,3.7783849437216923,SAFE,NORMAL
7.680946057101242,2.890496295748101,229.0665921095921,19.27739106106192,466.3819623901356,51.019140940433616,2.8152195073878565,SAFE,NORMAL
8.226578601495023,1.8395943680595621,440.82485389926285,25.858305916179134,811.4182592656886,41.798862195867045,3.1508485365517602,WARNING,NORMAL
6.421893825340515,3.8914461387965718,601.2870418866368,24.92417166942609,533.5928232445603,46.784699785806474,2.9563056851302214,SAFE,NORMAL
7.174922094905476,0.9522563764127624,409.8366037790081,25.783381403515193,620.9661289246545,70.99640082918751,2.704628958470597,SAFE,LEAK
6.82798181404855,1.5335030907356295,549.9869433773957,25.046464921778362,757.4641203422535,60.73221016952204,3.4489651979278158,SAFE,NORMAL
6.102498402244181,2.251334251344659,370.1273306509053,28.500350286935387,758.7961178895808,55.329374957932245,3.0662276013901804,SAFE,NORMAL
7.442696984323444,2.533936930163741,532.6198158694947,31.39874488015985,719.2157138288984,52.95389455409047,2.736273763037585,SAFE,NORMAL
8.958089586109097,4.038083927858645,420.76805906963256,28.83734769914259,964.6318101372128,37.473821291427875,3.6625940438353854,WARNING,NORMAL
5.911945578845973,4.348996616353005,632.8042263755754,25.652345528529263,1008.5788302418769,48.50515353601482,2.537764548450907,WARNING,NORMAL
7.177403572265371,1.492291743258318,412.4012889595042,29.525733700828773,1022.6180052882671,57.3783711092079,3.1261231189322842,WARNING,NORMAL
7.648380054552342,8.179312199513266,384.91364835812465,29.994365193002263,668.307793874656,46.46209713107184,3.645162093783108,WARNING,NORMAL
7.286154741159327,3.8648733972077367,626.5785198208257,28.443714891960582,719.0944893081302,52.88450401388436,3.6575186366603867,SAFE,NORMAL
7.120810363238982,9.823664647709476,380.77941075965896,31.194599577894156,948.0905464743846,41.97281409195509,3.4137630030604442,WARNING,NORMAL
6.2905485455879235,7.171092257494192,475.5399128550416,17.610417414346458,582.6915928792938,41.297607420693396,2.75996117116592,WARNING,NORMAL
7.362950720058115,1.8797373582431256,381.64406357490157,27.107057591008957,622.6440257585584,68.24982473121038,3.2802721941954287,SAFE,LEAK
6.670265216088852,0.9481083884727203,560.8916056130743,28.231413774506812,703.75292804543,67.032991220084,3.377817053817526,SAFE,LEAK
5.667054806515013,0.7331293847431287,605.6255605633195,21.07505715343614,696.5276996358418,49.31570706940026,2.979078064041542,WARNING,NORMAL
8.036214554359612,0.29816845212062,369.05663065017427,27.88308487368679,648.4472844369621,43.77493651006166,3.388297304750229,WARNING,NORMAL
7.87087007388943,3.4903278421817503,515.5606626666937,30.659802634156996,531.7036089957378,42.46233536662538,2.4611263869066775,SAFE,NORMAL
7.236162683795756,1.7547850913325016,526.6988348447088,26.10450099527453,853.767004124251,53.21297058153569,2.323298232533901,SAFE,NORMAL
7.360352281743992,4.536305885835173,465.1440606692756,29.626157528544105,630.2703625450442,65.4775922851489,2.8788978651306296,SAFE,LEAK
7.952022608900893,1.8333348098454896,633.0709383346821,31.091013314682588,728.143994197045,44.40952165289069,3.546552757770553,SAFE,NORMAL
7.357037759744658,1.4758557656504745,632.163154988456,32.369855088650596,698.7354244786986,51.59322263937507,3.630113487849542,SAFE,NORMAL
7.83281228833292,4.33996941552016,347.6826108437218,31.648615523422105,821.5724989434823,51.18984841371012,2.560398904870436,SAFE,NORMAL
6.991762459388305,11.469991410843285,595.0389730051721,32.46242706500274,782.1242570017841,63.325395350785755,3.9339386386154986,CRITICAL,NORMAL
8.118388617001763,7.05783536823577,510.7938791907721,25.001809857803167,654.0485308616744,52.245327067609274,3.2449930052621787,WARNING,NORMAL
7.424550008152879,4.392440401750406,479.2809155579423,25.439470591553274,625.3067337580773,38.8312082400958,2.425733872843484,SAFE,NORMAL
7.335836360524112,6.583413443423465,422.1369606122003,17.106216425327265,680.0659974853747,56.02057196309223,3.3517867028135506,WARNING,NORMAL
6.310957237901578,4.067075180638121,272.12498120111155,22.739327737073218,500.2361058657505,51.36798198729232,3.8361224433600767,SAFE,NORMAL
7.400869098011197,0.255202414611369,483.96259433380646,31.873796240476555,555.2309829889829,43.062852753232036,2.957622572251547,SAFE,NORMAL
6.617631557753884,4.98357656370785,486.94411049726915,24.58057397068744,795.4904387994015,58.480555651946005,3.6885418316809977,SAFE,NORMAL
6.753202091430055,4.287705168601034,689.3680743249868,28.590353491404795,753.8864129854323,47.49718947642659,3.921184869796279,SAFE,NORMAL
6.629237060178715,5.700832991596175,369.1057225184056,27.962906437827122,526.1137063759681,52.66759644695235,3.220255412116379,WARNING,NORMAL
6.453635547670543,1.7439320541688748,257.1274555433133,31.96274466057337,678.4302754269762,51.15588797499996,2.8273985684760383,SAFE,NORMAL
8.687339982111872,6.314641693465122,308.49921375164297,18.91847091880701,418.640879770272,47.61108189546148,3.785171767096564,WARNING,NORMAL
8.131937343391883,1.033575709194673,640.946783972189,28.410520379370965,724.3452610689162,43.5067861893506,3.7834011838504744,WARNING,NORMAL
8.544257251500984,3.30195563167682,396.26524579638004,28.345469571067433,639.4940149451024,54.47651682311951,2.570809410367012,WARNING,NORMAL
6.343973486311105,2.924815190970904,613.6590208320451,23.56881010944399,1077.109109271935,40.2383046324953,3.1491254471614223,WARNING,NORMAL
7.249877624937625,0.14501171501866822,450.7507849164885,30.840987129861652,805.687678029898,57.4274504421577,3.560411238941797,SAFE,NORMAL
6.294544662357133,1.919413914962161,333.03764175389074,21.40385881363777,528.4321323596986,43.16877837356151,3.5880817090125023,SAFE,NORMAL
6.713013585962055,4.243695283498646,690.1581548239392,31.258143388921567,525.9549850695223,40.68122359362633,3.0554029075983338,SAFE,NORMAL
6.5573111116083975,1.9625746909364812,608.133203727111,18.377256961538475,814.7918400908364,61.21875881931301,2.720686442905662,SAFE,NORMAL
8.067708804509094,7.6885565960592945,428.4579856522154,23.38031897272607,858.2785689436093,50.751581435513025,3.9853391932514466,WARNING,NORMAL
6.922639225328768,3.5017814212927267,569.6157319353106,26.44044822928804,1034.5394340925607,34.76645085049404,3.244686383110347,WARNING,NORMAL
7.947865533585811,2.4032896458082895,464.76748398315414,27.87063917785836,908.1446417007329,49.89769873614774,3.1106786356852356,SAFE,NORMAL
7.622884622711963,6.337934672837233,502.5105137503593,19.527665006524327,785.8859809104465,54.890361785701046,2.9058827319449616,WARNING,NORMAL
8.812547126473353,2.111257638164024,661.4785982594171,31.171637582339564,956.1701554320247,55.10892418110596,3.099242623129144,WARNING,NORMAL
6.164389043802194,1.12143911724105,267.643897617885,30.01424010024693,713.423707366503,43.80976194164539,2.4126796910572113,SAFE,NORMAL
8.08146326785076,4.4837742015806406,406.96333310542445,34.61325232569698,705.4119497761346,44.94338894509689,3.6994966703419196,WARNING,NORMAL
8.00250860928051,0.9333021278352648,453.50532188528877,29.80844639795654,481.721155349995,51.305344280963354,3.0645642629662952,WARNING,NORMAL
6.518634813381076,1.9937951569806496,490.13918500144115,24.054359958167616,971.5065459837006,58.308178832878056,2.1496447819638522,SAFE,LEAK
7.904993335531212,3.0563694135937194,300.1576331811405,22.714804518932482,723.8303760906695,39.478646892640455,2.7075792152498184,SAFE,NORMAL
7.4353014741183605,2.3802949360249417,560.0315344646206,25.317633862239838,682.2489524506273,39.93520862576655,3.678782690013103,SAFE,NORMAL
7.040766618032615,17.41276385823044,311.5240570932157,35.72326019881674,557.0791621568083,60.96641185268008,3.1288732309242593,CRITICAL,NORMAL
6.623245159119601,4.097805639579152,300.0235311269829,27.19042865778463,920.5677384415656,59.74115273988707,2.8056070445345793,SAFE,NORMAL
6.69662338398557,2.716085062157458,419.90579207562536,27.361015569378623,877.5748365854427,42.461215322569224,3.2661956577849343,SAFE,NORMAL
8.634868467050149,1.788044016370998,677.4602903271001,32.51784366520672,537.5975310964858,46.90004805658022,3.050650241154765,WARNING,NORMAL
7.200477973270238,3.8417684926774074,754.9969271808184,22.341884695685906,791.886896768984,66.86329677895687,3.255238507881853,WARNING,LEAK
7.747491001072022,6.521590088398798,508.62266153139205,29.15584112415027,843.2771665326759,57.04143165162835,3.3597890806710717,WARNING,NORMAL
6.646370432832713,0.6239619714697541,421.4162351678867,29.065372002176225,475.6702432980346,49.60518091528636,2.79182373204204,SAFE,NORMAL
6.654102937644853,3.7685247137633415,468.75752373791204,30.82942982044711,815.423015983128,59.14026664391384,2.911966774556804,SAFE,NORMAL
7.95738936647496,2.594014794405274,490.1891923751929,30.40917380120269,779.3786838648678,46.140131163325705,2.8327936881170195,SAFE,NORMAL
6.255296651913928,5.164011005364447,625.9678469521211,26.76523538828274,812.1721275575717,51.26207113663064,2.8475320220765945,WARNING,NORMAL
6.90935036246631,3.0851640433251406,303.8221905516872,21.467548595379075,1057.6078747904755,47.52071130045662,2.886010839883496,WARNING,NORMAL
7.223819187750562,4.199498279966454,593.33577663932,24.740479813100986,1233.0987907468111,55.66102828242243,3.054824982506911,WARNING,NORMAL
7.277960821288037,10.248451613429806,278.79149231467136,30.368383871593743,922.5214046104124,55.61697082190619,2.896086334817345,CRITICAL,NORMAL
7.074634700488691,5.283822470330277,392.2925149423652,34.41750250758726,746.8887790343784,51.78507219194446,3.279944077595767,WARNING,NORMAL
7.477073846767146,2.368272090817047,449.6914963577549,22.108268981416423,814.8834878860754,54.03276539714741,3.043181413410132,SAFE,NORMAL
7.684999029072468,1.2727897769894823,499.3374837035522,21.844911939246153,778.1249488895091,59.09399098212813,2.8467132629061234,SAFE,NORMAL
7.714246281821531,2.5993308723977013,449.56745782638603,20.704386303206917,1123.3149945747814,53.730125738487295,2.23723546170074,WARNING,NORMAL
6.5099373339325215,1.2908955302238645,471.0078056152067,23.931800345225582,724.7326892756557,51.80440382222609,2.748439690188501,SAFE,NORMAL
7.001091431449842,3.2939634497936976,454.85278074131986,30.790244742552332,625.4328661521326,53.413723643695924,3.017736094344128,SAFE,NORMAL
8.036334003313856,3.301209850698438,267.5102970229333,32.26476468126571,798.7724496686127,59.69787892681844,3.6787970322575836,WARNING,NORMAL
7.826253031301711,0.770078520804997,519.0162124381354,18.685372334567,1075.789686701913,42.60691258697914,3.1650208666197495,WARNING,NORMAL
6.2389983839632555,3.226934350989107,547.3566606837311,22.179301918065107,525.643920453014,53.32633384724334,2.4433377100635743,SAFE,NORMAL
7.446035930246541,8.261725688529255,611.1183894013775,21.43108794819333,579.0586758565292,34.904148817762994,3.2489876085320457,WARNING,NORMAL
5.815242325437633,3.1395467254540645,671.6480661466098,23.529294848352666,569.0948999681857,47.73699023472849,2.9737370720214,WARNING,NORMAL
7.2328544314422585,2.16757165581631,499.3000569337179,26.11060924652193,484.5260170170178,65.08023689604642,3.485487895672758,SAFE,LEAK
8.528436911722185,4.998857948182708,619.3814146247714,25.41033215984618,528.7893416308397,43.676926246381484,2.468780034125614,WARNING,NORMAL
6.53647509791171,2.643645657740256,452.1719957188674,29.05527689510556,869.2674867616533,36.948323520178526,3.805588484349724,SAFE,NORMAL
6.615973868155892,2.810994970599194,275.94981105214765,19.29341731770001,739.5662964480217,42.434248204269984,3.4235041348455755,SAFE,NORMAL
7.734820847101002,6.338155452517889,565.3303161890368,24.91791568029749,467.1058908280112,55.70027039528234,3.095583236744352,WARNING,NORMAL
6.120038939353249,1.3724610029813107,538.7428180865886,32.46560387803775,823.4220898820445,48.94819858436401,2.428077398876235,SAFE,NORMAL
6.757071479080473,5.624745792878392,450.07521982037025,32.61804723369359,762.1818120137607,41.94932633705522,2.469531434689847,WARNING,NORMAL
7.617508796307227,0.7292076267287013,442.5261811313221,33.65898293089082,871.2952112184307,59.66242424552074,3.5426885693906454,SAFE,NORMAL
6.755999906617418,11.024997718703892,507.35992649363254,28.57301492265788,591.2794641160658,53.41812096160464,3.6015959573514533,CRITICAL,NORMAL
7.03482100895232,1.4085076259179194,409.49200936365617,24.3796632228978,479.12366430258385,40.74713400105293,3.7207959592139535,SAFE,NORMAL
7.720929997220525,3.1891636782493786,503.0708807633451,27.69944936997953,822.3786021557966,48.22678812500518,4.033635109165614,SAFE,NORMAL
7.495082258475593,7.398817662439113,339.3366044262867,37.11087391619412,848.5176087203338,67.0611642536265,3.5745752119290213,WARNING,LEAK
7.386772877406782,0.7490239345337046,352.8208851583365,24.877741715453382,501.20033161861056,47.52308120454681,3.403748015399726,SAFE,NORMAL
6.9626144045109735,1.9675317803286545,291.5292840588214,34.33134676811633,742.8579867524445,36.44767243752449,4.394229784079934,SAFE,NORMAL
7.459042780688269,5.319950129706368,719.2870214324096,17.252838833072335,589.0726931760701,53.76071222517208,2.927270122355485,WARNING,NORMAL
7.1133871239301705,0.4876111607493924,458.7698557112939,29.287941447485977,874.807788373344,53.06099299223247,3.1496554517647444,SAFE,NORMAL
7.520463926948049,4.271499085436487,594.990807918387,29.589060617486773,819.1913997350609,60.661241565782255,2.4293669377177536,SAFE,NORMAL
6.852147582417415,3.8282302067475538,318.38606047026275,28.494344199785886,919.3734212213506,46.865416109428516,3.5122407307979366,SAFE,NORMAL
7.0722017179343215,0.4163896379149219,428.19762261294363,28.756257303410933,548.57877295093,53.53348162532818,3.098273959039665,SAFE,NORMAL
6.507029545213591,0.3457801379894514,516.1798235994911,29.09286196773115,575.8490786770044,51.97235282978336,2.8899200539425522,SAFE,NORMAL
7.175494672995635,0.2975613596995654,626.5514550246978,29.279955620527513,633.2935634918019,49.94931820913873,2.9002995367391677,SAFE,NORMAL
6.632299395459809,3.6961050244202043,377.7007357304356,25.677041654051607,604.5908750002711,52.5892867551208,2.8025065191452083,SAFE,NORMAL
6.420167484886605,1.601472926668269,401.69676016719563,25.91587628252718,766.321359993792,54.81577200790284,3.115532845638795,SAFE,NORMAL
7.3810628034987715,0.6734979004680022,354.96566879842413,21.55673669465189,506.12556456700133,54.402550955401125,2.4790847989272526,SAFE,NORMAL
7.348917843100362,5.906065361361857,435.52641964357366,29.92995616562445,973.8166509972712,57.34425478982049,2.524121337985865,WARNING,NORMAL
7.7480116144640006,7.789388812115134,327.6181815019772,32.20910343097907,1013.8890119573904,31.763797562715023,2.6464215415791887,WARNING,NORMAL
6.898212101297431,7.466350384496414,277.5909314090027,33.97753847270396,899.6996912037573,38.03594311487601,2.889946333442111,WARNING,NORMAL
7.485636992785729,3.2009369878462044,481.04149025798836,23.71567996114287,790.0150675456941,51.70685829197823,2.9680162523977334,SAFE,NORMAL
7.585558300591565,0.3642046790758025,530.4715951333284,20.10368120550019,677.8306691210523,50.926900170319755,2.1755663186619736,SAFE,LEAK
7.511341665482116,0.6436723006979469,313.3148533706294,28.505243318933417,734.0035426566494,41.86615126824944,2.9424211487750123,SAFE,NORMAL
6.622042422038501,1.0370737626618214,369.0609324649961,22.377495509938015,563.8675418314424,47.32095971788327,2.779370948960762,SAFE,NORMAL
7.304554437589832,1.6876665579228909,438.0063117750695,29.287073051888033,728.3376417735773,43.388063420571484,3.591382344960368,SAFE,NORMAL
7.454898207238263,7.326901854389894,654.8102825668976,18.178620653277356,760.3622543062199,54.701534934822604,2.75000737031014,WARNING,NORMAL
7.205024926835559,3.910008555042743,110.09142110603005,31.348837847085587,551.4373409070694,42.86720499838393,3.7019875002253957,SAFE,NORMAL
5.739465639140241,3.0600367192816096,503.3965551743259,27.613121388842426,991.8535030595106,51.71757799763098,4.070941507512843,WARNING,NORMAL
7.312342736781436,3.321428888443748,531.5103822840252,19.314646073479118,684.8392426673538,58.20069846858931,3.783408879962702,SAFE,NORMAL
8.74877172757807,5.672568706760087,364.5435585946448,28.216330584130812,514.8296383759048,43.03241863573099,2.7091276172323524,WARNING,NORMAL
6.9479725118701126,5.422928406185411,408.0924629501559,27.37984595661249,663.0443908557187,39.27572041997047,3.459725541485093,WARNING,NORMAL
6.690346031501275,3.02958974872367,489.958809573374,29.091572837716228,591.5470114398767,43.909632776175776,2.7177306055140806,SAFE,NORMAL
7.461343991797979,6.494699621004499,446.44387954997075,30.208054410919885,548.7479148278225,43.0398294600263,2.7872464341869456,WARNING,NORMAL
7.4186647473266,1.9986180512094274,653.8872902876361,17.334751561305815,982.8383884816085,50.32263238185198,2.820811057144778,SAFE,NORMAL
8.03491461579149,5.199756074159022,462.3174123568527,25.115169767087227,701.7917828277751,36.38918516317992,3.268070573579087,WARNING,NORMAL
6.319492290863779,6.371660366017863,553.3468098119813,26.643879899867986,885.3610159560552,62.848672541151956,2.7630334014290847,WARNING,NORMAL
7.711966176802495,5.637761072443572,504.03092294276905,25.818510097848687,774.0615085361827,39.94978427986227,3.2193377497494358,WARNING,NORMAL
7.613295442876025,1.231191773035453,533.294262462133,25.59588598327484,785.7928066738206,39.20666647879383,3.8312344926306414,SAFE,NORMAL
7.100497424141618,2.505340172426685,356.71334778742096,31.21780090860997,697.5350134167068,50.49098942143559,2.6491027159531244,SAFE,NORMAL
7.437081122545183,0.4558842533484891,474.1426871280531,20.07493972813076,622.2407506503378,49.01618735208423,2.395916136869587,SAFE,NORMAL
7.92062023711885,0.8606137840999871,442.13232887643056,25.834065148953115,933.9939909527295,60.97026964747138,2.879930705852834,SAFE,NORMAL
7.810620766019915,2.3775936320434434,364.0529988692381,26.150974313305557,817.7643745672885,47.809577322132164,3.9139939601492193,SAFE,NORMAL
6.39988648154839,3.1530400945723773,561.002096174696,26.562303744810936,667.4453172186878,47.71983312620172,3.5442861338991922,SAFE,NORMAL
7.7741107307288395,3.8982110482848364,208.15183117653677,23.090744046094915,878.9896422303116,55.181189016349144,2.772727188677404,SAFE,NORMAL
7.1547179764772375,0.8424394523927721,611.6345063085658,35.566985551802134,971.8232786582904,57.57980851655182,2.6772725166464215,SAFE,NORMAL
7.251011868610861,2.6554695150629355,183.74936944303676,30.91435445356723,765.8885895741988,34.44184162519701,3.361830744413299,SAFE,NORMAL
7.2512378937011865,5.830150622581936,431.55280071632245,35.84614163977436,979.2541185857075,50.52374025471777,3.2488020934465722,WARNING,NORMAL
7.094829907841218,3.5782220976937027,562.9394238896101,29.561084933860037,614.1072620176194,67.2405909341251,3.51138723148464,SAFE,LEAK
8.034195247974946,4.420993910083956,307.3941753412737,30.04912369713632,538.0663557204346,45.01314642947997,2.6223785043152015,WARNING,NORMAL
7.1413974281055514,3.154760523459068,500.8487612209612,26.98247222658715,638.2649382016912,51.20162295440021,3.158094523056919,SAFE,NORMAL
6.416317710131782,1.56431022690567,487.87467969940593,33.25233249869877,707.4242234066876,58.15771851974467,3.647985590235898,SAFE,NORMAL
6.92452910082119,1.137759491054286,489.19583547081515,29.262111967258164,979.9675157120025,53.890040595080606,3.7643152892985836,SAFE,NORMAL
7.3250863017673336,2.5034766692235926,408.155803747185,26.237404614743213,631.4324860525393,41.59333460043553,2.580613989704759,SAFE,NORMAL
8.060450349007935,4.813844341632387,394.16410038187973,34.38628660117759,769.1626986056154,49.46074043481004,3.157327181221067,WARNING,NORMAL
7.622166279464183,1.3501749322856929,261.5849662025226,21.788729542987245,898.1744312469277,40.080813587671805,3.057013699039273,SAFE,NORMAL
6.60462530487707,1.9477556812645025,437.5220041575483,24.071531977766092,784.1399973923523,41.44927749727339,2.7815978797077068,SAFE,NORMAL
8.939632941675224,3.016955977623001,560.1012992498559,38.24247169698495,611.1583352005687,58.870855185636934,2.832272472568718,WARNING,NORMAL
7.385342717684586,8.787337955433872,395.2678790626345,29.682813835354423,469.8497815522744,56.849569355291294,3.4835103698954577,WARNING,NORMAL
8.09277351659931,3.7680735750595065,401.25308047518126,16.467427823911855,919.3957811053408,64.2873204045924,2.817015501574185,WARNING,NORMAL
7.0937998964959394,3.684994000234675,640.7593879012069,31.075728071134396,510.5516882251403,57.39014809358969,3.1383812728674356,SAFE,NORMAL
7.573351471293814,2.2129340586140263,430.38012495253355,22.907585574339535,631.8407425751197,48.864054931994644,3.443363943021514,SAFE,NORMAL
7.787627953162883,9.013903359823907,492.2591715883483,24.702742984349616,706.109592879865,41.886654110855886,4.076221082779423,WARNING,NORMAL
8.052736298227979,3.2220809220067252,514.286249800974,37.20376014077573,927.4180541595373,61.17795585246445,3.349681419708294,WARNING,NORMAL
7.940157813764758,5.995902504550471,430.3018098230138,33.62206489866668,879.5873625912766,55.00707745741544,3.560401276250167,WARNING,NORMAL
7.810537900051084,1.140843013980486,531.7507477945013,34.99244614334144,726.7017509001322,56.398412094652485,3.3314753796970034,SAFE,NORMAL
6.979439288164124,2.7284514061678165,568.7281276403652,24.570804500899172,918.3002776368181,54.5862709027661,3.097202932950083,SAFE,NORMAL
6.799777770630757,16.00668512384043,558.4285670442721,25.8355736896205,957.8851960519694,59.49049238601293,3.0882786247985066,CRITICAL,NORMAL
7.432825257226939,3.286591073867948,571.845782686088,27.874662490367562,614.1987376087836,37.81005054314168,3.141854142058328,SAFE,NORMAL
7.853189650638749,2.1410721648938167,200.07404871725598,30.47358891875013,629.2241359034358,40.28892034841315,2.130217564644473,SAFE,LEAK
7.044095509456375,6.155260644861878,309.3694880739762,25.632064059130496,834.854988416865,43.02559071665391,3.036486232136117,WARNING,NORMAL
7.945620376000071,2.3237718931634714,388.2626283098805,34.51349281387644,1005.4595437530472,52.912800608848116,3.4191427523019544,WARNING,NORMAL
8.216831721840325,2.452535609857363,354.4854263757052,28.964742907139424,574.9294450806437,46.34172274720244,2.8315158372717013,WARNING,NORMAL
6.558575356648606,0.5056713276740509,363.58775810653356,32.963724463968205,368.4180732143691,59.02586555498729,3.9264043813492844,SAFE,NORMAL
6.614155507342605,0.2735306257423065,556.7476410068589,23.880041371951357,816.9275049098562,49.86681042790994,3.262597670818877,SAFE,NORMAL
7.101737458766265,4.045718391792609,462.82970553239267,25.324485710824685,945.5803337939509,68.54979861983284,3.1344118314168665,SAFE,LEAK
7.415328867732438,1.9807744451724225,433.5777685764167,27.982696707419894,723.3065402038619,63.70953134914605,3.6179319017394036,SAFE,NORMAL
6.832803090363065,4.616008606947824,422.9325025942843,25.16353579676472,1174.124541979905,51.113236580272456,3.4820363711332485,WARNING,NORMAL
8.146541875207001,3.838426680275718,401.98348345763975,31.19089759608083,549.3125416974581,39.134297398338745,3.7664099913471274,WARNING,NORMAL
7.496846803062916,3.166314478506684,420.9679644839405,31.270590846866604,566.4058394156864,55.51224941022611,3.863799232700707,SAFE,NORMAL
7.227612933768518,2.4666915951450012,616.510761623284,26.04374768165025,563.96172355237,41.09366950009718,3.9326529810050004,SAFE,NORMAL
6.194863333292031,1.4382441944979834,238.2932929638357,29.631884723199637,715.6778103181088,42.20399347890825,3.4284284063444037,SAFE,NORMAL
6.278928928500745,1.329866415397401,602.9337663066251,35.167416347452395,719.8020278961803,46.847979975213185,2.681521509626873,SAFE,NORMAL
7.396706475197265,0.7180889925522602,725.2412491658539,31.178389789513876,561.439864215471,46.69640989796133,3.0808338621595386,WARNING,NORMAL
5.707183061691615,2.9187249106959325,602.0211677160534,29.608005823410995,902.2000814999469,54.42103080738815,4.019498981172596,WARNING,NORMAL
7.90884618675085,8.79862867718095,331.2080068108631,32.18126704641974,748.2051270652928,52.619089524024275,3.3296947366986918,WARNING,NORMAL
7.089292308939376,11.593935599227128,391.616247492895,33.72328066917669,513.7327318133786,41.92628395294659,2.98291011797761,CRITICAL,NORMAL
9.470165078716313,1.3913363700873496,573.9958800065306,33.07165714489204,810.471732455627,47.63431242671543,2.927553389813823,CRITICAL,NORMAL
8.815541375431277,5.5302106764532795,420.16131797216707,26.712085585130446,624.3352674167064,39.121587062006704,2.6612750248182726,WARNING,NORMAL
7.072985651526738,7.280331228699045,389.27876529557165,30.609139999487706,718.2838541935221,53.21486270908552,3.6596677436252194,WARNING,NORMAL
7.12556409822808,1.7417657108665883,437.88235846087946,25.8077581571432,859.7168277933656,35.11859876990568,2.9741536698382296,SAFE,NORMAL
7.896907059801421,4.984785949124883,315.37790099994277,26.782223636207902,879.8395741667828,48.12209746388899,2.7085990303595175,SAFE,NORMAL
8.392220826942626,6.526694083708156,434.3690271075901,28.916966479418363,864.9817400994074,44.83192713461873,2.76505941432337,WARNING,NORMAL
6.053379659794788,0.7060582242694781,305.25411801911787,21.206215270714388,708.9455667404818,54.36381827711572,1.895366649554366,SAFE,LEAK
5.94953717425172,4.176078025740195,536.6968693090987,28.474572561798986,524.5360991091886,43.52835657737685,3.553059509529448,WARNING,NORMAL
6.764575636111934,1.1536345573409967,348.68025059032004,24.234234498434176,642.6496291950143,43.20014734597906,3.0813059880768914,SAFE,NORMAL
7.607916308221705,4.302920138755678,456.1803263967984,22.25555888908745,704.174940740826,53.1714113742744,2.5856521507176904,SAFE,NORMAL
7.5478115133553185,2.9948610637973005,396.66703927972833,30.17965624683698,978.3128252716299,53.59675580438613,3.8935754612365177,SAFE,NORMAL
7.948840018488696,0.5518793148499543,495.8460813063997,25.956855250510426,605.3069188059417,41.62898352579235,3.2232567520978854,SAFE,NORMAL
6.360211730144284,1.6268504219852942,548.6800883486989,27.879947873126035,736.3161284668886,54.71010695085871,2.0792622777933047,SAFE,LEAK
5.578699295921787,1.457339456833543,484.3798331147203,26.0545007044953,478.0666782481495,69.65378061697871,3.560905187828311,WARNING,LEAK
7.800609936711502,6.350454356133063,365.96221202870817,24.533423584855974,761.295846438155,46.2277981527595,2.6946212644271452,WARNING,NORMAL
6.620262608924336,2.7864357794381696,382.4205334189291,27.470281753923796,691.8233353384219,40.172229866227354,3.4977187293375516,SAFE,NORMAL
5.787058494927954,1.344146745571752,733.1880255973012,21.551007011217067,676.739350652226,50.44355996164653,3.45255819486962,WARNING,NORMAL
7.301544622171567,4.657920755836481,563.8216896424146,26.615043850445023,852.3931170754256,38.94600370871616,3.2686824963340255,SAFE,NORMAL
7.755222981753074,2.367445562549363,426.2570457766838,34.92293279314057,576.5660667304708,47.93010478536964,2.574145554469821,SAFE,NORMAL
7.114560007515106,3.490955316498729,381.10070354422487,22.20209376564044,952.1582663049295,45.95963860253278,2.583684956415923,SAFE,NORMAL
6.879506129672258,2.612108920329311,277.3268563860072,32.704633202864784,563.2698209114292,55.53817647939852,3.1755494702084497,SAFE,NORMAL
7.088446437497866,11.327723431094968,585.3880111389453,35.34719121774099,945.8896478088536,35.94943786291317,2.72931220466327,CRITICAL,NORMAL
6.940592066319452,3.467259530721603,364.6916054682667,23.857967252833543,412.6907282115826,37.369095714807145,3.8096630846679176,SAFE,NORMAL
6.256367021641883,5.053135673402632,576.448238117872,28.310435833367606,755.0518662302966,53.054121889783666,3.1492656790552465,WARNING,NORMAL
6.699723526106698,6.330429568515764,549.2957761499415,21.801082519538156,809.8534201008022,54.33948974898469,2.697568263932274,WARNING,NORMAL
7.56489593350967,2.8099776626371527,612.3362579616613,21.202518268576366,635.2451495316807,32.82308733476138,3.699278577158117,SAFE,NORMAL
7.42517497896355,7.389785105369794,541.0606867631794,27.66868005173989,750.0008547707897,62.16655747929724,2.2446324534560635,WARNING,NORMAL
7.317641864176775,5.567576720166181,424.81894679891377,28.636720655235287,634.5530197132517,57.00527022438452,3.134083010747307,WARNING,NORMAL
6.503396062702635,0.3252170433418538,451.90891437886694,24.73233972191135,780.5966642219123,44.62754378621728,3.4780855954467342,SAFE,NORMAL
7.072947786505033,1.5526768194607514,452.94427041009135,22.476024641362937,745.0651183006512,50.76452585483022,2.6855122962617344,SAFE,NORMAL
5.676054467490002,2.844285218197445,417.75048113955177,23.864290436468533,1099.0476441862545,34.233053416378795,2.983787919270308,WARNING,NORMAL
7.324933664719773,3.106328191894827,255.21387660602417,30.564373157325505,451.85532094361156,55.63371761531124,2.8628013206653873,SAFE,NORMAL
8.200200395469498,1.7792398711980193,191.39916997203557,30.59169701066471,736.1667735857194,43.229863825062246,2.6377743653600447,WARNING,NORMAL
6.168107507570526,4.083790938778753,541.0595121930992,29.57003624489023,624.2549201723888,47.15239424389822,3.238231996696326,SAFE,NORMAL
6.789850628677572,2.313454699432421,428.28935668081556,25.457583216833672,722.4211821585305,49.12091398881806,3.625511741346893,SAFE,NORMAL
7.430374745097091,2.905758011624186,565.2047017074511,22.69775321095519,675.5461185233155,59.66595990987875,4.201872008162001,SAFE,NORMAL
8.076989844099238,2.234638308585107,404.4553323093688,32.25104263602417,637.2668561272328,53.73864658154035,3.5809777057287224,WARNING,NORMAL
6.886242768589896,2.4850347174445635,449.86205222344006,33.56467163788976,605.8498769941318,47.123650980777825,3.065329203662177,SAFE,NORMAL
6.715424769513873,1.2185366793020316,561.5434687619361,24.900369210374578,828.5880593116754,45.28585179315589,3.757325248793231,SAFE,NORMAL
5.821753800308742,3.8319945219902736,636.6405887370094,26.364397527992494,632.8362647605754,51.80354900331402,2.6354348044240434,WARNING,NORMAL
7.272406690515675,4.482326244552002,412.05848969092597,21.131796440957576,696.0895007120374,49.31589571573337,2.931855084442629,SAFE,NORMAL
8.62945322810062,0.8485684755896236,329.99031088956,29.13574959223624,733.4352462143836,48.065297400342295,3.6763145629578307,WARNING,NORMAL
7.394150923375273,1.8165529529449727,595.5609771530601,35.30314488496798,569.5860973921806,50.0480061390779,2.8709739393162157,SAFE,NORMAL
7.184404714571401,3.070287762220031,415.54969604134584,30.77452327126759,809.6700140736565,47.836491750068745,3.2288837422966186,SAFE,NORMAL
7.42545761753689,8.540518833491907,391.771304995423,35.847992798136545,527.4444088419901,37.47769791755884,2.8494356684035194,WARNING,NORMAL
7.192235597235979,1.2014918077083159,402.0247974614913,25.438463602358834,788.8010715359626,49.5396112390528,3.0921812305322733,SAFE,NORMAL
6.6308899394179095,2.300214166323927,363.7639283936627,21.769540639247907,772.3396179608145,49.825992284204865,3.1653831053599095,SAFE,NORMAL
7.776295940974394,1.9993453485261694,542.8494500578466,33.01723201080951,676.0565702923092,51.06465157671244,3.43566806209894,SAFE,NORMAL
7.358033066178228,3.6690195087041717,289.4124755426675,27.687217962864015,502.92618876793597,41.97295379662529,3.282852031990879,SAFE,NORMAL
7.21232927635356,1.189011646173244,462.24613887754214,23.42777078126837,701.2129381552768,43.60080246786185,3.5574959810162348,SAFE,NORMAL
6.5172437809052255,1.7226687601905253,479.9650567688907,34.48928336287888,514.1768648978946,63.11368746089385,3.396060618419664,SAFE,NORMAL
8.112455552354332,11.119784971572367,378.1745619796757,24.575723283614412,679.8414553657391,44.0751868305932,3.100069870565826,CRITICAL,NORMAL
7.665291921733177,0.37889574604850895,640.4558941745261,22.52084049865821,842.0014708835691,54.07371570583979,2.8953565998966724,SAFE,NORMAL
6.8129554138428885,2.8051077344675175,557.8001095932792,29.406441930350237,697.2195233756642,43.62506791197844,2.7427069200895113,SAFE,NORMAL
7.901277397577356,2.924227585760698,395.45652331311106,21.793007512354365,925.7263808767254,34.87125393878213,1.8361922674207578,SAFE,LEAK
6.851700413130355,2.060082592067163,437.2624326212005,31.089402755985734,753.1150322044539,49.16880230079147,3.142456191862784,SAFE,NORMAL
6.6525975552422745,6.263806659167347,557.314863365578,22.39075075231279,839.1950571623524,54.902361450037525,2.628474912439993,WARNING,NORMAL
6.6682078177638,3.4329092567684176,459.6032506017056,28.005960138651133,829.0080882764603,47.33017308883036,2.7619279838646604,SAFE,NORMAL
5.960252012838336,9.091827358926356,618.1893766799335,28.266718639159933,953.2805125613163,34.03030401960939,3.0497314944740124,WARNING,NORMAL
7.530079666292744,0.5388957211137309,517.9451638979041,28.059673348903445,465.0794823943555,32.13382356988258,2.9394644992075323,SAFE,NORMAL
5.918198585163156,4.069334549472468,480.34599325561,21.849224744538358,605.8615707480454,59.228814478454815,3.4738043443139666,WARNING,NORMAL
6.340089318113966,3.621509756792657,479.3131954764633,26.221874343219138,705.021696644492,49.885959917543,3.116687968615063,SAFE,NORMAL
5.747088393645027,4.34704965754496,827.8675974056248,32.49435243734969,844.1226440191845,54.857222492004134,4.01339915538776,WARNING,NORMAL
7.139751215046375,5.893339830179701,327.7844364090091,26.191933125433202,730.3061079677342,51.85327868318728,4.29702826768791,WARNING,NORMAL
7.0947756778096895,7.527122851645532,318.6676741117915,22.39647862689548,698.8454256800442,40.79689132706207,3.0469472017179156,WARNING,NORMAL
6.971312650769545,10.204847283901156,421.0268327500385,25.21971560345816,885.4687984861552,47.95347436598074,2.776504818040128,CRITICAL,NORMAL
6.4701956137305965,0.9579122296058539,618.5625997592759,21.96681388662452,639.2097523431383,36.42398663872099,2.318379991600446,SAFE,NORMAL
6.379436372594352,4.128307497223512,154.3335966378827,18.273071078795432,630.8358503492722,57.566370769753185,4.113902370007036,SAFE,NORMAL
7.525058904482602,6.523565476120514,221.53325590497596,26.2942363305881,793.7464502042569,52.554285873255914,2.8380331842929114,WARNING,NORMAL
6.814613647804059,2.7705925326552885,402.03264211020905,27.400041997367218,1130.9235666960913,55.925116716228274,2.9298576964916507,WARNING,NORMAL
7.4214508250753015,1.2985894413232466,704.419164944841,29.795539739138473,696.4523280883756,60.32537436460315,2.8501758084426183,WARNING,NORMAL
6.580325919713045,1.3223859538400566,453.05288184900377,28.86946108594056,583.6935711604926,47.14923317494992,3.036667347338177,SAFE,NORMAL
7.326743919939758,1.6524088896671723,310.5097243285136,29.458589662838794,597.9524545892175,44.06870459608852,2.961527866020051,SAFE,NORMAL
8.112294626121244,3.8696128025638608,548.6458128446491,26.8357178800653,634.1360254421213,49.15309820739872,3.6133978325999383,WARNING,NORMAL
7.610316060274949,1.7336455503975206,649.4315724416731,35.509997108410275,938.6883114598663,60.140949896593526,1.8270875064875371,SAFE,LEAK
6.911310327248464,3.0470071284247857,373.3572191227437,23.633996513842757,634.1108729023096,37.47009856155981,3.106184868855238,SAFE,NORMAL
7.380039279249149,0.707287971941089,504.5286671185701,25.731554876995798,754.8246631815616,50.16544408599841,3.5589966909232142,SAFE,NORMAL
7.0315343778288515,0.7045550869071526,468.81088622155573,33.634544310466325,683.4480160592515,56.43971918026648,2.8548031356129973,SAFE,NORMAL
7.20551612928631,4.6675502736327905,518.6718447481983,25.44035522768005,463.63379877363127,52.46382116697707,3.4941609142053376,SAFE,NORMAL
6.972072263496048,0.12270327147538881,394.92511994468634,26.55913089097758,641.0124106156416,58.585114526538305,3.244750805869524,SAFE,NORMAL
7.084965355880226,7.847664072333189,525.4357202134588,28.616738567672453,254.59690150054246,37.71969285565747,2.841101116922316,WARNING,NORMAL
7.348465347151923,3.8999658997709483,550.6161662509886,31.669844758845482,731.5181359057221,58.698275340789955,2.29389701489436,SAFE,NORMAL
6.504648910292635,0.8661495006240427,535.7159260920923,27.568012420945973,788.1181111863806,45.00629059612734,3.4032654923215495,SAFE,NORMAL
6.488884821107016,3.7345289940756055,255.31912310058112,23.46502396615867,547.791905153324,33.238898762695285,3.35915241964883,SAFE,NORMAL
6.228020212318152,2.0519517116359722,277.9363616861833,25.35969264553636,602.4229299312146,47.38553649218459,2.8296860110508515,SAFE,NORMAL
6.079810226847403,1.2627896725370185,367.29209134376015,29.160024419608536,458.70649263731957,43.288616763064695,3.5799434122111324,SAFE,NORMAL
6.347902115445665,6.743737123904365,482.09848904806114,25.819559955706183,301.0602870499556,48.68733144302451,2.957468900755887,WARNING,NORMAL
7.31162375476289,4.382880344211427,517.103952412905,25.13079609247226,428.8882564685257,37.84065435601039,3.717216799230796,SAFE,NORMAL
6.575048739155681,1.7849441790478031,323.5095744204958,23.272000889879674,817.3607750742406,49.01447626589809,3.3515008528504104,SAFE,NORMAL
7.559530124961768,1.5088694925521842,488.90847615196134,31.773929261051855,643.4312028096804,45.40075002792597,3.9399985590122397,SAFE,NORMAL
7.224299624126793,9.443139271027185,563.487493518028,26.51368992899071,737.6866205031708,65.90337145640476,3.381506964415725,WARNING,LEAK
5.822047050593363,3.976302331697253,530.1601048729708,26.539051645597475,1067.3704708207883,51.390380861974975,3.2140123232671094,WARNING,NORMAL
7.658482908955183,3.0967925452599134,394.8202125522444,29.719558698824322,879.78210495399,51.82600230764971,2.2577115920638997,SAFE,NORMAL
7.767559051914197,1.4938811750821042,405.7895048565628,21.550559864458066,797.0264341826196,48.175077763801646,3.226837994417589,SAFE,NORMAL
6.504296127615603,1.4681415050878346,294.29182445513686,27.16794850080434,612.7481719252644,59.98018259767602,3.0803861582534324,SAFE,NORMAL
7.494134080026495,11.18304496156339,658.8388754900557,33.02128690407794,980.6905252759208,53.88233973721158,4.007581285746945,CRITICAL,NORMAL
6.600451233813561,4.838423275960719,506.88354337911676,26.74466604509482,922.3456728030834,62.10489723119307,3.3067338522454235,SAFE,NORMAL
7.268369263723835,2.8781555958884493,256.53194410680766,27.878062464650743,860.7632454301095,58.43436916858881,3.591254271175552,SAFE,NORMAL
6.314851115131525,0.7905532078813343,597.1975358062941,27.788683375937865,699.1143397012175,46.91840770165584,3.901944083621639,SAFE,NORMAL
5.944825483225797,1.944984808154223,529.0258264476533,31.245377487011325,533.5837305288578,55.836548448169694,3.869761018036027,WARNING,NORMAL
6.932027967270922,3.959050674789663,593.3153484264074,27.804899724083846,973.1169038320403,56.51295313627188,3.156499091756587,SAFE,NORMAL
7.113389737607615,6.516412294944459,382.96733653941,36.874339574650676,856.6927286752542,57.557825282354216,4.264462830467472,WARNING,NORMAL
6.9216242144697775,3.2713462438391088,399.7169298191645,27.92510534304617,663.3573677047627,53.21125089834685,2.9469553796709973,SAFE,NORMAL
6.371178609244208,6.450094270087557,352.48235329331385,25.256988883090017,650.1809618479491,39.25189351349088,3.865243724556236,WARNING,NORMAL
6.920070656508204,3.2951252997316405,704.0617847987727,33.04778732347795,480.11643393192736,49.76635130331902,2.826714395965973,WARNING,NORMAL
7.388506326806514,6.074657601057838,389.88112838280676,26.157255449185136,836.8645395865434,50.888868491583665,3.6300149114826255,WARNING,NORMAL
7.1685748789142245,2.4307710768079898,335.37458283603684,24.60159420445329,730.6869704553235,50.5679555037719,2.7180986489271195,SAFE,NORMAL
7.3277507214194495,6.08422880643938,372.36563350583754,22.246291164164752,771.5963307357591,59.17908867910779,3.5093679874996777,WARNING,NORMAL
6.730919359682037,2.0321735705371093,410.98089192289507,28.91503642369924,867.4537039137242,44.85396703049333,2.773036048264954,SAFE,NORMAL
8.020202540301312,5.010981584050881,636.714446888017,25.17015872307116,829.9502397583038,51.08879898234325,2.681627298665282,WARNING,NORMAL
6.376678664411654,3.507440001579045,483.22069777562893,23.890582501436143,542.5034100372859,49.44335666866706,2.7168450149583743,SAFE,NORMAL
7.541292207960703,0.2458991284997613,598.0260836842882,24.736747513530155,704.0280641315771,55.46818024456763,3.448989358837429,SAFE,NORMAL
8.027323765071973,1.581894556160389,484.23648065859777,25.546718162777537,774.3039779490501,64.48117613304076,3.44724417057699,WARNING,NORMAL
7.536635664924227,13.913443404866163,428.371715398021,30.330858887721305,787.884672390679,54.98029750195939,3.4450981299727594,CRITICAL,NORMAL
7.058233041054619,4.360791662766533,324.8984955442094,28.93414349574267,413.75080232915565,54.44986571993831,3.3106662130450077,SAFE,NORMAL
6.830192067335915,1.948581927905844,641.2834167680718,26.42183911820643,518.9142106539948,41.841350873312166,2.9579797509668726,SAFE,NORMAL
7.925261355732379,0.7719824122688871,568.9153934871183,29.2433567923528,818.3218957529083,37.65121027061737,2.839290080762317,SAFE,NORMAL
6.203917552316829,3.187519491984392,579.8337813255898,26.574637527772634,815.5764451581714,52.04564966736445,2.6824741047236134,SAFE,NORMAL
6.52091301773425,4.311628870578109,561.0197151461534,27.826266450019787,989.7437638031774,48.50790792451519,2.652513794803374,SAFE,NORMAL
6.921709564155795,1.9303766418860784,364.78625943783624,24.332239063186034,420.9905705479757,53.68267840638422,3.8065150475720926,SAFE,NORMAL
8.066357630258398,3.66956787149494,481.80087230820686,24.369184056128276,861.5707930354519,45.09663669164889,2.6705770005216034,WARNING,NORMAL
7.4658373452286275,6.784842417551403,580.4235799289498,27.605390270052286,767.7399907909387,61.223362474850205,2.7339299492540237,WARNING,NORMAL
6.522367969042828,1.357384984257858,563.3204225756051,27.614361025379022,510.83642841025505,40.43058268308167,2.700916296598376,SAFE,NORMAL
6.982784606230568,1.8562750062513955,468.7909806463749,31.044723307151628,381.85148764913043,48.43191744805585,2.5366502572718654,SAFE,NORMAL
6.769973799132594,0.5985275825227793,686.9984188249102,28.997298456909906,869.3639590982825,46.86920244986419,3.3523262505082516,SAFE,NORMAL
6.703147705436526,7.004321181497371,513.9572839078169,25.032213286320793,522.9644739061391,58.78158296287492,2.9320417081943084,WARNING,NORMAL
7.885222690989746,2.1909753263414107,608.6390403843284,21.879708370612565,463.45164084842423,48.15105874872316,3.118100382810589,SAFE,NORMAL
6.239779809515547,8.837606283622756,474.0174039648578,30.5303633043169,781.6355859890576,45.375900838700765,3.1417333294404917,WARNING,NORMAL
8.326146599014061,0.1845548230537279,405.4006759578826,28.326684403434385,698.2606460329447,50.64561889132842,3.344332355291931,WARNING,NORMAL
7.779760783129236,3.8222486128224182,566.3019584834722,30.876891196771304,803.4338113670049,43.688221691160486,3.2506361090615203,SAFE,NORMAL
7.963603169422589,4.584836654435298,538.022215496546,28.835051183896695,777.5047296684564,49.82182813320731,3.791899149193939,SAFE,NORMAL
6.875942341582319,4.366088114009425,491.57570734572175,34.21985009232542,1302.1854444876453,48.96203505274574,2.86604515694826,WARNING,NORMAL
7.095041496644623,5.508129468884217,348.4640509741082,26.134480647287063,830.2303904278781,73.11381323800572,2.903936627499517,WARNING,LEAK
6.196793729832702,3.5132462405933604,571.3153423033388,27.16563306989324,818.7234820604406,46.30010375179751,3.1555361380016653,SAFE,NORMAL
6.832736315053238,3.360572814615277,354.78462364426105,30.161882927339697,541.1930921612909,49.28498763047474,3.163357458026039,SAFE,NORMAL
7.5455583933502055,0.6444520614697311,543.2827715502141,30.45206321295148,981.2245901349274,51.745236787366274,2.458534442781364,SAFE,NORMAL
8.107244143246977,2.7274443852285644,318.36171694935626,28.3083838215704,609.0418991646667,52.1852403532426,2.4116736233415366,WARNING,NORMAL
6.4249902282382845,3.42570707619122,348.35438169976646,20.63562279952472,536.1293116759314,58.345316133341335,3.129611876075667,SAFE,NORMAL
6.944145844110314,1.6237492378133354,485.05085015818315,19.92813757675193,661.9315158241361,65.37003795912226,3.8928988560743085,SAFE,LEAK
7.0940905458372345,1.4251804819800558,519.4758711701113,25.456202560413555,779.2192494012843,43.59157273973646,3.94237763887736,SAFE,NORMAL
6.22294755846526,4.320567404594806,476.00250977663916,27.087260202224012,616.87121687625,53.50917131801849,2.641396157916838,SAFE,NORMAL
7.61394446923088,5.133232674913076,386.74077176443166,19.528059913118035,542.2423327395267,48.68470519994065,2.9847484121669905,WARNING,NORMAL
6.693206767780174,1.5168137347548163,583.5852390053061,26.88076315093429,538.4009581798103,52.64275031849071,3.281261067715562,SAFE,NORMAL
7.063226754176084,2.472707157806068,466.65897085696065,29.604748475610894,737.0286372944241,58.88298879260419,3.3519585446350293,SAFE,NORMAL
6.883635439661686,3.882187497444937,473.2050252681439,26.763201113381722,800.8586446473801,63.021333585188565,2.713198009577017,SAFE,NORMAL
6.647463045996228,1.6516677762264291,431.0983214651898,28.180506211461164,815.6253726468111,56.997142322560066,4.051242644159494,SAFE,NORMAL
7.195068510163612,2.9567373535442267,363.2744557937059,29.351270257830834,419.98608631054213,52.52250192332164,2.9148700957511458,SAFE,NORMAL
7.049073295002384,3.591798306517783,585.2012015316154,20.59492749405774,550.4957677333387,58.210704403377704,3.3844462390796655,SAFE,NORMAL
6.939699482404935,9.9112749156962,372.8741613467683,29.610327283557055,867.6181003728891,43.268829285340615,3.035368337035081,WARNING,NORMAL
6.6900768648237605,2.503458849235829,653.6894671726302,24.065865021412524,623.641667283606,44.19370903884439,3.0378241492473634,SAFE,NORMAL
7.423667269548069,0.508274224808955,351.0021429994037,26.04757503003734,736.4761570776949,51.34756708777672,3.5783512846173275,SAFE,NORMAL
8.3575320879446,0.6865202393261475,488.75186578060124,24.35563260201659,1172.735842440601,59.31021044929002,3.6924895380703227,WARNING,NORMAL
7.297921062987389,1.6441442969618458,458.3457404043414,31.29554566459228,294.1713130449016,47.63505173433,3.540371021502346,SAFE,NORMAL
7.897282750437791,2.2418696975512717,436.48559391250444,22.310321749312365,676.7358612567518,48.47670500968352,2.7584140582291172,SAFE,NORMAL
6.226844652392576,6.504625031503852,531.8307603860871,32.52538107284483,827.4263830281968,34.14081265065775,2.527204766890971,WARNING,NORMAL
7.3104330075056385,2.6117281322615806,544.7742895035078,36.56731087856806,523.286434011976,69.10650011896324,4.5301576536416635,SAFE,LEAK
6.431842176720254,4.384397283569784,514.3157291090998,20.795519704497615,675.7233626517219,48.160516533072595,3.3534863683539355,SAFE,NORMAL
6.166152550727669,7.6469058786163,322.33381059841156,24.655786542016013,483.9551203893826,28.07030214465895,2.7510685209980457,WARNING,NORMAL
6.682440014778675,4.997239003339281,309.443448534607,29.449790900866404,804.0027851851752,51.33689657048107,3.671108281261496,SAFE,NORMAL
8.034329534089501,2.2858461253964135,302.2238195485578,23.026200631869166,579.2043042874507,53.78300627243844,2.7470529718323706,WARNING,NORMAL
7.8650110800687525,2.7428523969402554,420.70972337297377,25.912500672362185,622.473896804864,48.16010358798806,4.184210519433096,SAFE,NORMAL
7.37010330543808,2.9740506575977546,703.841186299462,27.703509047676537,861.4115012816568,42.718489506127725,2.996141228407998,WARNING,NORMAL
6.127109608077049,7.992827892909312,444.09914588753367,24.148715940623063,800.098933876792,57.18258195192031,3.6294430610587485,WARNING,NORMAL
7.062603544028445,6.115254928018811,702.1099367081895,27.32793255494876,875.2074008895851,56.26520912273996,3.177555180934607,WARNING,NORMAL
7.411190006231215,5.870798225806726,445.9914982796546,30.794945097710926,1016.3508787189197,54.20842602610125,2.437940574743202,WARNING,NORMAL
7.3228753607050185,4.152848688515814,469.19859814702437,26.68673955881533,713.2623656676899,43.88614626316715,2.7080277389442724,SAFE,NORMAL
5.909344491563479,3.528928275904133,521.4926395932844,22.845382345887685,1081.0021536292952,45.12996603105331,2.8162198164682244,WARNING,NORMAL
6.57677750638609,2.6307767127866586,415.0776819308339,31.659546514156172,734.860702938564,47.1963922436219,2.8575899052215146,SAFE,NORMAL
7.155145565095898,0.9916425749626387,477.2746659414556,32.5561387021928,937.1747097930736,46.6842276302894,3.2937341608002257,SAFE,NORMAL
7.575403636662033,4.9132514968017995,245.65793268528816,28.474318795147592,694.8158524540213,55.00299404709725,1.9840938086670643,SAFE,LEAK
5.662710525230038,1.9022595896265222,343.3067140719597,23.07283059890852,851.2629907033282,46.841299818800046,3.297136977400495,WARNING,NORMAL
7.086513217164099,5.448351145653506,248.18226553603694,23.489090945252805,623.1564363189318,42.4003718016499,2.212110138110175,WARNING,NORMAL
7.300134138915267,0.38693348278567696,537.0287820595522,17.526262257151874,941.0981499863708,53.38558261422387,3.3789678991370384,SAFE,NORMAL
7.79472839196135,1.1872035873966054,286.39876711136105,24.63149009903459,907.1840280761933,69.0129332574041,2.7997256293804957,SAFE,LEAK
7.685000308966206,5.97534175066951,619.4006476626412,31.26231777794227,661.5447555712774,43.70533831146705,3.267309685749853,WARNING,NORMAL
7.607799923166164,8.01728208702853,492.7227004303533,24.264126730215786,728.1210219656243,44.32352438280361,2.5330205724194217,WARNING,NORMAL
6.640041645308647,5.417337295635694,565.1291996228512,23.17626951637956,530.0463965403972,49.021016121667415,2.885337178544909,WARNING,NORMAL
5.8643985040136855,1.3578101470100488,372.40132396868484,31.091537666275947,867.4087435531259,56.05055152508658,2.176788416081175,WARNING,LEAK
6.92486307005702,6.308410956144144,315.18339371754996,31.605118754510013,851.308244443036,54.5257280704257,2.5768945821939617,WARNING,NORMAL
7.9011422776459925,1.4485063238060687,408.2731726162836,24.85547534397471,478.12701452167113,49.05449917115105,3.900715927625585,SAFE,NORMAL
8.175418169267102,6.357568903876444,577.7020743514345,29.0377958696428,1090.868208327687,46.51128518121125,3.9139181664904323,WARNING,NORMAL
7.69738437160845,1.094699400618884,703.8062018570643,23.528991741250284,771.5610346069212,66.794275310189,2.577907154670613,WARNING,LEAK
7.500538575961214,2.105842258409385,511.0038052960202,25.629471427959242,658.1886690816779,59.151534320346144,3.0307189358701394,SAFE,NORMAL
7.4657477538701755,0.13560489568286982,292.11996084949254,19.719558768749366,915.7671562813807,63.881820444147834,3.4291629357802003,SAFE,NORMAL
6.810716877267454,1.1751926442673863,333.37220274713854,28.440408584291088,606.0326832903737,55.622998959337465,3.240237842958323,SAFE,NORMAL
7.108957794512466,4.879583201220049,271.4009503777755,26.588345880946992,935.2535584537853,49.25233109239654,2.912046461415525,SAFE,NORMAL
8.368348668078433,10.50708921103651,434.4996284202619,24.31229070163379,488.2737853698197,53.18995395919349,2.4214549797497003,CRITICAL,NORMAL
6.540209395945687,6.643486199131562,416.7315961743864,26.631879865642627,660.0534729642388,64.45321539027141,3.63851425935129,WARNING,NORMAL
8.330345153496896,5.2756285155424365,433.60672158388786,26.139796170349424,684.2639835034188,54.110901363838174,2.9460810420151406,WARNING,NORMAL
6.97458029185556,0.6941686746063488,321.18948692652987,23.691015764831743,602.0720008726367,36.25344583405048,2.377266822504507,SAFE,NORMAL
8.127802476366554,2.1348503696260104,309.16750804005846,28.594203081867803,567.388260296151,61.21872522566548,3.1774045089837433,WARNING,NORMAL
6.215229493351724,8.968880755002518,461.2938496199077,25.80820326853415,612.3668589364188,61.97494638397819,3.028213387636955,WARNING,NORMAL
7.610132940815254,3.1205671725849564,508.1293057442655,26.462878932356293,604.1804582174941,59.898259089122135,2.9456815258032316,SAFE,NORMAL
6.684260904836664,0.9551715609939183,307.81919274299776,21.15735453776018,615.5660796482422,39.25840215853765,3.2632808754230433,SAFE,NORMAL
6.209312965653069,2.1257951634717105,506.8458031846711,26.49752968229563,958.1565262755391,53.09504980236434,3.0935746277270324,SAFE,NORMAL
7.352973829687662,0.2983882025738892,563.6123455208322,26.28268013246932,778.00492436371,58.203055909110795,3.7606509945736817,SAFE,NORMAL
7.9066302520171785,5.676372815065603,170.30726615691378,23.69754367879438,684.1483381885873,50.12765590225229,2.743383619384155,WARNING,NORMAL
6.608540992984553,0.7789071278640918,639.0818276670352,29.126174978017172,837.6994949070254,53.04787648497974,2.814593392269865,SAFE,NORMAL
6.15068882767912,3.0092781255065923,534.2645176707135,18.56876591347016,682.8387923992058,54.47969333607953,3.585782524584244,SAFE,NORMAL
7.135708664965532,0.9237783771774858,564.7354849551908,25.071206491443277,557.0616426189293,43.388831486004975,4.4476654370752,SAFE,NORMAL
7.138795269855973,3.4445498127737264,327.4941957610189,28.239817709387104,410.97403951534096,53.76006441529819,4.369429934330964,SAFE,NORMAL
7.58382373928815,5.456997553172239,544.4578859875844,35.39403647831942,877.9884589100477,42.114930284375234,3.565948533755395,WARNING,NORMAL
7.864716199955142,1.9168746214049706,558.2491493318117,21.53730826000582,299.37427470340543,49.17844744286066,3.024722857493757,SAFE,NORMAL
7.158409373109254,7.428937603689955,371.81441076285415,27.354509851073605,428.4461540470925,45.387874687287685,2.9329800135922675,WARNING,NORMAL
8.498852320355985,5.059803788258616,543.5849434116952,29.191611172000588,790.8294927261478,57.00314939066267,3.00645847678929,WARNING,NORMAL
7.356964321174704,4.459077339612281,433.4208452563232,27.25339171058045,696.891985667992,55.35056779956793,2.3293878673192143,SAFE,NORMAL
6.95750144579517,7.264916125181316,375.8990646116234,22.070625630676915,962.6517425816949,54.53903277872877,3.5414718428081335,WARNING,NORMAL
6.071902848628021,3.4913296820877364,426.4263010745147,25.06530960058554,584.0516107202379,52.25532364865421,3.8606759113319358,SAFE,NORMAL
7.016138335778683,2.2475649842435974,470.19275775830306,17.23340565003776,838.496615049942,53.487394936685604,3.132478504658978,SAFE,NORMAL
6.964529138212205,4.0371338298814035,413.6876371885294,27.0154637393284,668.2401462896509,66.07059451481874,4.246452077249603,SAFE,LEAK
7.87221335739703,0.9816709716850125,354.9856636841065,21.33642905173424,798.8589574629939,60.594636899152746,4.5630389434129155,SAFE,NORMAL
7.523738536846798,5.8358576269514515,497.15448758081294,28.82264376384312,730.5895374851667,42.30729082099513,3.642543134721193,WARNING,NORMAL
6.374441614857168,5.841270078355049,517.173419374395,24.38631048500706,790.7249044890893,45.72695946866936,2.864816400629482,WARNING,NORMAL
7.320578070487726,2.509705748676736,467.5225340453327,24.009940705999632,738.6950936802368,48.33093566089558,2.7708994361196435,SAFE,NORMAL
7.670071820210337,1.805218909809283,255.89345628836062,27.66620103041363,752.8299353290432,48.06120270011766,3.58703471339123,SAFE,NORMAL
8.269621951571484,3.5650640428273577,379.8490265213975,28.041026254494607,504.0611521051481,43.384197329090846,3.7266381707633967,WARNING,NORMAL
7.821252777189842,0.8335292758542325,348.70919268058503,30.485137207542234,713.6194041722208,54.693521732430774,2.8715757753877615,SAFE,NORMAL
7.732592658018035,2.2053121943912597,657.7318032127226,25.954552332827543,808.4771366623457,49.51151972320745,2.6202286530424264,SAFE,NORMAL
7.242060196230614,7.00753148857235,464.14728873160107,26.576874140487416,690.7025682682198,51.740200653196226,2.3446410915108635,WARNING,NORMAL
7.471818403796415,1.1947860652778908,416.3726181481492,21.454703676886368,681.6908640696324,36.325346260542496,2.678178774341016,SAFE,NORMAL
8.074653430494312,7.6650639078116,382.95380953752164,32.79359769300745,361.0697461550731,37.41728165555673,2.990900247977221,WARNING,NORMAL
6.267055821764245,4.189421200303832,435.0172911470993,23.262238171918902,976.1364919481141,45.67044494414949,3.7452365839891657,SAFE,NORMAL
6.955392470948131,4.59255505419182,540.1840105383992,29.899338794678187,453.82510162782705,54.863618659130736,2.9136384276661587,SAFE,NORMAL
6.6592018758706315,1.829962850834505,230.41153666039256,29.92874916985529,588.7325917092707,53.82421549314744,1.6662160473926824,SAFE,LEAK
7.465407183108287,1.3736080757102256,477.619838640864,28.599610618911907,558.0980572767421,58.06009905116289,2.872387416738472,SAFE,NORMAL
8.061155522955552,2.410517811150552,389.4485329501146,26.050438504294053,753.415324306348,44.39400186647764,3.0334255014801044,WARNING,NORMAL
6.782117999295249,9.207978673836836,501.68041432208423,25.549056927244287,761.5530724105424,55.48542692015897,3.0224634748253054,WARNING,NORMAL
5.526786942771394,1.7438178006473986,545.8921756826267,26.743694730639938,818.6813736924021,62.241807838605666,1.9082701387486127,WARNING,LEAK
6.911445478482871,0.23081441156933838,366.5375819755914,19.38444587259206,826.6849218454812,57.41283524313998,3.0294257279297407,SAFE,NORMAL
7.839431612412184,3.2862421890511904,285.695759989861,26.895603854794697,1010.2234987799391,39.661049175267934,3.8600175287691934,WARNING,NORMAL
7.576340932064916,6.69879495035368,413.4718871857799,32.94300375865216,645.0242464629612,58.8627268847071,2.966920472154723,WARNING,NORMAL
7.499730373467403,3.594156380450908,604.4481814057407,26.096594044511054,550.3742039922838,52.61036567477954,2.862600058264167,SAFE,NORMAL
7.004004688687864,9.623296153233875,550.2788701418725,26.8690393329218,657.732346997635,53.633189022734626,2.8139217008114987,WARNING,NORMAL
6.30467848464615,4.841627678328395,404.68526140832347,22.903529840917503,501.05784460255677,69.96463382283875,3.2766105569508057,SAFE,LEAK
7.560706025137128,3.629500837451278,373.8193050853291,27.742749235369097,637.8553120261645,51.97269725950033,2.438340393165795,SAFE,NORMAL
6.616002732975763,2.384871598007051,382.87806242348194,23.888123345521347,420.80847279669655,55.04968978535936,2.6332532562324813,SAFE,NORMAL
8.72886771336632,4.413943193949058,294.28493553830094,30.399426006951295,549.5701919146921,50.750291412947014,3.761047065400386,WARNING,NORMAL
7.599355045848162,0.6584320843313802,544.172883663229,31.565313051587562,396.255568981653,48.05389878474688,3.5355325379466214,SAFE,NORMAL
6.793546188212234,9.219672721151902,566.0899621433629,32.438386501934616,917.5327949045205,52.916644096805584,2.9287882300875836,WARNING,NORMAL
6.77203032682796,5.47066988629436,403.54349080193015,21.22582865000978,719.9967747511078,46.502971543847984,3.44316364270449,WARNING,NORMAL
7.134939055370489,5.448761819289219,389.9182320229354,29.890841995941564,1038.4570792319514,51.16404524473968,2.7401673251511895,WARNING,NORMAL
7.0323486545847755,2.9083897728413755,366.20714445223535,29.587959779549198,899.9012095596281,47.58642971722582,2.7339430761059766,SAFE,NORMAL
7.981783642870968,7.5178513047992,395.95615027074774,25.33971756684903,917.6564586537488,33.37309631224756,2.7237853808642165,WARNING,NORMAL
7.330491318820832,2.5966015013980144,361.7791725751945,31.77071011096597,674.8575500988622,46.06609568105766,2.4151107835936907,SAFE,NORMAL
6.687857782764031,1.9350843799435211,431.375530455989,28.657781801328742,788.2056837392638,57.644364399342585,3.152640579052687,SAFE,NORMAL
8.523308479609048,3.1412542704070474,544.3675623658962,32.492463367465945,538.6461870268138,54.15801342271528,4.195082362108283,WARNING,NORMAL
7.234515832064156,5.602447716128027,532.0030588196443,21.92951924118983,604.1736958792086,48.12589393952756,2.2012090127915194,WARNING,NORMAL
7.738187773178228,1.6566307607871953,349.3571106547784,24.14377870677088,702.5218374345787,50.788635111781744,4.043003009464901,SAFE,NORMAL
6.774241444788669,1.4190087516330112,468.21716565786147,27.374894185306953,386.95116497000856,43.55627972074588,1.8424712249604414,SAFE,LEAK
7.454180939421167,1.3698549662923794,527.538130722735,31.69036213238926,608.8308131581612,44.4174612544335,3.4495422565457976,SAFE,NORMAL
7.417776993800237,2.0551183799699575,337.2254029998115,28.819197822695216,842.731126692342,50.05346226912202,2.271403717277799,SAFE,NORMAL
5.877245495532693,5.997009211590276,466.9700367085203,23.206648073969994,611.7664685986183,48.27390881158294,3.4555848371033626,WARNING,NORMAL
8.610692577322448,3.457335818384325,595.6375025035773,34.10536924750299,567.4752311548768,43.971450465571955,2.7935446069638914,WARNING,NORMAL
8.103451122645783,1.024266915368796,420.6131921940673,25.821171287545393,630.798683596681,49.466457936719976,3.5590729868026387,WARNING,NORMAL
6.921963278697809,12.766371567746255,207.85172682455485,23.33466197496386,834.6473449485773,41.098616959485724,2.797625751131055,CRITICAL,NORMAL
6.428411181680901,0.8762303385566785,147.93235480435976,23.89961042481847,764.9752877693851,62.5936800307351,3.4466320449160004,SAFE,NORMAL
7.443293129662487,2.06813861061758,487.2975283259946,21.67103781822071,659.448326620252,57.164762468495475,3.091785638842148,SAFE,NORMAL
7.260688389590078,1.3198948549303602,462.78198915886895,18.010787561503037,703.1733427130446,32.627035518394514,3.8040629058294435,SAFE,NORMAL
7.448968263994261,1.69640757300225,472.528177832464,26.533626311577088,854.2651726274612,56.70868299254199,3.1028863464976015,SAFE,NORMAL
7.334104177335863,3.1690563888620678,508.7144968619771,20.781586049217918,935.3299876907608,47.01717782951205,3.30338647546086,SAFE,NORMAL
7.554368692514148,2.531211550182196,272.4656000292309,28.254670790392332,614.5403725874562,45.626533112327515,3.227755929776128,SAFE,NORMAL
8.213113989574264,1.523487702182985,353.1825655582037,30.937130600972836,685.1595930519318,56.024107692714594,3.6365025596570466,WARNING,NORMAL
7.597672243590052,3.822033291084078,500.76761293495804,28.50648018738545,924.0707768763837,48.855468241827545,3.665294493279014,SAFE,NORMAL
6.465241150763042,4.257013988143486,538.3036492514323,27.17595076653579,794.1173235738455,46.902911547974895,3.217945695018397,SAFE,NORMAL
8.153793996898717,4.8279155231497555,419.17377250754816,20.836576844203318,447.47520595090634,39.3709061089054,2.3317161329340355,WARNING,NORMAL
8.348430194441802,3.208454490309671,278.12670171215814,30.384197393868728,539.2285718409673,57.324613918784685,2.71038324766217,WARNING,NORMAL
9.40643971415846,4.127548752268012,490.79565489082955,34.78625568203864,544.8214269069169,58.292129117672765,3.5903117067545334,CRITICAL,NORMAL
6.413554176732282,4.744292264453253,456.136099994746,32.63307629909869,625.1768205483199,51.29048656162339,2.4235639547456813,SAFE,NORMAL
7.370017409205193,1.7242388397568267,323.01016481664954,21.677858829395333,766.570199435438,40.673079959320845,2.8298250609887705,SAFE,NORMAL
5.742530907767709,10.826462678476302,211.96390887763516,26.68813043213281,1039.3403068236703,52.42071636190376,2.8928144092823236,CRITICAL,NORMAL
7.587204409465446,8.994850685478578,518.5502038375942,25.869079940824392,685.0648769827095,55.1285513791202,3.080938960610767,WARNING,NORMAL
6.816259791283259,5.543468997942717,375.9057106793274,25.407853577057836,818.7130470478836,49.78761822903325,3.0095435315461057,WARNING,NORMAL
8.546412056377468,2.260877152705299,472.40375575130713,27.10831215299695,904.0864102174744,57.05256380910474,3.215985483768906,WARNING,NORMAL
6.657769520986993,0.3933627853267293,467.94715171646067,35.66032886973842,967.6271433346374,51.35637566942967,2.6626805888049883,SAFE,NORMAL
6.017571873422917,0.5192120859080865,312.3685785197482,27.429429270348944,904.2683030788749,52.43275461710281,2.762298025508688,SAFE,NORMAL
6.870115381508237,2.4074974134945055,500.1436831439329,25.222627434718845,565.5497486333015,61.84371973080789,4.085204914021867,SAFE,NORMAL
5.817158560148004,9.040392041343182,346.82548296342054,28.19161346529574,438.87570044166694,46.06530883675339,3.8982286246686026,WARNING,NORMAL
7.725769618155117,2.617850487146378,270.5541381061529,21.74677168552531,586.8478930186681,37.455423409095346,3.4536783298419564,SAFE,NORMAL
5.754441867620576,1.3033256362100873,255.18258302925716,24.135696392031132,730.3272228997464,48.64783441589425,3.504610484429336,WARNING,NORMAL
7.219920306828211,1.3803845753688404,449.6115755119621,30.94492829410533,566.2544873178829,45.48996917485489,3.3278324326227744,SAFE,NORMAL
5.745531726100662,8.911580154323836,641.2922784011175,27.7533773054635,407.4801527155662,38.624947222576886,3.1645294486851223,WARNING,NORMAL
6.975791536824351,2.44936615788853,454.9226107492156,35.406920350634735,481.2343399543262,54.97496057992802,2.7560715498987745,SAFE,NORMAL
8.350364709063173,8.55250325202903,663.9790141900354,28.070721783357254,1241.18443253441,50.00667113364982,3.9153042175930413,WARNING,NORMAL
7.4524535240050565,1.2347130899420415,623.8586181344705,22.016701747504367,660.52666122632,35.430594461823205,4.124669659472811,SAFE,NORMAL
6.595554476524546,1.4461984084242465,511.9543076888849,20.659762260263843,1024.0239472725016,62.36943837057972,2.913649601411751,WARNING,NORMAL
7.178157557742641,2.0132909513468715,638.9389560558234,31.00658167864143,657.7481586898554,44.17677970118983,3.738820091468143,SAFE,NORMAL
7.212611810431113,4.339613485230112,625.3646385009135,22.833893330080226,842.6721207939019,45.07293933383022,2.9708132576238793,SAFE,NORMAL
7.530841242090384,5.123785289121936,591.4435181663115,22.47550605295801,674.2262391953101,57.53260498608044,2.790413729860356,WARNING,NORMAL
6.2431991457034215,1.610117799653135,223.8803977256586,24.940061902539846,701.3163002456257,53.42558384260433,2.96553479026927,SAFE,NORMAL
7.614797091693132,1.79110290898409,421.5907382817691,30.985032287122937,840.1119768124784,58.7349973205249,2.9948865782543552,SAFE,NORMAL
5.306925857878058,0.7350076176605248,366.7563939493559,25.52910423771494,627.5606500881826,32.56001099920374,3.4818626635851997,CRITICAL,NORMAL
6.759080813345333,0.7082396630873367,590.5356535697667,23.63355368844814,485.05285450488384,47.71173495544388,2.9580036654042914,SAFE,NORMAL
6.858208310283919,1.3305156536676548,413.1299413839143,31.850428213165955,555.0636218507359,51.07095513385448,3.6078840974795363,SAFE,NORMAL
7.643328778249867,8.001404895133874,660.2771963653079,31.167799575364782,554.0920774863562,60.41232826712046,2.815151727651733,WARNING,NORMAL
7.215841596873808,1.3129309121395267,462.1874798629685,33.66826459342989,715.0791398080112,43.24270136798345,3.150504906284791,SAFE,NORMAL
6.2161058623006,3.220155901742858,446.64574437017,32.40532218843062,358.7189400205805,47.27496585180123,2.6139967522915195,SAFE,NORMAL
6.510504811928089,2.231308096498351,404.5622799719958,31.235664143581133,754.9381245542879,51.126364241656525,2.5282983595963313,SAFE,NORMAL
7.339076006683185,1.223535781753813,427.84622381931064,23.99503311692918,927.933687461222,56.09115726051869,3.3636659656257373,SAFE,NORMAL
7.144652860694811,4.660924087677781,482.24936633184103,29.63611450597032,608.551854313773,41.12573084590281,3.2342650495579868,SAFE,NORMAL
6.794613123254978,1.8387442069723234,442.0705880291629,31.858541096254612,582.1662317005153,56.49319325142398,2.9499135518327986,SAFE,NORMAL
6.863416347341615,5.745770151047948,394.21560365117784,34.423192970298615,1054.118521896817,45.27929002396467,2.716604303928128,WARNING,NORMAL
7.687317598011503,5.868966052895339,401.3248842472554,27.68449850025251,964.9562199571892,53.00279840424242,2.5995515423418456,WARNING,NORMAL
6.83761519899155,1.9050047242530443,668.5223727906225,25.03216161810063,776.9636704456541,48.45593997132344,3.3591718742836347,SAFE,NORMAL
7.138336129179649,5.214780155176603,689.7014044190646,23.463473351716623,565.445913588067,52.19964566143449,2.835309786506262,WARNING,NORMAL
8.71895561165638,5.197316870056991,393.5043012350555,30.917721409399288,805.0952938243776,51.69674617647826,3.997628452327292,WARNING,NORMAL
6.203422154181254,2.3526585161679576,551.876435536234,24.333077017892556,518.4675247652356,60.21609010468274,3.271425991292191,SAFE,NORMAL
5.903710087897739,2.1081199384195726,350.662934465028,27.42897339358418,461.8681103895142,48.11487334690143,3.4472542786218976,WARNING,NORMAL
7.748512765359025,3.8313885552038003,410.780478538006,23.47893744209187,781.3921536916563,47.581068710529216,3.888757866662294,SAFE,NORMAL
6.724949857094128,10.291929363211983,319.4983183658784,26.364313365509258,613.9108043982387,58.547076319313376,2.770315322474905,CRITICAL,NORMAL
6.977233730580166,6.65601067170596,572.3800574861706,28.755943079854465,335.8121842620688,61.202362665252,3.408918214256963,WARNING,NORMAL
6.65319053530822,3.1611273115623115,508.14276275347555,28.0770022932292,805.6174087774565,46.82983441152123,3.435530008929597,SAFE,NORMAL
7.0181399014627415,0.3923810637841547,531.0536755721507,29.95179563100712,962.8312245937875,55.53874889061424,2.92607543611317,SAFE,NORMAL
8.31897667846744,2.9135175157450406,556.5908878844954,21.503630011633653,818.733325716478,43.168962657441824,2.4172093000761286,WARNING,NORMAL
7.761489921032684,0.3854702798387506,345.6467595907217,26.533826376161276,610.215017956517,55.58536058945377,2.1064905804538925,SAFE,LEAK
7.803556458320884,0.6132496785267664,411.06985174128056,25.11919821036697,314.73433054185114,57.36083743208887,2.7314838970144084,SAFE,NORMAL
6.208641060945149,1.4958476030599228,503.42788354782016,23.07059208460231,726.3434044077237,47.79835867673157,3.742951889208889,SAFE,NORMAL
6.3941923844129915,3.224822798323962,408.53194567672233,24.001944912959605,581.758738630546,58.88671171906946,2.793697847029235,SAFE,NORMAL
5.212644938360201,1.661913138778752,458.33101609076266,23.423672600336754,537.7745139696306,47.89834894604068,3.665405038571275,CRITICAL,NORMAL
6.633433425242073,7.107749643673956,354.03332935068437,28.39972335993744,349.58322961722473,50.1922761614834,2.8040307600645007,WARNING,NORMAL
7.869692230469961,2.9307889118261397,609.5676949704502,28.60055559885284,1037.8604038111796,53.129025324650776,3.207789148465203,WARNING,NORMAL
7.56186256102386,1.7257998133610732,562.6236882225437,30.502496879148648,502.5048943051546,42.31931156800061,3.4501217635095385,SAFE,NORMAL
7.044940715933514,4.924879143636924,598.4493535798596,28.31225148294392,372.1133297757636,39.12889534368928,3.700747457962014,SAFE,NORMAL
7.184389801397363,1.5586845995860932,529.0944569002617,27.635215725214202,1005.0355168417619,52.23828732698108,2.95503740079647,WARNING,NORMAL
6.717780120197216,3.285303666175571,318.73489376637156,27.31556455105257,705.5912215178973,44.06453392708694,2.864945470089953,SAFE,NORMAL
7.343331217681249,0.17931806227734323,392.45675520200086,29.702631484346494,677.6723454086723,40.23423862090506,2.1957509242986273,SAFE,LEAK
7.73611479563643,1.5356719497780864,365.7921019418946,18.57257708920448,755.6916396668845,56.15197813120825,2.9707788673054414,SAFE,NORMAL
6.068879248812669,6.793802825130163,419.12701318284564,26.763475798561686,778.4239237953102,62.13470476647845,4.846084698945837,WARNING,NORMAL
7.409753381486144,4.178847433839006,576.9316434804699,28.268808948623384,738.3810441408071,56.8581202401245,3.076665716672709,SAFE,NORMAL
7.852704409668267,3.567550239040924,273.2687000522825,34.158522786558876,428.7838661870862,40.523333125915286,2.4749549459902753,SAFE,NORMAL
6.909429797725641,4.675592780642706,379.9632688289793,22.553698337553172,414.8319965548229,51.426094334053005,3.110033227096503,SAFE,NORMAL
7.6904904284844084,6.833190811470514,402.6616788501085,22.412561312158463,568.7847127854185,47.524214363851186,3.5558705818883616,WARNING,NORMAL
9.170258111130787,2.883492813771483,292.31800037037476,17.91613888348946,608.1814204275098,43.17741992856796,2.886253571849384,CRITICAL,NORMAL
7.1269600449091755,1.9058238712269109,474.570990578802,21.43687758626693,635.1945970683719,50.68101032372469,2.6421047149916594,SAFE,NORMAL
7.475314935003727,5.177817465958327,408.962481681905,26.394781723105226,741.1414149005276,49.459751092794235,4.4562880568736425,WARNING,NORMAL
6.683360041437026,2.5201348255911844,583.4180190678063,24.10386759605685,649.6778177108307,48.138555584324365,3.3859819633544386,SAFE,NORMAL
7.326875813821435,1.8710951660291095,416.98519195937797,24.01847366335656,577.4747108911599,57.904889542446,3.9658161168274675,SAFE,NORMAL
7.522190137487613,2.2706822307920054,505.07305899630546,27.091715888410263,771.0481556447139,60.39894181454107,2.999848952361178,SAFE,NORMAL
7.336389638189097,4.1621924456584285,463.7982442052732,29.32922419401146,828.4888827393825,47.413874957415025,4.086698568353574,SAFE,NORMAL
6.4862132762038005,0.46760536374848016,152.21849544174984,27.050020061374514,554.41832831513,48.56488176099768,3.6537142661748088,SAFE,NORMAL
7.344453239927816,4.2172160528684355,277.78252885559743,27.10679363614343,453.770599623084,48.01973385875957,3.455587411355234,SAFE,NORMAL
8.223537157102346,1.0715276813297623,496.02485627492257,28.61443685051631,732.4344210810224,54.11944504674969,2.585628118572328,WARNING,NORMAL
7.514045035160169,1.6540550741892972,490.55541799360543,19.669163659667557,624.2825379013861,52.65149165995784,2.832142230116408,SAFE,NORMAL
7.8733910323502885,0.8296816444276134,441.75961745988707,27.515978348938777,850.4952095839849,44.32332136930737,3.425028063179488,SAFE,NORMAL
7.034091620991161,4.812212133404102,609.6159969525412,26.70026952150716,522.6615632687675,48.969945255459386,3.026358844994721,SAFE,NORMAL
7.724930167596598,3.577442329545148,511.1969688850076,26.971599511137057,482.9575729408648,38.024501734117194,3.3862702240938307,SAFE,NORMAL
7.395487486751568,1.074919801369504,638.4354615985969,24.663761078262038,585.9999033386773,37.42840306730843,2.961608982832271,SAFE,NORMAL
6.534362489218938,5.3689234442522515,154.83994235140108,26.178108929468337,793.5609663698451,40.55357534682306,3.410748329091504,WARNING,NORMAL
7.422964703359212,0.6231770629702896,658.0977629021324,28.610585673906527,636.7075989885576,47.98863589728559,2.8723745825814295,SAFE,NORMAL
6.5058123355917825,2.1592790108945112,377.1416440437147,33.43619114201012,684.0524628171836,54.88967117643832,3.4251309905650364,SAFE,NORMAL
6.756983807580646,0.7790836118233374,452.98363593038926,20.234516708718882,610.861445997852,43.74019259122211,2.695743960248731,SAFE,NORMAL
7.332529815104662,2.572223090981473,592.4126284782408,29.28713556099569,882.7900481061971,48.991128921629596,3.0286007935350594,SAFE,NORMAL
7.408070991366087,1.8726482312639867,196.22821242573747,31.87145406000889,786.9494381386851,51.74973134235281,3.092497118819819,SAFE,NORMAL
6.3675372744460095,0.9679111109236014,419.5999510215907,21.91776197224663,425.93147455632226,62.287865821098485,2.7490894418168756,SAFE,NORMAL
7.9377900398280135,2.9609382724760995,571.0578426052674,26.28234980002829,862.2123757920559,50.4467182240659,2.879131272204181,SAFE,NORMAL
7.600404394810331,1.1512097849480945,375.95402542077005,28.103102082395154,806.2724244793095,50.80343152668836,3.3400288200464514,SAFE,NORMAL
6.706690095072381,0.2573489293079225,559.64888890042,35.03578604476053,895.259863956778,45.15747199937232,3.553921613805528,SAFE,NORMAL
6.1236906424855775,0.5986311311630049,531.1658063644554,35.693310686302226,604.8305798084165,64.69355064868823,3.3253583799540714,SAFE,NORMAL
7.0985667946429984,2.129128049276115,470.3000249794237,21.917186881417685,530.9789403869386,56.11659268892356,3.4533799537069125,SAFE,NORMAL
6.887839400297188,2.381014224648303,521.8679531664919,25.791070512733267,685.1178752553333,41.111054875582646,3.242902594308362,SAFE,NORMAL
7.279198319937116,1.4315146791689177,605.3559964488155,27.797963994496364,729.34818517634,61.984356540588266,2.8525520612341397,SAFE,NORMAL
6.9458183371911035,7.715239865992007,522.3001163770641,29.22581801102857,913.3629184736074,55.734320200012725,2.336570844838719,WARNING,NORMAL
5.794780197478493,3.7765822990699665,561.4954635037868,27.803191655914237,814.574403379062,51.87168455859553,2.9352259936255995,WARNING,NORMAL
6.928157143189189,3.9963975703081043,344.244751957199,23.207544126199224,726.83571280993,55.28250571612343,3.139189222617066,SAFE,NORMAL
6.9860666222521814,1.3030831802094003,519.8392565300609,23.03075935345605,677.0454361831293,59.086651604559734,2.886102323820234,SAFE,NORMAL
7.643562717341841,1.1577044984082108,508.72379823305255,20.83499430385062,702.7462607339168,43.97585338722063,3.9764292491708346,SAFE,NORMAL
6.711260227772265,3.3966382882993806,584.8671948205499,18.917621869840566,629.0227634534292,46.88296719761412,3.338198098716219,SAFE,NORMAL
8.375072271360796,2.3497678116976695,311.0405235966931,20.743792026477703,822.2086886861644,49.692600728754535,3.154239839051005,WARNING,NORMAL
5.86185161454377,3.6361336088301885,578.8332354294789,31.646087830076816,438.6063834630532,40.07995177051253,3.4735353719260758,WARNING,NORMAL
8.117817248461836,2.324868111117135,344.50032654761924,29.841114156704307,701.5650316721428,55.835053880384265,4.211228402509992,WARNING,NORMAL
7.042976720385327,4.957127214708844,730.8771949419696,29.21311264050175,887.9452012437173,47.79640389323728,3.059227823583265,WARNING,NORMAL
7.801709410640489,2.983206268517352,343.38336399960906,26.10913967857449,495.5735356651767,46.91458574318268,2.7178788251459802,SAFE,NORMAL
7.255861038841114,2.5747681992140015,309.9871448515619,26.833973623719626,1050.0400819154502,44.856283024434056,3.3609231229451884,WARNING,NORMAL
7.997688875217829,4.2355050205160225,415.1393807353475,25.925210307868696,506.0880382722768,49.72756000509226,2.6253547581157086,SAFE,NORMAL
6.9288466248130325,8.435564957315876,575.8037862762508,20.652258943419444,609.155401238191,51.24611259759209,2.723320676563755,WARNING,NORMAL
6.430965702375532,4.7481215480860515,492.6057205746112,29.590746874043212,884.6681573051019,57.96840488554502,3.912002415762984,SAFE,NORMAL
8.194353001089745,0.9003118322230841,651.540221105903,30.410715825328428,961.3659812614935,58.193171756703904,3.8479039361075262,WARNING,NORMAL
7.120563547882502,2.514792491140104,413.94041212498314,22.398678266113272,764.3463263454498,40.93062095478991,3.525120897570277,SAFE,NORMAL
7.355090931536948,2.5820315293821956,391.2039657032956,22.39500964960969,759.6043786018909,53.68440214278112,3.394935918140842,SAFE,NORMAL
8.064326339831357,3.7081368484919968,361.86534110342046,28.40706880676741,1021.8167287006582,59.83922108174589,2.58949616038755,WARNING,NORMAL
6.477631330533896,2.117750000473061,386.843131719011,28.37179505643556,453.74083577262076,48.21903758965705,2.7956762503697767,SAFE,NORMAL
7.61684362834748,2.914753797854456,282.3342904890491,29.93070362148594,389.5297913811791,48.64041558992529,3.8615127136868344,SAFE,NORMAL
6.787073670475976,3.0976233893021465,372.14143637378453,32.6542921376997,353.61593270832606,46.82587207746738,2.946538959557067,SAFE,NORMAL
7.1074814510489395,3.5640768135900993,304.74208920697095,22.76835754552218,546.7733235685891,54.305742494005216,2.8000385691710257,SAFE,NORMAL
7.250595275769002,0.8949682528218545,536.2764047186525,26.67202151744671,571.1036072925964,52.29872125997249,3.105030229313938,SAFE,NORMAL
6.149844696987145,1.022989100278571,627.6233423087044,22.997922398606573,768.5028724977326,57.83717491436364,3.4885191982492416,SAFE,NORMAL
6.6548140700256955,10.180277651159033,476.59675858671847,23.286034957269862,881.395257894431,49.11042116886456,3.096249691367859,CRITICAL,NORMAL
8.145751024689197,0.34533208897033485,369.13205419089127,25.280814248005587,863.5498790009171,60.07998886301184,3.11100715885464,WARNING,NORMAL
7.820333832009357,3.0712550580501112,539.3130991935276,32.76142378062947,858.2880953216824,54.780074874186894,2.1109641539934483,SAFE,LEAK
7.156152295870935,4.746395478193111,445.2888379349701,31.419272931839814,527.5505122334174,59.41071738277352,3.164593748084476,SAFE,NORMAL
7.370186420959025,1.2141433298721462,571.7817273776498,26.700706214351346,769.2634804306579,45.23325940010469,3.6987077632254173,SAFE,NORMAL
6.994030246054479,6.635611561298685,336.5486563026791,18.375592967406618,567.9177522692495,62.54119800369179,3.165701809366858,WARNING,NORMAL
8.149608370079587,3.0020351385822783,344.8796531755557,28.571112770928128,808.1610438923976,45.55612025331211,4.234968432178272,WARNING,NORMAL
7.0597531955440855,8.615657501952063,537.1390945890676,28.47868861863497,707.6802392521126,45.930913844846216,2.838842821800964,WARNING,NORMAL
7.362289464494394,1.3211007187015038,447.5679740234843,23.265625576212408,859.2889266148771,46.850735412814274,2.9552409369387225,SAFE,NORMAL
8.002221100899446,2.5375453408057824,561.2252039353085,30.32278557803257,1127.7260445867623,45.997525845164986,2.8647365041439556,WARNING,NORMAL
6.6558399606078655,1.9556372713595938,346.97710878906423,23.188704135531474,694.0896548830415,65.14842512945475,2.8507658069060495,SAFE,LEAK
8.291152429147825,1.7345607896901716,502.03831969910914,30.310955955127206,501.3984180796017,54.1745657996018,3.4684620713604986,WARNING,NORMAL
6.128677013179637,1.8232463544435962,515.578473489328,27.964261604940333,406.38300510549976,53.96703863145068,3.062546567121524,SAFE,NORMAL
8.34074949177896,2.245554585336249,265.54545327668774,21.160740317063752,538.5746001293733,34.867883826208626,4.172171212403795,WARNING,NORMAL
6.939127091233618,2.1093006977422344,449.58946186380206,25.554093873845154,892.0306520155452,60.28391714900054,3.3235894083925186,SAFE,NORMAL
7.030110876522303,5.1392039496337345,208.0569812372962,27.578605566161798,787.2097944710864,41.69230717770529,2.7640106176960733,WARNING,NORMAL
5.87699288017194,4.847812327007219,626.3824066281093,28.20063190578819,741.454750556146,49.70916902972733,2.7036936497596464,WARNING,NORMAL
6.8816436978356155,0.6612168311275581,291.88782738150866,31.13270856547592,768.6607661734664,44.36646924421841,4.033345807638943,SAFE,NORMAL
6.472135428281181,1.821229837619575,427.3329148476703,31.631095720724748,829.4864626726373,51.91728423426238,3.3103597165555994,SAFE,NORMAL
6.774647558238569,3.846294302937735,449.411822768343,26.045500811127,419.7318042621661,62.27248967896331,3.852619839466951,SAFE,NORMAL
7.103882323947785,3.5903068616397786,334.5437933060559,29.237287499294712,877.5264648746308,42.3086223874745,3.2347534056209475,SAFE,NORMAL
7.8704541301310345,2.4321093692998765,671.9045618962948,33.4317437343881,770.0909068168065,44.2484578387062,3.2079385891759498,SAFE,NORMAL
7.345322345980438,2.9056209354167297,366.99662120684343,22.925342813564363,440.6679871060549,51.11665182909024,3.869889760678451,SAFE,NORMAL
7.41537365738078,2.15590181140086,417.6248183751267,24.568159175196186,760.3789611505783,62.55999499624619,3.3863962984712366,SAFE,NORMAL
6.4331364278081065,5.460278282745091,367.2602027751653,20.37946013848532,465.5647242152557,46.60309266394689,3.3808922934196985,WARNING,NORMAL
6.583472137278089,5.053735150932488,366.2410055354078,24.474271078450247,791.8323538615296,44.270183757215875,2.997362678903,WARNING,NORMAL
8.459107512845918,2.3009299984553184,436.9222522360928,27.823125751089698,721.5866298777818,51.31124488285453,3.6357098268099084,WARNING,NORMAL
6.685359275665728,2.797156017679397,534.366624190807,18.53541504005549,518.3463540990272,50.05988749387884,3.1628685181181657,SAFE,NORMAL
8.359345776440108,2.30769292758713,469.21573833127235,28.748179980515246,774.4308746050303,41.80008911009644,2.922465188764897,WARNING,NORMAL
7.0298571607833935,2.616839363922403,358.97655615424884,25.110622534187684,845.6256142276643,46.75735664149746,4.276243288797182,SAFE,NORMAL
7.201601555300453,6.042774287082476,449.2449845939923,26.74930494996417,596.7704349805766,34.256335091916924,3.0501956508113053,WARNING,NORMAL
7.949255612160951,2.109166857966358,285.9593665926142,22.324512077835326,840.8079167358951,49.756689565904615,2.8048184502971147,SAFE,NORMAL
8.09032469535706,1.7476889838813354,591.9913583308705,26.590956851722307,649.8653211681902,40.03248542032987,3.768714461232943,WARNING,NORMAL
7.122431207804639,2.782198480575119,389.28430908254427,33.716798659748335,857.3746406794785,69.75161486280426,3.539362347520113,SAFE,LEAK
6.9282298625349235,2.2888242008499984,395.7045826277994,25.400783339121347,682.7299888819133,54.43868107823986,2.868557999120984,SAFE,NORMAL
7.160855686034451,1.5336530223465232,216.4621366902562,18.148252082142577,911.1673811828283,52.030181493381,3.1605743856423167,SAFE,NORMAL
7.436570269762483,4.591509775007992,389.1963483792749,31.855089114523302,535.5508827074261,54.21562649258711,3.534462336011771,SAFE,NORMAL
7.823912580808829,4.954153370993202,651.8786655542403,29.169791386885183,540.7632483761927,46.06912211084338,3.3056511310495367,SAFE,NORMAL
7.202960901295906,3.2048867294059766,523.3825312444951,27.376171163977435,558.1603761532072,48.86255734262024,3.5929976710390235,SAFE,NORMAL
7.633220408616208,1.6742722954086824,583.0796542948407,29.27220862524792,722.7986256802665,54.04314187590063,3.1967075490356316,SAFE,NORMAL
8.346851812589659,5.4823957293842795,463.9932954758727,27.330064691001045,672.5893994003128,42.19291565236382,3.609039826556902,WARNING,NORMAL
7.46691672858535,0.9778251477806745,135.58113745829843,33.57306495963863,751.5808125328513,55.46480558052815,3.0455385561260457,SAFE,NORMAL
7.418156999203345,2.4576767901893297,458.352248836585,30.007998114329382,490.45716367911587,66.85697166651926,2.8770291317553545,SAFE,LEAK
6.136762422436953,9.965313162029398,474.1455565031775,25.174301069953998,570.8517339620265,38.160812736652005,3.726502628239553,WARNING,NORMAL
5.358488904219656,3.261291862765977,557.4766969395675,32.96781976662287,928.715652338005,54.262212873424374,3.345542024543727,CRITICAL,NORMAL
7.471863010461118,2.2118750311154365,445.5911633320903,34.27993945791639,766.8859390123816,43.452451470436316,3.543481053117372,SAFE,NORMAL
7.13362303810339,3.9970783900661164,357.3850789197078,30.64145580671178,812.2461467546025,55.52756842353559,3.812165466089202,SAFE,NORMAL
6.839652127559681,3.9934736869617256,438.0959400996644,28.62771835571538,654.0458138752792,52.71123144620881,2.913715748930995,SAFE,NORMAL
7.370471142930441,6.492352821308826,408.92876821122945,23.583612467308964,753.0708062506602,65.03684635263315,3.466188764142821,WARNING,LEAK
7.157717389562165,1.4417820097607226,512.8373484043054,29.742636042806275,614.5219773109935,63.61232640256612,4.359996010626293,SAFE,NORMAL
7.989446175443729,4.097802679554187,438.36353787976293,28.5521047920363,366.9514548824935,38.415247127351435,3.1199338571752095,SAFE,NORMAL
7.260277607781284,2.7797012782378485,331.18333299069224,26.892788851680507,886.3787463429084,56.11392871929885,2.5968039182746354,SAFE,NORMAL
6.677153700450883,3.045881524734311,518.0279782246554,29.79707254451756,732.79217297394,55.976605937888955,3.6110209104572695,SAFE,NORMAL
7.893116367271502,2.7011919465242857,361.33709984289675,27.348230216855697,568.2328123196303,59.511337185853215,2.367608260197015,SAFE,NORMAL
7.048008247537658,2.666058216667254,412.0804026140026,29.195132166349854,700.2271692431484,53.77931624861606,2.651177220556563,SAFE,NORMAL
7.568575678570615,0.6736015174026241,394.32983516137676,31.143315135887207,616.0920637983581,54.77217185267049,3.2031082646769122,SAFE,NORMAL
6.86581250566504,2.0285827098287563,478.46675568409495,21.675622004619665,969.7245720780578,41.739197527234566,3.1856234440190065,SAFE,NORMAL
6.745121180151795,2.7191215713272627,285.4460531690073,22.901298415788744,820.8806147358858,53.375674811052264,3.294109529345481,SAFE,NORMAL
7.258917761129988,3.7309187406998214,453.85298949975316,23.3511126616155,493.38908040987405,48.26737822402429,4.303441228220919,SAFE,NORMAL
7.20898005048058,3.062779087407724,579.6526877802538,34.76003763696374,468.9951059194403,55.46905421821113,3.2423065305611476,SAFE,NORMAL
7.5358789247567834,2.973565720117684,461.4925698786532,29.53389893110234,745.0972143081151,49.24387507870904,2.9113165447935088,SAFE,NORMAL
7.01194797268318,4.350324803625045,369.9084455191894,29.90647685621292,724.1854311618122,53.577607131541,2.879429381252474,SAFE,NORMAL
5.914548151360722,7.3046415428837355,406.12182373814227,31.517752200074945,793.2346919377566,54.929045124729676,2.97194986655056,WARNING,NORMAL
6.897058281488128,2.446188649788367,485.4897343764141,22.813382322699034,674.2011779806026,55.079908763973805,2.5931499375552423,SAFE,NORMAL
7.7556729270006715,1.4231995267156092,517.2357001838211,18.84687837992218,583.4788018204292,44.049617959395306,3.4800277672162445,SAFE,NORMAL
6.9918367445298255,5.43934293711853,630.4724095399514,26.74855134858916,791.7365804449997,69.35013887875338,3.3508509759440352,WARNING,LEAK
7.027531618239816,4.0666899901675375,254.91089012103896,30.590287840758982,806.9376287148876,52.03103517774564,3.433382171470477,SAFE,NORMAL
7.890463554134156,2.3008580248333885,481.61253223808643,26.209628157468213,926.3454073889558,55.05395845668966,3.60034064368513,SAFE,NORMAL
6.701618740918755,5.546795225588846,472.24711686198634,21.520246781892133,832.2017994558687,50.47201197681667,3.509635483877784,WARNING,NORMAL
6.12003774722997,1.3821921164108146,441.9888986187205,23.379088676232712,549.3701235917761,41.13414109791458,2.5092638509927796,SAFE,NORMAL
7.087558216332154,2.4615422075748827,492.6527486832553,22.282967998818208,746.1613120905553,56.26298179721917,3.059386093388997,SAFE,NORMAL
6.861078234125884,2.2387064266540526,422.4556875827722,24.55054225308846,648.5552935042781,52.14684659698326,3.0799785904140418,SAFE,NORMAL
6.523627576172722,5.7350568861618845,330.14235468184467,22.362478197536227,529.8987707490946,57.11052368739232,3.8886288786599637,WARNING,NORMAL
7.077235080870917,3.54405500998501,475.62311111141673,27.587116050915952,378.00108780263065,44.68087028680703,3.932555309161537,SAFE,NORMAL
7.544053953072749,1.041488695987258,527.9105399725513,24.809674373547807,1104.593723352958,47.341582661302404,2.9869904869444612,WARNING,NORMAL
7.193498006902529,12.094596653145963,444.3223329600823,29.53372890767504,599.3969918641396,52.14283295599615,2.7043599031960923,CRITICAL,NORMAL
7.414886750880367,4.232376819256227,577.12110520329,23.09408821813348,677.2858979351711,50.38604857890053,3.279263970417828,SAFE,NORMAL
8.469385388960797,1.6547794662287711,421.5123447881228,28.02138755098051,739.5656471222115,47.71069721265279,3.040644416530804,WARNING,NORMAL
6.959984796909706,6.940663037823998,505.2679054321853,26.849603388552186,720.1032873643067,52.150770369673,3.1582202450756536,WARNING,NORMAL
7.394844044251269,2.872313224116395,260.1908144598548,28.58411577696511,246.11708107046712,61.43841966340301,3.8078006747415136,SAFE,NORMAL
6.843550646180606,2.5735730138610493,719.0917388953126,29.14685434519525,670.167108737893,53.66273480575684,3.3344375061173843,WARNING,NORMAL
6.607548196079119,2.69749996065823,422.6904816777788,29.574578503980895,1018.8079550008808,59.38413139638726,2.960074569076712,WARNING,NORMAL
6.790564642607562,2.849355229363167,391.4176346316504,30.323028683605223,661.8695908584632,48.657206597823645,2.870581897891829,SAFE,NORMAL
6.864868999934818,2.7810555259911904,418.1098510934587,29.169164096743483,994.3208417822699,50.43624436276687,2.4819846739407536,SAFE,NORMAL
7.451633058282988,2.5972466873648643,336.14590973076565,28.19146402325623,705.6549183097945,51.94497471552991,3.4812027289512497,SAFE,NORMAL
8.84435305069053,1.8877575609086097,309.7780136657656,24.333105264364967,636.7947222928103,46.444174320841704,3.3410925063613406,WARNING,NORMAL
6.698769594606912,1.5525016320136262,454.9253193724593,30.402948194236394,725.995291961132,52.01268061038534,3.481750522893633,SAFE,NORMAL
6.908362286069177,3.2345237459237217,463.693890016002,24.212463188800662,706.7626270592035,62.54255424956561,3.191606822229715,SAFE,NORMAL
7.1558138908221265,1.5779665160779008,476.8650814162682,25.832346712244963,702.7600336811712,63.954832941860225,2.6718884942128964,SAFE,NORMAL
7.477059194096823,3.6323974064650417,445.92693085309094,23.553387148382917,595.2276049464413,61.00188039072822,3.227845227119608,SAFE,NORMAL
7.3844855683683495,6.716068950096979,440.02943962205956,23.47007453981128,454.50279065902254,52.445504427395385,3.769744775025091,WARNING,NORMAL
8.098867055763682,2.840924904220606,305.63087870922465,25.731994123753392,801.0252592198233,44.246897096716665,3.229122915946917,WARNING,NORMAL
5.501525550625354,3.3427868690059745,391.51572663839517,26.067884025887434,717.0720206902965,69.57583767076123,4.02134369960022,WARNING,LEAK
5.529149090863029,5.746750270984428,469.35295125637225,23.74577739140955,999.5983999915038,45.88903625731232,3.3261249481059214,WARNING,NORMAL
6.852885279592896,2.4269740021969577,385.35106105743813,27.087853062199702,693.9964450762587,62.195186716061066,4.183845767946238,SAFE,NORMAL
7.968110131280596,1.7999684551705482,485.06023822166685,27.627042793740504,427.50699593173755,52.92785423764516,4.224499921074974,SAFE,NORMAL
6.104046377876083,0.17772410143221481,433.7748584243816,24.82048446330507,758.0341339737141,41.736287102996016,2.7512044174375196,SAFE,NORMAL
5.09465736221437,3.1301143105147364,432.8495721291146,36.1585565552604,713.6657841811066,38.145368342580724,2.8766468722797978,CRITICAL,NORMAL
7.599825584353447,1.8173721509277874,474.87225037562575,28.330793106812163,622.4451710638699,61.12360966866118,2.971473515463526,SAFE,NORMAL
7.3705600565919,2.29528001802891,508.21717147778855,27.473059597326067,811.3163942458757,45.40597783568495,2.3460258741342326,SAFE,NORMAL
6.4368541152404,0.3241670643891692,534.9625435041283,24.296176222760803,789.5719811594236,39.92030536891197,3.431982248521631,SAFE,NORMAL
6.5101222794953495,2.290365778255872,687.9651070020627,27.551367451525316,484.55566670536507,47.849769310941774,3.4183019796199754,SAFE,NORMAL
6.521179396255728,1.083226361505533,553.653828380023,27.96321054826302,615.7878579822811,49.95933780806346,3.296054882052817,SAFE,NORMAL
7.277374722231758,0.8992746049034283,272.34672899727406,26.986102767986484,896.996475815617,52.96783029951264,2.588246018542424,SAFE,NORMAL
6.761579306671895,1.2193191420003264,319.9365434332334,32.67460402575792,523.6478930456469,52.55352498471584,3.9942448503860537,SAFE,NORMAL
7.5458447432828635,1.0916845379901081,417.04238501604607,20.194114245155184,668.9750710607182,44.14009666501183,2.2597890130610456,SAFE,NORMAL
5.201761335966927,5.115429898216024,358.4499571234912,25.478482779772808,740.8920813498962,50.012802320789525,2.5385118749086506,CRITICAL,NORMAL
6.60020369441054,5.9593474623013485,496.8596232577973,29.855341572236476,492.29964978643284,63.74011942993507,3.643087256435675,WARNING,NORMAL
6.411762227362265,3.170619506227232,509.5910821428361,23.41334940878752,682.2851040529329,41.57964349516634,3.3579593001089245,SAFE,NORMAL
7.0205615251392555,8.487365524548737,391.9784893756098,20.81330932900046,676.375856738056,53.767574979087485,2.892947093104118,WARNING,NORMAL
6.823366569056903,2.1971983100201036,592.7610237822028,24.92444052072515,641.7736008539895,41.568301353614615,3.2274901271393315,SAFE,NORMAL
7.758490645927036,1.3715507228022734,624.5040014730988,31.175744681690865,424.4998144848869,46.706881018464685,3.2645869918946553,SAFE,NORMAL
5.89846425983796,2.7242135162868024,232.58064690532828,23.50816028999623,699.9438794635662,59.05930475094917,3.7888041097385163,WARNING,NORMAL
7.231844033431527,1.2420610932617333,278.5346454565388,25.574293207088818,588.6578665768792,33.733094213559866,2.5918529091885945,SAFE,NORMAL
7.590835496248194,2.9430845115636415,581.6688181871395,28.685928266876136,891.839985307335,66.78468151073488,3.345947698490103,SAFE,LEAK
8.499653205593368,4.4309125499987765,554.379478248004,24.68278837510041,774.8212174052098,39.653388427666854,3.7393848785632104,WARNING,NORMAL
6.8627638202345675,1.2212934437465661,510.3182181123986,25.24019537771454,560.1334326632496,33.92464727135017,2.70097224273906,SAFE,NORMAL
7.427121023046762,7.399991935975777,451.3127691091109,24.39179904615231,628.8147128184742,50.15522263165513,3.1742197635786735,WARNING,NORMAL
5.937296045206345,10.362693601353502,437.6259824813753,24.728882486986336,722.5227571585957,46.56797161633566,3.1705188396724253,CRITICAL,NORMAL
5.5256306569808835,9.1525570199778,514.3919320112814,22.348257907238256,628.5265573366235,45.051871692520415,2.3932125397407997,WARNING,NORMAL
7.79134206304719,0.461791264496654,471.17719709753896,25.970865445304693,427.27021601108294,55.132041853500155,3.3460846633522467,SAFE,NORMAL
7.196107794446351,1.8975230979467241,606.9267248371425,31.25693525753564,752.6250738841055,42.5950480531994,3.375936991328318,SAFE,NORMAL
8.024958882858897,3.4731380330977912,368.2507261807052,33.33123708534557,794.7103447070132,54.55841408307406,3.948135050431392,WARNING,NORMAL
6.238617977721176,0.7881727210034278,452.1594554225833,31.999261151439207,833.3619634017247,56.61804346783062,3.1893384626060213,SAFE,NORMAL
7.563931497670127,0.868027113360785,556.8402377978483,27.550782511495918,868.973965183814,39.022387200493974,3.4188784352134642,SAFE,NORMAL
8.508172488380698,0.42024784528249665,469.7301824550092,33.635400188069454,550.8949164143417,58.21165198453114,3.93610133096458,WARNING,NORMAL
7.4937939258500865,2.925838756634922,530.7791202353176,36.21143773266942,841.2561396919384,56.18583644525769,2.8791119836374204,SAFE,NORMAL
7.393607053913734,3.6455347534061135,529.03461704985,27.72511119577423,494.4790629338083,62.419862850718175,2.609562923086387,SAFE,NORMAL
7.205989256577045,5.773495711188879,399.01908206838925,23.03774260275045,764.2885793094085,50.04305262281172,3.261036396860216,WARNING,NORMAL
6.100382980011862,4.06316992714946,327.5198724117842,32.247746306806405,572.4341144389109,43.32173969911887,3.101384097509248,SAFE,NORMAL
8.148901054997244,4.545930894465326,360.2660352337558,22.18605866951731,775.2957504111986,60.03241063168886,3.154596976179825,WARNING,NORMAL
6.772399652136454,0.5572025891701303,319.9480275795014,23.453965040516884,428.5862920245217,50.389057299249224,2.9885002744123,SAFE,NORMAL
7.553138279468112,3.378370278578804,227.28183028042136,18.669863470248547,797.6913408202455,64.58278760736604,2.780078911207131,SAFE,NORMAL
6.1058759854001226,2.663795895571156,581.0113636921744,29.909653410072263,558.3976800204558,55.67471664911236,3.667127001046212,SAFE,NORMAL
6.374378234844554,1.637482005252417,223.6772391758004,17.738222697762215,786.9117816312523,49.792909298771576,3.1897957139834134,SAFE,NORMAL
8.204561179455565,2.1026361005965426,673.3752269615118,30.971404327369072,767.0934646243246,42.948213612687894,4.3227365271574,WARNING,NORMAL
6.95688839772951,3.6617803673189906,386.6655202067353,34.237769285857304,769.3743259804421,49.16502800263229,2.6800077248083527,SAFE,NORMAL
8.21729283322978,4.737750469253492,416.59736205369666,33.911104149784336,708.5682420178533,57.498371206165785,4.203176049127487,WARNING,NORMAL
7.145238538659037,9.51272510922643,268.2127801108444,21.936715973432342,489.91101787102764,37.93485152846201,3.34625143190228,WARNING,NORMAL
5.9106715589295,3.8150352757153234,496.1480224730481,19.545214574677008,968.2594085731205,46.75961460630376,3.2092719569191823,WARNING,NORMAL
7.824447319812204,5.082809273888578,418.6929276615842,24.430059162764366,676.6100485002618,37.0843323998547,2.6496662205291717,WARNING,NORMAL
6.787075377571075,4.961445167523711,457.33171623469184,30.51676874570614,676.1595577396141,41.67188228079013,2.8687151457453575,SAFE,NORMAL
7.689082169461931,6.0062162613137025,355.5451739615681,31.815154626659837,949.2710156255164,45.109775212593576,3.8293168463014986,WARNING,NORMAL
7.2176476072780575,1.0755128432470569,507.697892782695,29.657997938194242,539.9905660495665,47.83414632066972,1.867243655949163,SAFE,LEAK
6.119817240439991,2.987500290355141,351.1299111259079,29.112021152788213,691.4530303686786,52.82684840586912,2.3023897207626183,SAFE,NORMAL
7.315006335759398,1.2861161978874887,459.45194755648095,36.44401974800144,730.5566316617,55.61412198590112,2.3940598173002323,SAFE,NORMAL
8.737356199506959,1.36317191592672,505.4378053074583,25.08782331646428,658.2851008292337,61.067581041733554,3.7855187904764844,WARNING,NORMAL
7.545090520960121,3.897951942750659,624.1570855560359,23.888099071051585,749.1856990096818,62.825649127701865,3.540368316512363,SAFE,NORMAL
7.159737572896176,3.9432002505001646,546.708113173294,22.243476793764895,595.3648216819269,59.48210748110338,2.693487919959233,SAFE,NORMAL
7.9527403813698285,3.7866043590396226,460.7854944482578,28.73186367005944,687.7252055075886,46.96464410300645,2.9641910292157343,SAFE,NORMAL
7.347467925642178,1.7830431751269638,449.0438370166543,26.2817956436265,723.6282385110866,51.87044000297461,3.264916201971322,SAFE,NORMAL
7.346673961183956,3.0541015008621764,487.6094463196618,30.299916257800383,946.063038803857,45.50175039195762,3.70983730136949,SAFE,NORMAL
6.435862379488628,2.2867153876339295,542.0054539358665,25.19780231764771,998.1158390172654,52.00515744926661,2.693463502763737,SAFE,NORMAL
7.363693618052719,3.781305960691583,360.68258546914717,29.51512839852127,730.5099250760883,48.7145461468225,3.2666011193083473,SAFE,NORMAL
7.924810391491862,5.885645687535972,558.3851200957478,25.464575162071586,915.862760189663,40.86161444796058,3.0278521284130564,WARNING,NORMAL
6.614756493529983,1.225473451094604,337.5606925295949,26.349180636456705,569.4852089009337,61.615668627960716,3.1485081598432263,SAFE,NORMAL
8.197147074872863,2.813386937747301,504.75756695504293,26.728039102780663,1105.23723527533,63.66459632291077,2.751755773890351,WARNING,NORMAL
7.135805783098412,5.080186767210938,514.9712556690245,20.198793671197443,655.950717490493,43.93537000171519,3.304912113873126,WARNING,NORMAL
6.578561341923022,0.6161761546307868,369.41218943993044,26.440060722254398,694.0902026954847,54.16604069446781,2.808776572450376,SAFE,NORMAL
7.8983424538441716,5.406696980834352,264.9143269864484,29.248571291562996,795.7678655675222,44.28113384797528,3.2477411522730923,WARNING,NORMAL
6.999244034983212,0.30369199944756337,418.2517160874817,23.047553692459026,853.4557817592919,49.36608965729609,3.981248871775527,SAFE,NORMAL
7.731660421240275,1.0715627680255821,134.4154997689081,34.64049077306117,669.140351895495,45.746801749454846,3.7218609793244624,SAFE,NORMAL
6.995768957419024,2.7108595569579044,428.5962827350711,27.019542963720774,338.52403406211863,44.98269317260322,3.8949046967951118,SAFE,NORMAL
7.158121699529068,2.2344434594781246,300.2111299856546,24.492791289712194,818.0553084104258,51.521325034671214,3.3582106970847985,SAFE,NORMAL
7.5454921430340045,2.0275403142507664,823.590201347795,24.370983905773286,536.1830729623533,35.477123642705166,3.7664185082800623,WARNING,NORMAL
7.4036279403130045,8.986070878321257,577.0434271709687,32.482046237137894,839.3570961750837,45.81669195597389,2.298889065393875,WARNING,NORMAL
5.803127753683784,0.9463068565093065,458.6639433899655,23.700772834232694,835.4160463549351,82.12462070055105,2.35270546427655,WARNING,LEAK
6.415129381933926,4.00746824628594,609.8892070104858,28.19238867196555,734.6643103850869,37.67117755934051,2.6974940538534424,SAFE,NORMAL
7.850586989353571,9.215570086073894,534.6042128801554,30.5321446869022,862.7752476272694,46.957660476734546,2.73199740042713,WARNING,NORMAL
7.107504387768917,5.183953643029308,310.3752191332538,29.21686295231844,611.743935691008,52.30486540556312,3.7239568993149117,WARNING,NORMAL
6.833388088060005,3.683895337133502,374.94770376004516,24.749290809727903,947.4573644108924,48.56316993528885,2.4456362646513408,SAFE,NORMAL
6.248998189319768,3.3635547766290173,573.5360409871196,30.356886964443678,729.3280595955109,43.88887526265407,2.5216283854965527,SAFE,NORMAL
6.444184575106906,2.0084902326111123,334.73550796903487,27.623105823470002,666.6417958567695,57.74415191813065,3.139050733254166,SAFE,NORMAL
5.784740952026637,1.8901837616429176,497.4381663985023,20.12023232559035,905.4288594094778,51.19502440960508,3.2684955202025607,WARNING,NORMAL
7.129103496908927,0.7767875998303839,530.9709597084066,31.89306242338924,580.266622019944,45.01241908688932,3.6375244124730424,SAFE,NORMAL
6.7810936935932675,5.650388937322687,418.722799673385,24.545656710838724,321.14232552339786,56.85815633751342,3.0663024664722567,WARNING,NORMAL
6.52338847631028,0.857423799079528,468.2795867338551,26.297584981051447,475.42049133474205,45.78127459576447,3.108642523568907,SAFE,NORMAL
7.152313602382433,2.664835803269902,549.8152710354879,28.23786150623472,958.3141577118206,43.000872433763156,3.643599676780301,SAFE,NORMAL
7.454779441596917,2.1832239210679942,544.0907558894969,24.872432258650374,744.992842188688,54.70239597913704,2.750052444901679,SAFE,NORMAL
8.665238552546962,3.2452980511111633,503.7812792617125,30.027630887972776,730.6255578577516,39.54357549151814,3.2613341792519415,WARNING,NORMAL
6.141681606305751,4.403371912381927,448.4454782060515,22.58463829593154,863.9336236565892,64.0627907615727,3.4849799837762174,SAFE,NORMAL
8.011566730310365,1.9577814300492036,520.4826926103879,24.702477963525254,753.2005705942831,62.12870981445545,3.014806221268044,WARNING,NORMAL
7.8811710927105505,1.0663293634777717,207.41564583561325,31.90289280762213,650.4661818412139,54.37514534798539,3.6303382527057124,SAFE,NORMAL
6.65463508243631,1.5779217003510333,627.0695555625645,27.10110805259388,621.0484380677767,45.342528972593385,2.771619788987935,SAFE,NORMAL
7.342265168210222,1.264933781395557,434.0931216431897,22.77274327673844,488.4233693677427,41.45751494098839,3.9811772102084646,SAFE,NORMAL
6.879656725463669,9.376720355772793,361.80391815879364,27.314912868144805,507.949116258859,29.417868788344382,3.0426321633448143,WARNING,NORMAL
7.329982006293117,6.7401476533167735,521.9356702350209,28.606615069361784,731.4479318965385,62.92777315597622,2.9804904140718342,WARNING,NORMAL
8.256391709383186,0.7528209620770868,518.5715541895779,20.65592297668674,671.9737603358494,42.24450306106726,2.46957628758027,WARNING,NORMAL
7.623924362841919,2.205682051782681,332.82880899701524,33.617137017860934,787.8525859931514,52.832801536209665,2.63995352745159,SAFE,NORMAL
7.55602586126341,1.2157084200415025,458.10477348839356,34.1576142572261,684.5612882431612,51.591845854983916,2.7941993101139064,SAFE,NORMAL
6.898783476031751,1.6079741142985315,454.4802092532855,27.480002972459847,508.48264205581296,36.619911689040634,2.6360198985510346,SAFE,NORMAL
6.1611603345529655,1.796670023092985,446.64996912390234,26.199673361564958,744.2095409107278,45.164530407987925,2.6087386968554793,SAFE,NORMAL
7.054072252621714,1.3411782107452719,644.8823759367173,27.091776352053834,733.4091093143677,40.93559703217785,3.2219336232467084,SAFE,NORMAL
8.044625708404741,5.305195024006742,447.58135963832046,30.57220394054943,703.1073863778394,56.34467879594041,3.500571584714906,WARNING,NORMAL
6.130982500387247,3.600973728925237,434.4114322201834,28.81043739857908,728.3018978240184,56.69739189608384,3.3397859968366532,SAFE,NORMAL
6.4614374422763134,3.3964296607533586,368.35586802121736,27.95691280228999,1053.8246133797718,48.04754144265071,1.6015486077962264,WARNING,LEAK
7.2883874153638475,7.245102315041251,351.0192575129121,32.529320321217526,485.46740136061885,43.257940727233034,2.6792553222925433,WARNING,NORMAL
6.510741650606916,5.053419291566531,497.045109830224,31.523755170247405,527.7048780299776,51.50368701213049,3.7685461192450083,WARNING,NORMAL
6.6452335870193515,2.8602816552129977,393.62158925965,23.16034525984179,393.66135798707245,58.857159998282256,2.5281608413183747,SAFE,NORMAL
6.903480992790276,3.4506273205665003,427.44847478391125,30.549583327691554,716.6609897225344,38.147611243887994,3.139474561020637,SAFE,NORMAL
6.244067817066895,5.636750211428046,473.78021798187046,31.60648242725666,351.5235274213314,66.90135630456962,2.6519191752640925,WARNING,LEAK
6.518114707648542,5.386498217328853,457.6427343128834,28.113038794516168,740.3507379102241,48.04966721038421,3.8527023572575985,WARNING,NORMAL
7.692399541751116,0.23437137778262718,466.19532682985135,29.39613366913486,689.8871846722005,49.04935370497835,2.802720070108498,SAFE,NORMAL
6.284841152438325,3.8972049519118923,465.75801997920644,25.7702476756393,596.7051031447471,62.821246131399135,3.543886609540555,SAFE,NORMAL
6.081489505853614,3.0452310332558166,524.9520621868867,22.182319069895865,784.9404697606242,49.55367927487051,2.837798395028846,SAFE,NORMAL
6.7589825143262745,4.568106904825722,766.923693439497,34.54911424882274,753.3870178613374,49.15903839340752,1.9870707103893117,WARNING,LEAK
7.712368851756892,0.45631780322663945,597.5172830289569,21.642152084328934,988.917501169746,42.69238429497651,3.435484581304204,SAFE,NORMAL
7.062154734402178,5.978978935430037,406.52518752264564,33.7250350391327,810.3489587738014,45.38325359168593,2.2404170235522245,WARNING,NORMAL
6.874793245319068,4.757630451143408,595.8608166027695,26.739003775995354,688.6357486916936,44.35086370465092,2.7433714250181427,SAFE,NORMAL
7.231051158260925,2.10563993977739,323.5451043188946,31.989758514802837,289.3644545038884,35.87452332988491,4.132942912750518,SAFE,NORMAL
5.978004796998244,8.494664353021623,382.04909172887164,27.091663953752523,867.3346929439331,33.357953647387085,4.7648669053221235,WARNING,NORMAL
7.546293957642523,1.0536170419438753,534.8259505519983,30.74964311816067,868.7816863431419,48.147213246916486,3.210057829230492,SAFE,NORMAL
7.468404521982551,3.2972469343248743,531.1039689524955,28.795417815633243,938.254709866649,38.9515403029294,2.7542846056898194,SAFE,NORMAL
6.913484068132996,1.771836723522497,522.1843222216326,24.322493567134934,288.2054575379171,55.22127011013475,3.2129587657909866,SAFE,NORMAL
7.904147158257492,1.4645995921578854,379.16425377940834,27.536478352454584,736.9150754261644,48.233976038141385,2.5429757352641595,SAFE,NORMAL
6.410752730732873,2.644363002322851,379.9867468246701,26.428278366440313,818.5373919173422,37.234491841459175,2.9888966513326842,SAFE,NORMAL
7.989536295277499,0.5046753933129422,465.7381731300529,29.571921829339963,916.2812716275997,62.198066445830754,4.001194248900444,SAFE,NORMAL
7.308145565916676,4.759371489211986,419.7252325955265,27.566164883360916,808.3416122121542,46.58877274759026,3.3047328777564067,SAFE,NORMAL
6.964413187085279,12.914565127738086,556.5810896416192,28.144627535598183,710.9018362400559,54.120795070754085,2.4887991544183765,CRITICAL,NORMAL
7.186088455242182,1.0166686109932652,416.7199175759203,22.896513913604196,516.6962282391847,63.15308226707087,3.4032176990764618,SAFE,NORMAL
7.124914663932341,7.168190371819121,413.1824644691589,21.887472480217625,678.9258141261502,49.729328461182455,2.344178401228384,WARNING,NORMAL
8.054198027492403,5.747894605023747,254.89904776996832,27.282511314793364,769.988269873116,50.11186979871467,2.261568770945839,WARNING,NORMAL
6.446324610770291,0.6644510456140971,555.0396280937503,27.726208444175413,840.9112053660979,61.50495637206479,3.58287815128095,SAFE,NORMAL
6.666236532597382,0.954079014444939,488.6852846753424,22.79373085140597,414.47698089709064,47.648681795771516,2.818128547676551,SAFE,NORMAL
7.925412024450736,3.251749611305579,175.679696160765,29.286226284155045,753.1809878709092,58.585458824158685,3.986746263908855,SAFE,NORMAL
6.783125545371298,4.560694297293847,503.4022391890209,29.460178407904102,434.8985073738171,49.40744154835184,2.672813280375393,SAFE,NORMAL
7.830373154132114,6.084386280306556,401.8587713478543,27.6245341367745,747.8582029878588,51.36250039763657,3.8137592893509367,WARNING,NORMAL
8.389605188106097,2.7181962380152105,543.1131694484206,27.062954318929275,493.4683391508975,51.250754449760954,4.020785688008633,WARNING,NORMAL
6.918743481140857,2.9587194943341513,437.3868152264291,21.930012336361976,440.2585909908368,47.041508188849434,3.2778070443693346,SAFE,NORMAL
7.676953628602714,0.7569123741912358,353.4750725037797,21.862946360191305,1025.885655838624,45.72165798895566,3.0487006314776326,WARNING,NORMAL
6.392415403062099,7.209661187152988,657.4856707431156,28.578835790412384,451.2126508501026,44.779199611855326,2.8997737965427346,WARNING,NORMAL
7.728313308647467,5.830079069137585,638.636158246514,23.687914800774497,585.3971529298008,39.63505630975682,2.9310630078649296,WARNING,NORMAL
7.339596790190737,4.096950557500479,427.7184489378859,23.968947598308496,696.333137577475,46.42725575794501,2.3990345506234654,SAFE,NORMAL
7.531126797512151,2.798897086927487,494.716636651584,28.115148552897463,325.16787293760734,47.87716557596126,3.5203568977660886,SAFE,NORMAL
6.748099549575223,7.156686850978494,394.89286673577215,35.150609990289205,841.3719066574881,53.26023511288078,3.5028133849328036,WARNING,NORMAL
6.0372416091029795,0.9999997879811636,245.22130467840037,25.410235621529544,573.8698888944845,49.26168768866883,3.0852777467704096,SAFE,NORMAL
7.552276445324654,3.4425465181875494,608.123721836686,35.20271469330919,516.3695050650259,58.61916689298049,3.214976080051156,SAFE,NORMAL
5.755617793264382,9.549907182311657,354.2710201852217,26.69497481473628,866.390208318802,58.25930377067678,2.9730275309668777,WARNING,NORMAL
6.977854655430225,0.9833781310723618,602.8248876656369,29.255412820243976,459.54310398179393,60.761909147738876,2.591789576734916,SAFE,NORMAL
7.858827306493979,11.101308746477095,533.6673815274996,30.838864711324543,780.5744765058114,48.38127253570827,2.5479827470866727,CRITICAL,NORMAL
7.334328415111125,5.546080263755771,484.4591411395414,31.13006989280312,704.2396619520324,45.91192612096688,2.9158032277938055,WARNING,NORMAL
8.563839851352869,4.683712611799481,445.090006757442,28.356258833808223,710.3121425181945,39.06018114578463,3.003719185974344,WARNING,NORMAL
7.917576406807242,7.034572899101325,534.172966058062,26.08125712719716,689.8494298180452,60.46740106805485,3.77774918289846,WARNING,NORMAL
6.742271128172097,6.155278501717411,338.35092192717394,30.312267938334184,723.1496265091392,40.76427906766564,3.5342336446952336,WARNING,NORMAL
7.219119365896007,0.6590307565125395,610.1300279454707,28.69602971360126,290.1214563707588,42.79118594287705,3.9701699146263714,SAFE,NORMAL
7.166840508218895,0.6340654580268086,467.1849249327596,25.25653685594384,542.6372252792854,51.8059058724658,3.545078185929612,SAFE,NORMAL
6.092476265657711,1.8335667296703222,629.4029423563388,32.63635133419964,535.6136004668246,47.52914967723263,2.4075159315204337,SAFE,NORMAL
6.5417207584609525,3.692153568658436,435.32275487168687,28.829594551344837,899.3525525490556,61.57844482906659,2.4577229297540413,SAFE,NORMAL
6.807467365114098,6.4095092529790065,467.1004678406415,24.003240554244424,728.5519660681755,43.85964756095974,2.6699085698040217,WARNING,NORMAL
5.774645648000845,2.367364566156969,481.66710221958965,23.535366533895715,702.0425458556439,50.23260436706453,3.0236502604958915,WARNING,NORMAL
7.233245427776151,1.4762317616988883,519.1204140015409,34.835666496329374,1034.0144231401734,35.17812310654417,2.811897270174577,WARNING,NORMAL
7.025649708742872,5.313310639903048,667.3047880313391,25.02953986557672,335.59549068994676,59.85730819288491,3.54600425630409,WARNING,NORMAL
6.028974269081898,2.291827238417912,397.4317297462807,30.011780210121216,954.6071994264854,36.593629925287416,3.789251647999876,SAFE,NORMAL
7.482949005694133,3.861396750778828,434.6517709801798,28.507415539663246,702.1229955512985,69.9017124918646,2.595850968311632,SAFE,LEAK
7.7011109212836715,2.924476596458217,447.69178930572895,29.875798308037425,564.06924859186,49.06082988412377,2.3785457456840766,SAFE,NORMAL
7.358924135205422,1.551340118203104,172.14655951612588,34.647254359573395,603.8309556980616,47.700911575264186,4.022197057000242,SAFE,NORMAL
6.973152277353721,1.616985404111825,383.41117560136007,30.989264324735466,610.3310411003548,49.74687754703037,3.3157131449173454,SAFE,NORMAL
7.6140095062262985,0.984805763656845,391.2183092241796,30.343082895376572,970.0139755786091,41.407728258623834,2.932332423826904,SAFE,NORMAL
7.676154252333684,6.605626470414298,766.5723211210188,26.212509019347785,743.0544285913032,55.2631335392096,3.990785924903945,WARNING,NORMAL
7.415182498803782,2.0700004155142877,481.0164822446666,24.34170714473337,823.562882625404,46.73155915927729,3.822597660071152,SAFE,NORMAL
6.622771424695667,1.5007641604694606,509.21787827662627,36.67786272896218,566.4106874911761,47.4988543528629,2.904182207911247,SAFE,NORMAL
7.393620535857827,0.4518782631598796,273.7601368008983,26.832655241143037,720.0109259267797,60.280888229747866,3.63522179875344,SAFE,NORMAL
8.036836455577836,0.35362460975868804,442.4726545224363,26.57324379334642,863.6729020321662,36.24190226335423,3.7761500012332103,WARNING,NORMAL
6.782359658971789,1.0495877103081923,562.3318373493099,28.155171420746775,902.7096919138057,48.433932744041336,3.6192780543560716,SAFE,NORMAL
8.668557537392703,3.8195669683168174,751.9975866952639,27.765820444499315,458.84435366452624,49.124797189994545,3.834062976821162,WARNING,NORMAL
6.832058346210231,3.0161080896251606,367.8842424715359,33.37110485748557,845.5429623948486,51.104481892585845,2.7252307465030894,SAFE,NORMAL
7.222684909338096,2.2446668815773236,232.13048522525824,29.158427340123968,673.7447402682351,45.55038234803406,3.21305562523882,SAFE,NORMAL
6.729260082795565,1.0566043945291457,356.955889849611,21.760302720135613,765.7672784634158,47.44774694368225,4.0227382688263384,SAFE,NORMAL
7.356289585144183,0.4024546710491916,357.44086301311654,24.361447781920337,604.9591040769396,64.79376688159181,3.0050979077831323,SAFE,NORMAL
5.980444815155307,1.518606879552303,358.5627321952023,27.04283763775767,974.6462941917864,53.99560927125226,2.8774328263320768,WARNING,NORMAL
6.817770740828295,2.2723056487609803,558.9008475564751,31.102564386585147,746.8322336121595,43.76748255250037,3.2555243647402534,SAFE,NORMAL
6.435515159756003,4.837743974376063,491.1340852588751,20.918280591423525,594.1592851340781,55.21739434551108,2.40848041983141,SAFE,NORMAL
7.294736843524603,0.6831599753884268,314.58974908163356,28.97553078283797,611.9936062036701,50.36518193364366,3.363185900623752,SAFE,NORMAL
7.896113162856235,2.124646228108978,619.9443986500761,29.925251129582556,854.6937670365943,55.935534262107986,2.3670481716825162,SAFE,NORMAL
7.652204330980187,1.0127643517385776,677.1643374484224,30.529465696969975,829.8747576032163,48.36806286406716,3.8333817173890834,SAFE,NORMAL
5.539838447398775,1.7845828542830693,245.39894727138488,26.679647026252578,714.5026841500593,43.53759887764657,2.3894244901831563,WARNING,NORMAL
8.629448757049516,10.699332994824703,591.3177581391592,31.19695948783368,630.3729358612536,36.651817228873625,3.6246145724496985,CRITICAL,NORMAL
7.406695958434608,1.2574250082982685,429.58583097225295,23.739950228619744,871.9227743018334,59.21882206457427,2.8351460606624035,SAFE,NORMAL
6.6564506016549,1.0466823186369216,336.95840038577194,30.781969314845906,605.289895253561,55.47293240786357,2.671138511792207,SAFE,NORMAL
7.309989543293659,15.342995357698785,275.3766005047772,26.753416292791258,596.2363181370162,52.85363806920958,3.213120710516748,CRITICAL,NORMAL
7.323332875751885,4.4213880934935474,395.66580580356157,27.1715423968976,1154.6949315257862,55.191012843687936,3.349661759221879,WARNING,NORMAL
6.733205898133906,4.192082870580944,387.37734505234147,27.127088903745268,768.1663527833967,59.8935587974834,3.24602109267137,SAFE,NORMAL
7.338541667139453,1.3141352835866371,467.6992353013601,29.60048645852045,685.2004651130129,36.535243148627835,3.3699666738965903,SAFE,NORMAL
6.774769398665785,10.561073548834823,707.5251216808346,22.58077496461217,620.0201789802584,50.66669322751626,3.545509910332025,CRITICAL,NORMAL
6.916946605116984,0.7331942949552789,389.04944082563225,30.541162061695367,662.1517269360469,35.51389343086986,2.1944527385743404,SAFE,LEAK
6.719604604971441,6.111108289645976,281.21229080643195,30.48344835571819,924.6155196042831,46.84779609230857,3.2676142125099767,WARNING,NORMAL
6.197130097182243,6.696040377989805,410.37857102757744,25.794067015249986,849.144190705593,52.63930743848645,2.5180254070718395,WARNING,NORMAL
7.3020855291507685,7.728013618777344,575.0408393232321,27.009870650288153,583.192547556761,47.18436747915192,2.5657386078873703,WARNING,NORMAL
7.609709605561437,8.343402079402841,420.2782250284199,23.562217124658567,640.5920539779388,64.09916455512152,2.6498490527906866,WARNING,NORMAL
7.560418517253461,2.3544489926610694,528.1772696049013,22.358498997553845,463.221321628819,47.67143832069979,2.213739134363001,SAFE,NORMAL
7.7739476768446645,3.6227613433378054,470.3995249766609,27.789659367332007,747.3738099821561,43.83819041245053,3.1944774753798533,SAFE,NORMAL
7.427038147010408,3.019844780842665,457.3397859787989,27.81549010997845,100.0,50.255916018628724,2.3164159989859336,SAFE,NORMAL
6.827092151248168,1.1395819732151147,640.4670904590668,25.65174886850388,422.6069733773602,41.71268097231355,3.402527605197596,SAFE,NORMAL
7.787764705101832,2.2337008105581395,333.82427888971586,22.000883817027034,716.6140529850065,42.98828738590767,3.9593790250699312,SAFE,NORMAL
6.249737722110646,6.705520495466338,325.1208504699382,28.828229586828588,227.57641045936884,57.49179964739224,3.9824056423207868,WARNING,NORMAL
6.569530032241264,0.7841964194985289,340.9447839365312,25.554783409193828,1111.1536512325988,57.9221748312796,2.654498371631162,WARNING,NORMAL
6.525059950003729,5.207049468523605,491.438670896439,24.002634198193583,540.4003339272117,51.25665274999082,2.6064083114238286,WARNING,NORMAL
7.956039241397518,5.382449416196406,456.4118103186522,32.1037279434429,787.0826789137614,54.882402041225866,3.5906484397584117,WARNING,NORMAL
7.859951959898053,3.1232857173091704,535.215603532617,23.099381003855445,928.201107025256,66.7071449125217,3.22833664906601,SAFE,LEAK
7.541113665931497,5.594247710918159,440.87433732193,29.24767043790004,748.3409101823812,49.53302310588869,3.162967270206467,WARNING,NORMAL
7.950350905648258,1.172521557810917,426.52766850866874,21.001846604105967,699.0789840672152,43.064937744881775,2.5460581900645773,SAFE,NORMAL
6.584502052311609,0.9923648579478663,489.4987861011865,21.255136785712427,597.800914354028,54.28602894800881,3.2602084510792713,SAFE,NORMAL
7.444016583902687,2.0445439124205516,653.5749864293316,28.930713632383743,462.74699146981254,56.6819159996432,3.632546266002433,SAFE,NORMAL
7.1123779001317855,3.7204942935750016,310.5250022159031,25.655453043002343,614.389453427209,57.469561669289504,2.8137169256732126,SAFE,NORMAL
7.79281747271944,10.043547068650238,339.5812423082139,22.32460883196709,718.5456338078527,59.15347149605252,3.4318857511007606,CRITICAL,NORMAL
7.119343037213462,3.1128888759750284,454.93168222925397,30.79974167236206,695.3300052316391,57.959373767435125,3.279839064518621,SAFE,NORMAL
6.930539978112943,2.064809909213802,693.8968393364795,28.485259668615306,528.1134088079822,54.16030617605873,2.8736187454963655,SAFE,NORMAL
7.578635962992693,6.5329451534282414,321.4021015597928,18.488447221292034,891.4196120537063,55.08716591027036,3.1744525119644926,WARNING,NORMAL
7.813318417033863,0.8428426737179616,448.8005625146592,30.837606182699574,442.4991948600983,53.2860143579716,2.676706511464949,SAFE,NORMAL
6.732158363607239,0.6825003848944999,344.71175808167817,22.744461745994577,807.0837924425732,37.28523171347028,3.627925678511181,SAFE,NORMAL
7.157247030053337,10.1730518929285,497.7814545618371,20.168425860245232,853.12687904779,36.252064519090595,2.6851554022768753,CRITICAL,NORMAL
6.4590915564508435,1.4848588995994756,202.2885273065494,23.717756228388783,742.843536069152,41.57386860578276,2.9010482626456766,SAFE,NORMAL
5.451357287754943,7.848911682628315,325.65939340946596,26.832791008993482,999.4998463905042,56.5583851803163,3.6512865301224924,CRITICAL,NORMAL
7.3403217419896105,7.208438141158498,603.4013041987116,27.30950531047788,773.0033197823499,46.49870916970814,2.938300485315445,WARNING,NORMAL
7.626233749378242,5.772558251503497,451.118560535528,20.460539053780213,948.1779603772371,51.08962819100179,2.7320699378389866,WARNING,NORMAL
7.383446766360708,6.513889907361922,360.5586845940255,21.34759343306973,219.96884216563745,62.50634998355295,3.2918429202389117,WARNING,NORMAL
5.835306797571944,6.353437588832195,444.50267468183034,23.956376879920693,868.8290870468093,58.6694716383984,4.097649924987127,WARNING,NORMAL
6.954405398946468,0.27020755211569847,442.40456893610417,24.21192974305482,805.4219584169343,32.61632681735679,3.7820442336239117,SAFE,NORMAL
5.6471565679642435,3.813723098800917,517.2969678193189,30.047195335810308,796.2739148751959,55.84149996505359,3.505081551090689,WARNING,NORMAL
8.158790775357929,3.2228735785379787,200.9058281944086,25.346713658205623,811.0930504486353,50.44917700522692,3.6970984599185783,WARNING,NORMAL
6.43976179251734,1.8377661320899235,325.5999220616948,29.97051997565649,613.3990070626875,44.7534116915658,3.4581921767679717,SAFE,NORMAL
8.078782526621927,2.2827367994964693,335.4150922739326,31.383299343936695,836.5979577725075,47.37998043998261,3.31435460872878,WARNING,NORMAL
7.862108750578902,2.7042353200105502,525.5305496500117,29.222682011430045,1020.6489658172209,47.49153941689217,3.6570086602829557,WARNING,NORMAL
6.569586753224757,2.3307307224632607,449.2427563602323,14.703560025537618,361.99157044964096,39.506758238407855,3.3735393588512244,SAFE,NORMAL
6.407050534112579,7.064341569565087,622.8719870495266,25.78393241893604,914.1897272465108,51.9563296114551,3.173373409625517,WARNING,NORMAL
7.445259151470437,2.346617973249065,549.4969776670063,26.334776868366706,676.8131158058945,67.41266971440028,3.2931705174081847,SAFE,LEAK
6.608973173971851,14.959160613984459,408.49143333551956,26.782304896456697,581.2774830014409,58.12752872277934,3.366047510629436,CRITICAL,NORMAL
7.271739249510746,1.6591012850778788,444.0544778645375,18.67128368908662,482.0994436650079,33.79010580743933,3.353173894105457,SAFE,NORMAL
6.862020686435157,2.0762658335347908,605.2661569720415,23.943657862945198,768.369605935749,52.330666059074225,3.3824982303778466,SAFE,NORMAL
5.953189109874057,2.532294660007455,621.9857820536729,21.551023157899852,984.8593390690544,52.32980820407565,2.706538572498049,WARNING,NORMAL
5.638672386612879,1.4645065600916796,438.5184605092329,23.293749592074093,629.9929362508896,42.04087666956891,3.096575688195297,WARNING,NORMAL
7.358678973946218,2.5211459562406424,331.79554372058715,25.965244191780375,820.0031125116888,40.31294076293886,2.566577130594538,SAFE,NORMAL
6.806909577568563,1.7935612325650183,197.89637519325348,24.03378958415408,698.1113770235823,57.18142705510247,3.3313346550676677,SAFE,NORMAL
6.8128371281601074,5.229268032931477,197.8676591696488,23.587949746656697,404.1744995745049,50.83941123683362,3.372077890442202,WARNING,NORMAL
7.68710468736565,2.0182982800830835,506.64991143290507,26.208122232714892,667.7189585019935,46.18172115403109,3.859054065303379,SAFE,NORMAL
8.021409593642712,1.2956317797421237,504.2388121133422,25.03116883612782,580.3560568526963,54.82033977897373,3.350165626623505,WARNING,NORMAL
7.009218695046734,2.2156666997490144,368.95242156313645,27.798759634613813,517.5742635938424,66.93858960168413,3.014852226818265,SAFE,LEAK
6.961580905163097,2.8648846230997727,606.1784333107194,25.32057523554253,622.5403403859499,52.06375158700634,2.9893074590182707,SAFE,NORMAL
7.5501001231797185,2.4136691020549645,425.16688085698667,20.729563951793022,642.6967952131262,52.3308932103272,3.522854932755643,SAFE,NORMAL
6.250145101210298,15.35025872041287,379.3923183317109,22.875670724756606,881.1816348393677,49.82750128196348,2.8594571668420947,CRITICAL,NORMAL
7.356207138323388,4.292819502556791,590.5394217746172,25.687797309108245,704.2440961758256,46.862229703564196,3.2766360699255617,SAFE,NORMAL
7.586320180275508,0.9451367156364574,574.627266973624,25.208098128921662,447.12823829362185,56.55294044865812,3.676827088766683,SAFE,NORMAL
7.67616114589234,4.795811247570789,443.80849359650836,21.34607092082208,917.1841508695575,48.45928700502091,4.212413099114222,SAFE,NORMAL
5.844273108248275,3.7224125920373705,512.103715526959,29.706321680554964,769.3196967715306,53.99937313249137,3.777776173301439,WARNING,NORMAL
6.667051311133742,4.408290984678161,527.2456475619147,28.248893819454626,750.5647316178,62.004939910237894,2.9372972381385005,SAFE,NORMAL
6.585215723023573,4.772056416752118,711.032025465586,24.5968298750272,857.2345853835617,55.95804377597528,2.826825626321552,WARNING,NORMAL
7.269920868086449,7.613749378183728,434.27754911490007,26.34523694756368,696.111118469185,39.810578964525284,3.51509577352634,WARNING,NORMAL
7.536521205837589,2.673458254326363,308.41539833430727,22.712505916106746,603.4473716158566,39.342407322777646,3.0930770799577356,SAFE,NORMAL
8.247697285212187,2.8874203710992306,525.0574065812718,30.412271468397243,762.3831522026175,60.02620536623863,2.460550468323265,WARNING,NORMAL
6.853524163742349,1.625741482140222,457.4658089314238,35.27572142568451,812.1271527469655,49.10257465792158,4.496163020998692,SAFE,NORMAL
6.85169925118355,3.5335005897098557,463.4782031953983,24.421652251332105,768.6568443342923,52.08668854285899,3.286505981914046,SAFE,NORMAL
8.004770413215123,1.484575461375559,446.25324494113556,31.895729395464507,845.9835038485629,43.665165625070586,3.824652524982362,WARNING,NORMAL
7.407603856971214,1.1962636012076417,259.04104719337533,23.55683118499189,718.0814156763828,54.92846025846771,3.0332671592379064,SAFE,NORMAL
8.087356057831581,9.539459981092854,481.365487924176,24.872154170423048,520.7942494735414,65.10299874563262,3.184320819438878,WARNING,LEAK
7.4021096021068855,2.8359447856100255,406.90125748064247,32.73476092734982,586.7485343137045,51.212863282972236,3.275772693895525,SAFE,NORMAL
6.39001836690071,4.3426266330405054,412.9118373316365,26.520643852455827,947.0693146128782,55.182945990044985,3.063583083824934,SAFE,NORMAL
6.266810151655536,1.8375853429013926,402.21874532511373,29.74793474694562,705.8918052782791,59.96368917457317,2.82036376679272,SAFE,NORMAL
6.11394142565875,10.871828062688024,445.2958568762696,25.922156364801992,497.04950356314725,63.441063980055674,4.298763634973987,CRITICAL,NORMAL
7.663436284330931,2.4980689993744636,481.25399102034214,19.789057479927415,480.06613085110405,44.56584725834158,3.3774783895489477,SAFE,NORMAL
8.032017776160906,8.368661111273733,446.48333799943464,36.34964721230812,458.9881977122355,53.30914726346917,2.4110132516205613,WARNING,NORMAL
8.494553498970467,4.337531180095617,588.5778143416318,26.132907415061393,848.2936671809877,60.201075488329636,3.250852303969224,WARNING,NORMAL
7.790173732626268,3.178619150088613,540.7401359507785,27.6244701780847,755.7572234328718,62.432699785553716,2.48061778016008,SAFE,NORMAL
8.01398700427449,3.853218115329758,441.22799572029976,24.069889120751473,1032.051981827603,46.6105997641647,2.777172986440404,WARNING,NORMAL
6.793988567142421,2.8155443641951248,325.75489297060784,30.12052649565403,803.7059699429823,44.63871410852058,3.253402966138823,SAFE,NORMAL
6.3905089282793,2.67110086069946,519.6633778701407,29.826345235025865,814.5325655016156,48.760163681037355,3.4696345091057452,SAFE,NORMAL
7.795055532692287,3.65720801586809,412.21133136981473,20.770981309554443,1058.1721017219852,47.43395535587784,1.938412952937985,WARNING,LEAK
7.492376526567581,0.42673999828055215,429.5105893998404,27.6843983492195,525.6174518430357,47.770742396175706,4.05792145042767,SAFE,NORMAL
7.2752110620386246,1.8361647257379972,291.75779268885674,30.50840401010383,429.95984874431787,53.29567476883387,2.8705780976318844,SAFE,NORMAL
7.471160036443093,5.23240486534687,499.62849795703244,31.801747466692127,799.5201817429956,45.673422526267345,3.087715152803735,WARNING,NORMAL
7.4262298377207445,5.5424796556791565,761.2062894539222,29.58579590895126,656.068802173411,62.473254421622045,3.96676634027705,WARNING,NORMAL
8.098671801897494,13.071938574787053,389.2456041856711,29.937349873062878,753.5570088443147,46.76279364078461,4.055743902426241,CRITICAL,NORMAL
8.10648990937187,6.117640853539841,524.7122805807385,24.83962517498643,920.4574442312744,45.19063248309413,2.8902264438314638,WARNING,NORMAL
7.580954246638243,5.809893837086114,599.5030897426014,22.08384519223214,837.0805717811703,40.641233997279954,3.7316000767290367,WARNING,NORMAL
7.79206201079405,3.938139140213875,387.2427479444225,25.75650474049218,972.9739280262046,60.05801463248905,3.279361791775721,SAFE,NORMAL
7.559843786697344,6.937817357227012,158.97730155872625,21.992938453544305,536.5456200845226,39.65271450598948,4.527253493125663,WARNING,NORMAL
6.877181187575767,3.4138949448992326,533.4613791916,24.04387565597968,861.5270863328144,53.658940611831945,2.8633299305883795,SAFE,NORMAL
7.729595272439198,3.1676921780904923,459.51737716833685,23.98409081845153,560.9497485549151,55.556559386195076,4.024847611671298,SAFE,NORMAL
6.223853451798517,3.235989894795941,487.36010187008566,23.23718191087689,1000.408166103716,26.668462522169612,2.907403514424816,WARNING,NORMAL
7.937724086607118,6.83431963289767,456.58747182176546,29.129145017655734,780.6620053222405,39.53025269558573,2.66319037414432,WARNING,NORMAL
6.363833942163776,3.20687787006859,589.1764035193099,22.94909094634843,791.2377840625071,46.977232414017635,3.048337392326545,SAFE,NORMAL
7.400062300756313,4.286013654552825,438.29721291816605,34.342321751424336,595.2390827406635,65.15624595263492,2.3797155665158733,SAFE,LEAK
6.608392229101689,1.976021662943696,710.5061285830116,30.956600160570293,604.352534806429,46.97925068001909,2.734499572279603,WARNING,NORMAL
7.587372288152099,10.350926064289427,533.7659109977787,31.75797493820064,772.951343241565,45.9722915519792,3.0399357743680144,CRITICAL,NORMAL
7.176252341850464,2.37541269880933,571.3782353479916,24.243374975474595,1014.6875614020306,44.001278935567036,3.0734503126007215,WARNING,NORMAL
6.083670829285667,3.1071238441853253,450.7883442104809,27.801186259189162,984.829125110484,43.87628547255403,3.658208488958638,SAFE,NORMAL
7.494489741712935,5.7737874803311815,487.30146066183306,22.828421225577138,764.5264187040086,44.91885057495737,3.6109258732585907,WARNING,NORMAL
6.795455456217103,7.573393794681562,247.24374546635616,27.86942317644788,624.1656082506863,44.62303571592428,3.1822221984327252,WARNING,NORMAL
7.816802704569358,3.3142641068609358,380.7617678943483,19.92911654157846,803.1236455047867,44.281101488209245,2.3313881680350077,SAFE,NORMAL
7.200927982114085,5.225728210382157,579.3184755486463,31.249187527645184,925.803463046501,44.27195038892993,2.1325316859716463,WARNING,LEAK
7.476794689771626,1.519277043376678,441.9750835146182,24.42041870464714,738.1238560794687,46.950641460088946,2.935043305184425,SAFE,NORMAL
6.529701731489352,3.7288926243389824,315.0146033530504,28.21137935706892,630.2894220055185,57.60648073122091,2.7822487826268922,SAFE,NORMAL
6.787467438000847,5.1771269815980965,367.89497102110903,28.95389660412726,822.2429200606401,41.03085013762053,2.904134619224437,WARNING,NORMAL
6.878952954729241,8.281494997472851,366.9261036737138,24.784143818557194,656.8573097802823,44.824204395100594,4.011008811532206,WARNING,NORMAL
7.799691736169789,0.9672545072058609,445.32924549838884,23.80695628453705,636.0802622707622,45.84249143859136,2.8963478909264193,SAFE,NORMAL
8.374163961463843,1.2994403901756544,349.89540398826404,26.519169060817152,689.8944779284069,49.99959748265724,2.767284834740079,WARNING,NORMAL
6.636379773779987,0.6323439930572148,620.7673930810502,30.211862735230046,819.9885572301187,43.89734180474026,3.198259276146267,SAFE,NORMAL
7.953793701260376,1.084635242436005,474.98461304026046,26.41205828551311,659.9440811198164,66.60316860514801,2.940055112521303,SAFE,LEAK
5.681225807592009,7.1225139224576095,282.5382376352544,29.411831143853554,693.3015058527492,54.665723190542295,3.498522514032698,WARNING,NORMAL
6.364067419235398,1.9290882239768843,634.3368842272531,30.176366156665836,725.8224149949041,57.79527590318942,3.322779829745881,SAFE,NORMAL
6.528855080669258,3.230850816654397,444.5060260847659,26.23018847295632,631.2734739935701,51.90868600830405,4.1268213472896385,SAFE,NORMAL
6.253243917391495,1.3458091936877328,510.71916798815846,26.549293994394137,978.9197914655169,61.234823308984424,3.0540829476139435,SAFE,NORMAL
6.091488127148694,2.1219599750016087,486.8089571251313,27.555229514954956,1031.7239733430424,40.85481773722693,4.1654854518781566,WARNING,NORMAL
7.4890992384964585,9.70547010591809,500.0906437499528,31.56961850233044,645.4946971918204,45.54023343441141,3.5489503697882103,WARNING,NORMAL
7.050152611590497,3.9675456207345436,408.77891650799324,25.626873622816124,556.4307316929243,43.46741887166462,3.4652646424165168,SAFE,NORMAL
7.465583778323577,4.6606750010703335,489.6915471910095,31.551002103315195,616.4814897662392,48.62893430099667,2.2058161997174213,SAFE,NORMAL
7.683330880285059,2.8114807998560685,432.0916062201937,28.020509807711893,780.2478840177675,62.6696781726984,2.1303903727861213,SAFE,LEAK
7.385931895220773,6.571026592855915,493.4525731988744,24.053556265969927,684.5198325941368,67.59499113652728,2.3950236346088927,WARNING,LEAK
7.660434223305262,6.4519577297065265,427.71274426594204,26.832024595085596,469.81506453051054,57.63706571339547,3.306782646114401,WARNING,NORMAL
7.151327399630412,2.5701635579902327,415.1949974796644,22.517463859185224,671.9533648693227,49.21630625580752,3.5771191904636677,SAFE,NORMAL
6.369104628185979,3.0793983793602897,274.55606290919195,21.61597091354661,773.2707176288797,58.960365479452065,3.467285160836615,SAFE,NORMAL
7.940469926574558,7.321090259263403,449.37546789579943,29.427396994216235,877.2348956069948,61.86511827300742,3.2188933380984777,WARNING,NORMAL
6.7876215070532115,3.219933105805902,476.95363998679846,30.191075685219086,1016.2439649536884,59.41209969846881,3.651678463655393,WARNING,NORMAL
6.545082590866302,2.3372340025935014,671.86488665787,26.867905014492326,619.3439549931621,48.930921126721124,3.797221624623548,SAFE,NORMAL
7.075457486936921,2.473448901581452,507.5239207965989,27.190725469544677,587.7826125468114,49.14378410063896,3.0458397308148415,SAFE,NORMAL
6.561032356492441,2.109106600041182,363.03813091080895,24.692945330780354,654.9027532550153,44.73393355059786,3.479093168275931,SAFE,NORMAL
6.9077987326073975,3.189759606645163,328.2386849652324,27.679517700537698,529.7999317133623,48.03827919234251,3.3920022732093336,SAFE,NORMAL
7.440837745094426,2.165605777541407,482.0925456006154,34.925915083457824,573.95556584417,43.605667300380055,3.6031625874244275,SAFE,NORMAL
7.443839217472289,3.183417573635629,360.6062808772267,31.038786881014012,575.028708970215,49.48468601065804,3.363795348337811,SAFE,NORMAL
6.57151895350206,1.7097193482333528,381.78278038314215,26.695770684292533,758.8423129743383,49.81485959496333,3.332039666753371,SAFE,NORMAL
6.858606238935879,4.026006489296472,360.22486608609097,26.34724258095632,550.0864144525697,43.0913871387583,2.89780393910362,SAFE,NORMAL
7.952033103339171,4.4606840354283985,410.56958636417755,25.494435980913995,848.4456017670493,71.48314731662546,3.3028200837921817,SAFE,LEAK
7.547480082413759,5.021734747709968,538.3346798851951,21.35573057663828,906.8431574669831,52.36875410651616,3.0301373035473915,WARNING,NORMAL
8.65254552754398,4.519163697900564,211.21946482485743,25.068348611086435,497.3483192276475,60.33958546174783,2.665487983383817,WARNING,NORMAL
8.02608972161907,6.231518256140701,605.357990918483,29.696927170013833,465.10777932385383,59.60492758923372,3.3499948013180596,WARNING,NORMAL
8.001005147991958,3.380072483573561,425.50365870122863,23.271926946099896,603.5274574655575,65.54392144454948,2.6887564084458355,WARNING,LEAK
6.228492014680939,3.1624465004568028,373.91011825367957,25.879770715262136,627.7611017528791,42.74387213763296,3.1784902071631658,SAFE,NORMAL
7.734702246143396,1.9052608176422292,556.5312306809568,22.527275431148574,927.8912575454622,45.63782457227458,3.0168528621549364,SAFE,NORMAL
7.162825238812163,5.357414303687635,425.2499868663897,30.141778520220697,690.9395856889378,35.48759266043172,2.918822491138188,WARNING,NORMAL
6.814312737523226,2.0082846198810036,324.37725840523143,21.907073487447203,775.5476859124276,37.05911746612572,3.902663715510461,SAFE,NORMAL
7.31761073837277,0.5778256794389187,267.3799713059177,29.370711629047346,775.2162681049743,41.92204257516809,4.019143272211189,SAFE,NORMAL
7.861648074228039,1.8299912063606196,533.4533683671065,31.114562440292325,541.4942528765499,48.78538982314203,3.051573170465937,SAFE,NORMAL
7.550582113702948,5.643266272570552,541.1684953269856,25.70649661638211,654.8745061678148,49.246729176644926,3.69867175779057,WARNING,NORMAL
6.585068339060558,4.881852683264844,400.43418133982095,24.25230633816258,697.6962394232048,75.40024424275438,2.409276856531535,SAFE,LEAK
7.7197212395148345,3.7250399390067037,608.5589833655968,28.900471813353622,767.9656458475367,54.026143254034515,2.609196748932013,SAFE,NORMAL
6.753688720546825,12.343083002741533,454.2997133297192,33.40970058250562,441.83396860526057,57.762040922629254,3.1694527631100717,CRITICAL,NORMAL
7.351678183275,4.039977000990519,609.3605862925778,32.36671024419995,592.9744745774149,51.13656372746455,2.6667000765287723,SAFE,NORMAL
6.987654952766007,1.5815858874912638,335.1158841940608,26.704958234910453,702.0717477208684,39.49781723812549,3.3878190326236846,SAFE,NORMAL
7.046793623785062,1.461145073925776,320.4244624940511,23.467269722073677,620.8685678096458,52.37370641670155,3.3437676960552873,SAFE,NORMAL
7.736370082528357,4.514544292015971,388.36208355827915,26.071630123909266,447.6089466486927,37.086461911013146,3.1762857696798443,SAFE,NORMAL
6.471864396128872,8.073858754553624,402.05227571279545,20.240364560761833,569.9535616043795,48.556256698207655,4.383602724175221,WARNING,NORMAL
8.561636551993853,3.130580859680749,588.1304232374413,24.77717950086393,449.3556505458296,55.183915292286216,3.384007501260415,WARNING,NORMAL
5.925239751493853,4.128773347035946,485.20117080546885,28.802183782775607,948.5700986641857,45.3020874110499,3.488016649247916,WARNING,NORMAL
6.7816326217216005,4.285389917288983,358.89087816881715,25.529171663853724,642.4648809084225,51.5431725539738,3.4427751157779385,SAFE,NORMAL
7.459148322959219,12.653300919515427,451.33906939482864,24.598203439893624,688.2085020544915,45.18381503789413,2.7495049929054227,CRITICAL,NORMAL
7.609019916504717,5.987626789891952,398.6337859021701,26.77804558253107,523.79629960191,41.15621213277405,4.175124149430093,WARNING,NORMAL
7.129666995599806,7.006401775505,353.54902628039827,25.922584733306827,741.5279813097965,53.90282250215884,2.4980568374889844,WARNING,NORMAL
7.15982650789892,1.5267853717177422,440.4309882122804,30.021972561721515,825.1122091683627,58.35651344925643,3.3425423764020383,SAFE,NORMAL
7.487385059729331,2.0023897522315557,427.09726674095174,21.692975197822264,535.0826005170355,58.33641934455882,3.572170092364612,SAFE,NORMAL
7.038251365779624,1.8771683915123778,358.118565841891,29.105870258458733,539.1281635091008,48.07049717794446,3.6918224885523125,SAFE,NORMAL
8.175226880554435,2.61067626042513,356.83631742449336,26.815446536838238,610.7930662142566,32.59357884935821,3.044389810696995,WARNING,NORMAL
7.787544379962122,3.316692539979001,547.7515891907746,28.737112642644828,447.9841628138557,50.70655720623611,3.5717382974557217,SAFE,NORMAL
7.810977045703944,3.9235409347733152,500.8099026510214,21.44359208032343,768.4406133871767,60.15478374449552,2.6758487725498963,SAFE,NORMAL
6.523690293640708,2.9654500570051305,563.2402475528357,30.532185289851963,836.6198441038694,39.4818054459867,4.035216743766694,SAFE,NORMAL
7.144428102916009,1.8415430696117396,415.9497884613948,29.172162176690225,442.1369817328204,64.24732771364937,3.118525471306628,SAFE,NORMAL
6.989673835895507,1.2601367227095794,319.47171358520654,33.692830042556984,858.5769472433794,33.52845729050282,2.9516440401915918,SAFE,NORMAL
6.496079037017374,4.218600098368884,381.1317435546988,23.669052385660088,858.7106693310072,53.17605565281873,2.881095703055824,SAFE,NORMAL
7.452114928762037,5.125182712916749,573.2776807164005,24.660095588167255,188.64834336477412,56.6380889723456,3.3487123399220535,WARNING,NORMAL
6.823647969554129,2.700288767334911,257.95147217640476,19.863269411203,501.32938589960946,61.74572537975031,2.409962944141318,SAFE,NORMAL
7.6587826808951665,0.6835096450603966,623.3653061428054,23.705606619322918,590.8179892769328,53.672087393174664,3.642378512555839,SAFE,NORMAL
6.450865905973968,5.9455119878204545,316.7808427625597,32.73721661032262,802.310203004843,47.39793636062914,2.9014470966968595,WARNING,NORMAL
8.403328428989274,2.6120472156394374,543.5611819131466,28.18025145492942,778.8373760239995,51.344694245503256,3.852222637553493,WARNING,NORMAL
6.572567138985557,0.9358096974204884,327.54497409493575,24.094572341239434,533.513856331843,44.54102275617424,2.57877796176304,SAFE,NORMAL
7.353511636040305,3.1010946448935837,378.57983401115496,27.53236544301997,992.4252962885539,34.082534164623816,3.266023391431254,SAFE,NORMAL
7.754301517271648,6.227076584199808,203.10275609947774,26.753798321310715,573.9873547099747,48.064047796334165,3.4769415077000874,WARNING,NORMAL
6.8005516988599215,2.261827277174974,672.4558273229756,19.363475585252978,549.6555288062145,53.929120174487664,3.531108429370855,SAFE,NORMAL
7.796728050403066,0.21973090075051088,518.9796900058368,20.087372333285888,491.04548764064214,58.20585330466027,2.9416449743062683,SAFE,NORMAL
6.339571481539709,2.5070984970320582,526.0438218435013,31.427098501041066,667.8569793778034,46.11364589603919,2.58263689256788,SAFE,NORMAL
8.216482389427792,1.7653796270498412,390.8558612793715,29.946443056827537,862.7502246306325,61.81734328643785,2.9715316049458775,WARNING,NORMAL
7.209904485476031,3.534181496367895,338.3094779700143,21.06188029417769,537.7669193643477,48.656233260402026,3.7833284311721953,SAFE,NORMAL
6.782512014421784,3.1563377924127916,543.1836728685345,26.492532879848454,737.5158748639973,53.82852438966065,4.24613905739676,SAFE,NORMAL
6.990572759300796,2.107911597114747,305.62504899014556,24.13718066911399,736.6047704715419,55.967403096439824,2.3885575331185516,SAFE,NORMAL
7.766243488574903,2.005387199984844,429.94477677129566,31.355351061593844,694.3377463573565,50.42720518980487,2.8310064634424,SAFE,NORMAL
6.790881295704693,7.485710318131415,299.9123860249538,28.790276712356103,757.9795622910667,49.27506218726124,2.333791323736734,WARNING,NORMAL
6.675449617404055,4.496589087828562,464.87381359023993,22.581580183378506,863.096672279781,62.45700777092249,2.9258106417404703,SAFE,NORMAL
7.044924381691383,4.395667026203923,219.9704682634459,27.480963337295872,749.1373660856613,36.40789085373845,2.881044977060099,SAFE,NORMAL
6.376126521061023,5.715844949865416,272.3305471966768,26.83555707134388,888.4193670301697,50.339308419625816,2.6022317086215807,WARNING,NORMAL
8.47438073555927,2.595117270674372,346.82166548011406,26.846512262822685,501.98873411658406,35.3244605394072,4.031504399913739,WARNING,NORMAL
6.803523786149694,8.831205472616475,523.7703688926384,24.95952245983604,620.4014285154685,35.619819558997364,3.773434836493423,WARNING,NORMAL
7.782131750326283,3.9523560494146612,386.2418746485682,27.099301416643463,502.20883572209743,49.5751975133431,3.321695890028432,SAFE,NORMAL
7.346629058553441,3.406769891017097,568.0317987737643,23.59692076663528,798.6213217245972,45.79285707757443,3.144876786220441,SAFE,NORMAL
6.510826164662623,3.916779413759141,630.0837933191358,22.248768371662045,919.9299770970938,66.631568189601,3.6462521872456803,SAFE,LEAK
7.1958317035510895,2.5004427246843837,412.9628244374048,22.013810063360356,644.2607009403977,47.972950668159946,2.699245002495698,SAFE,NORMAL
7.748801945517524,1.835473680139075,272.5863095675003,22.803581416493167,750.6777415681344,59.081179675493914,3.3191875092580663,SAFE,NORMAL
7.068217065439586,6.638029802697519,565.8815947531258,28.689132518013448,430.9825194409534,50.41310177861487,2.8973976344756665,WARNING,NORMAL
8.03517906209572,1.1598314432949302,265.0120593774158,28.79788735038041,703.8792181691693,40.38738580571804,4.371747787538377,WARNING,NORMAL
7.915060774947305,1.2532366935929515,341.6083553873416,32.84210117390254,398.8312411051056,35.89894647755302,2.5209169611748306,SAFE,NORMAL
7.84324039826083,2.881725278591622,245.87228748883356,26.08612377071062,710.9136476476849,39.08999089355894,3.0638902086176856,SAFE,NORMAL
6.878240259408902,1.540028386370647,565.5797670425211,29.80563677870119,353.79348439858194,52.623392163618846,2.552748749643806,SAFE,NORMAL
6.444110286552959,0.6856209219690595,518.6502819065308,27.18825045273657,1005.0061810799835,62.776967799857196,3.576053286176349,WARNING,NORMAL
6.770488676246044,1.2144170209566079,644.1942869949132,28.198392931038445,690.8838702300158,42.69060530111214,3.5749170701456574,SAFE,NORMAL
7.337368658466705,1.5780702205324233,397.0493268587917,30.233469720231692,683.8298862418784,56.702790191729,2.8511516500740224,SAFE,NORMAL
7.582050699472649,4.080563647908901,351.122980990706,29.328188322309664,1043.5006270683093,48.54622844170646,2.5788824991025567,WARNING,NORMAL
5.679900016667687,2.71411111443054,387.02272387956475,27.433759958909892,711.8910419784611,41.481201313097294,3.007097876446083,WARNING,NORMAL
7.194320758871775,5.889387980659448,290.06750700842736,24.545696322436214,410.2890770215624,52.836887453908645,2.851054178346929,WARNING,NORMAL
7.310662457726229,1.153970437819432,621.4382136754674,28.103193636324132,622.4545734005959,62.73148425917987,3.2320498550366126,SAFE,NORMAL
7.005719020579114,1.3408742601699537,855.1960690352736,32.45720467797515,1050.1313963340008,49.39628018594204,4.009883099652035,WARNING,NORMAL
8.103891687311116,3.6441183827301775,363.14258425475504,27.70132958907387,538.8546652956095,56.63636400345062,3.5306739866813777,WARNING,NORMAL
7.4952460519756094,1.7712949421730826,521.1237697089878,25.4186363476678,620.7011245793856,52.4691944946723,3.5795831013799693,SAFE,NORMAL
8.117134335656628,2.401331965998072,431.34130494331305,30.285601211424435,978.4074310440134,52.48294358197963,3.1978794205132437,WARNING,NORMAL
7.048827635754837,1.2283330487422812,503.0088513802189,21.45950643726158,561.2182983405386,43.57517468553723,4.52178169205478,SAFE,NORMAL
7.856234244754847,1.1528113987774975,577.1638422964967,25.560185986392035,682.8244986557797,53.92652001717846,3.258266702849155,SAFE,NORMAL
8.344546476169263,1.7161754542399008,312.82903573987585,23.07690031939341,943.081723893129,38.30594266773166,3.5628058857617066,WARNING,NORMAL
8.118185414490863,6.1261919683386665,392.5691338043289,26.514055477868062,596.7229698921277,52.8907493752311,3.749317116632863,WARNING,NORMAL
6.435500884599887,0.9143865306384888,594.3786671924021,31.98592000511031,556.2603987266779,60.980246812217324,3.174439048131959,SAFE,NORMAL
7.022426745720334,6.612212790547521,511.0601873448968,29.563518549025904,368.25825772801335,64.4314767396081,3.3037310146910603,WARNING,NORMAL
6.958384706185143,5.737024562084175,489.2783691273467,19.52817154270304,501.47360268219734,41.66184356273512,2.915079499962524,WARNING,NORMAL
7.5424781745534295,2.1031980240939565,511.16206088954596,24.525143221401102,540.9860545234492,53.53387117492504,3.2090007952951933,SAFE,NORMAL
7.680447488510174,3.1474293649885787,522.9469811059843,21.003741076986085,634.6369946087672,44.357715679754264,3.931723154878687,SAFE,NORMAL
6.612775128181985,3.860182704719803,588.9316102484546,31.23315671239545,764.3114044106239,51.12414436849656,3.7819583841355895,SAFE,NORMAL
7.247486959741857,4.942031107347628,540.4528365995063,24.67013134064255,691.9667400310332,65.3772866802603,3.543776729247744,SAFE,LEAK
5.7860508674907045,1.3394861404948641,443.91279882035053,27.303571283099416,478.32138513359274,57.02201151699111,3.6551517981884762,WARNING,NORMAL
8.209361504061324,5.344625689118874,492.364366027808,27.496169694322276,944.8823850617207,44.78036557132174,3.1812806369165085,WARNING,NORMAL
6.841338031526314,3.338397459610687,441.90852043886997,27.823420679391095,501.63519728320694,44.32944589856201,3.6740809267445833,SAFE,NORMAL
7.239104757891148,1.427390073053774,360.4627555753956,15.42904184622178,1024.6578661336312,50.13571445334027,3.1238490892427033,WARNING,NORMAL
6.983245200208358,3.365293109588743,443.8047057573999,28.44450974655792,727.2293764881571,50.67994219893973,2.383293294433845,SAFE,NORMAL
8.00221930250939,1.4137528332341807,436.342733721673,24.806147744362164,888.1661118957751,51.063185894513595,4.1162230211054345,WARNING,NORMAL
5.213745491021835,3.0643299022303276,246.2289650643571,30.38320475608134,795.3779691502455,38.08635634321554,3.0978626302164685,CRITICAL,NORMAL
7.1883727603718635,2.180249734915886,542.992195130646,27.811045076305053,971.0347988404046,65.99282283444786,3.7271427093449527,SAFE,LEAK
7.125926869751612,3.4975977391378446,563.3356134754346,29.52679338701896,692.1941020812994,66.7830882292007,3.0186289292126793,SAFE,LEAK
6.882454528685822,3.6473896560517387,515.2570687755896,24.08734039944681,652.0175779531578,53.834650989321524,1.8549335790894603,SAFE,LEAK
8.408358581944944,7.221343738318064,556.1646983667425,22.484325549412976,754.8486553150507,43.03886869833481,3.1635934457872716,WARNING,NORMAL
6.5788693788009605,4.745694480399576,428.890903733814,30.56139738925691,650.4478540822035,44.98420898162051,2.2791593957809684,SAFE,NORMAL
7.740257324064963,4.179142995675302,388.3111066439361,29.25361801961623,781.6430405202232,42.46458880419839,3.577679011281909,SAFE,NORMAL
7.4493769520942585,0.6444404350079348,563.8686444476065,27.888857632058574,978.9650608156176,41.74273319225101,3.085401100618219,SAFE,NORMAL
8.08306347677486,5.9932124340411255,322.9459870889751,27.883107600563918,395.7101892091198,44.9275491488911,3.8094337607071167,WARNING,NORMAL
6.732967640655747,2.254020721972024,318.7871489137731,28.682510424216193,686.3160031798117,53.37852148713159,3.316664362909544,SAFE,NORMAL
6.686921770613369,1.2294495278329438,503.7766472888049,21.830963632127677,1096.1070029716175,51.027698676914994,2.6849530785631135,WARNING,NORMAL
7.9672489352341795,11.061457715422847,500.4915837230056,31.30227175199998,629.7461541145517,62.1937242527711,3.534898841265923,CRITICAL,NORMAL
7.4977249158310775,1.76970744488548,561.6086951162678,26.383777044753554,882.4710218704826,37.81418686197678,2.4202009327318965,SAFE,NORMAL
6.118543857326269,7.745094730272315,244.74691798462084,26.497849280435506,856.7123309534826,42.953190550027834,3.046452054830546,WARNING,NORMAL
6.822486489875711,3.895738348957613,438.27093110478006,25.327537301601915,441.1891459313699,33.99907339487812,2.268032797969705,SAFE,NORMAL
7.4704678576936425,4.516043946823097,314.3559934961489,17.121784687316783,753.4255205743972,51.157497396942965,3.37504550405253,SAFE,NORMAL
7.786434955082613,3.084065513486514,552.6353055842776,29.300788262606154,739.5418835037555,62.805129188783766,3.3236549234444315,SAFE,NORMAL
6.724538542764932,1.4611191381278965,610.049885835302,23.006446621498938,1272.8281307316158,46.22042442490311,3.2630633661435575,WARNING,NORMAL
5.1600208071281415,5.13345432892325,510.53948122263677,27.432233003179157,227.32098867603338,60.92341257535497,2.732070143059122,CRITICAL,NORMAL
7.566256230015924,3.698358134882953,383.0582573695876,23.719153120155994,408.3002295010004,55.55012694187478,3.8762021674519436,SAFE,NORMAL
6.345775517039217,3.6596652855820393,360.16978167920473,25.62589689647049,658.831118674487,56.93423296467203,3.6543538946748053,SAFE,NORMAL
5.787862841314312,3.2905048388560396,400.5805683210358,25.4033877778758,635.6273391373613,54.687204407328466,3.317024770740171,WARNING,NORMAL
5.217371852511102,2.5532876008037695,349.06507293932515,23.62663268241067,540.9710643554547,64.42574523136844,2.9095779007741376,CRITICAL,NORMAL
7.769786602138419,5.158830208643219,430.891062118565,26.096416664951107,552.4500829232439,48.39836589152305,3.0250663406532046,WARNING,NORMAL
7.2900322152834764,4.43185759968981,359.896149945234,25.076359982802355,823.1693154012711,55.494399303914726,3.192326702249201,SAFE,NORMAL
7.0420405335014244,5.55746099526987,284.2021068248356,22.838140644491673,548.7623845903283,64.7638567285186,2.649531076472359,WARNING,NORMAL
8.172317054073932,2.6423037702576995,495.6775713534191,31.69148297542239,602.6032088575319,41.813554466856544,3.626560264333009,WARNING,NORMAL
7.646127278116151,2.48079449651009,504.9388825500799,23.79423838340378,879.4615483531445,48.278767218967886,3.829667599159695,SAFE,NORMAL
8.331410029905342,2.0294276527998694,653.9303990882029,29.248296024979933,851.7632214666558,54.59821872056847,4.054537479052396,WARNING,NORMAL
6.225085169483103,3.359451967092206,398.0167500798894,29.672954432957845,614.0363771313339,43.13034291147759,3.0281574932672743,SAFE,NORMAL
7.175814563232226,0.6769289034347796,223.1754412021285,30.695728976071603,436.18816530434106,42.79429803185439,3.888633835763403,SAFE,NORMAL
6.068300637536391,14.599931109394692,547.8361707192245,24.81806185658596,858.2703656315277,66.23975912607904,3.9194548947493963,CRITICAL,LEAK
7.039432367701173,1.8618962431543473,561.3307505817035,26.205041778256835,530.8278529832471,43.50364491594892,2.883953313353048,SAFE,NORMAL
7.025968902363326,7.0570561087031995,587.0401965698819,26.32863345394846,932.5326789594608,47.068605687667706,2.6981075845003284,WARNING,NORMAL
7.638629546084149,2.2144493867168515,626.5589204059153,29.108857936060456,775.4887257203078,51.72736236549034,3.7432980955330986,SAFE,NORMAL
7.231894716799329,4.699697616708798,628.2636874821404,26.03050668750371,665.2114209919,53.42965039789509,2.925741393894141,SAFE,NORMAL
7.636384996795941,9.335552958637725,332.78682626001336,28.833919441910734,778.9268094973993,45.63812643929959,2.833045129661351,WARNING,NORMAL
7.692408093197226,4.51869788251834,635.7693065797037,25.976832091091303,348.63512786078644,48.33676712382879,3.608176363775464,SAFE,NORMAL
8.7084500741682,8.984940904574762,410.6357634217353,31.468784657367184,966.4414584467302,41.985438723806226,2.5070406582543523,WARNING,NORMAL
6.979292341299713,6.781304498452189,545.812419346038,26.95302739191374,662.3463980079451,45.56998238834707,2.977088580243282,WARNING,NORMAL
6.541284109533535,1.3762938022569204,481.1391265237015,26.47162009217501,730.0527144014856,55.5626792688151,2.267976566503867,SAFE,NORMAL
7.372258530721487,5.189680410027392,333.27010747838585,28.358031073491176,596.2388555821805,57.251621868742276,2.77963506405857,WARNING,NORMAL
6.63840398100232,4.032866203791675,589.2430016947794,33.54200118889399,669.2625720957889,58.145323445991274,2.8712714670596577,SAFE,NORMAL
8.237372537905575,1.7387351086119687,395.26781811402657,24.579258889878126,987.6391549312988,49.96116980468781,2.824893090310604,WARNING,NORMAL
7.001747372738337,6.393697342774318,673.0529314287184,31.157699981034725,651.3960633464641,48.42622532068464,2.9849570756249264,WARNING,NORMAL
6.804096542488207,1.120754757374756,358.41081616070625,23.729655153348073,624.8248039254598,39.53798745840166,2.172856713281452,SAFE,LEAK
6.870078995194218,6.117756144440284,329.4658630338638,27.17531659074123,822.9738987626874,47.15286479805437,2.6967146369324,WARNING,NORMAL
7.702892196430149,5.236890245688662,370.4555268445118,23.820897323325845,755.8748683392206,51.38747742212483,3.872432810682327,WARNING,NORMAL
7.0895771117379605,3.411619318060908,629.4241529314558,25.514751941388145,979.6783120666851,58.70482395167467,3.3490892534822025,SAFE,NORMAL
6.750833225908733,1.9384880247238658,261.9360076287395,24.2858157527668,337.0860136352279,34.534651255205176,2.943817721006816,SAFE,NORMAL
8.365746342336472,5.139275012430452,559.5679763323268,29.792870203214996,617.1089836056636,47.30529870679881,2.8723114656634845,WARNING,NORMAL
6.600681111536775,0.47955339516481693,669.8832611237933,25.01102344180299,443.5324032726663,31.87341639478882,3.5826042609325515,SAFE,NORMAL
7.224896251823096,1.6439382664388946,429.67419318497076,29.120828056420326,921.647594451289,37.170313188629045,3.2429397623210887,SAFE,NORMAL
7.656614306127161,3.119874874928537,402.82963394487837,24.892684109499175,467.40061700842483,60.53970848883598,2.638956451789592,SAFE,NORMAL
6.058065422708049,3.4136535323592603,459.58751435556576,26.977846583146576,759.3600144919551,39.5861166564697,2.933216149786008,SAFE,NORMAL
7.536182350984148,1.6788917390160691,315.3109005838188,32.830393913884976,464.75996896912375,50.864588977773806,2.581602375710922,SAFE,NORMAL
6.4614246271636855,1.71431661689694,767.7917079482713,24.01803492272194,610.1147244860838,58.20942138339688,2.853714206650581,WARNING,NORMAL
7.775947946583802,4.62012225092312,530.3772515604173,24.093886926425142,520.84521105112,46.2555667839351,3.542541593225222,SAFE,NORMAL
6.526144291656717,1.4117414349453308,303.53808574938796,26.015166092658053,698.7614568414565,40.20713255018107,3.492386815313704,SAFE,NORMAL
7.684938322294203,2.3671106298522444,353.1374916796594,26.92967420544706,1065.048612948502,50.95323334404666,3.7145740506162417,WARNING,NORMAL
7.974083146406299,1.115650515850044,471.4960548291588,29.48321672007831,443.41736477362446,62.478665176145086,3.271087498506829,SAFE,NORMAL
7.8030055679429635,3.2495506753184626,294.6691792922031,27.17193957236942,495.2271363445407,57.94205973233954,2.4454350206518263,SAFE,NORMAL
7.375921653766672,2.6761846475427786,269.4814688294732,27.980788360727352,807.4565675128072,48.01299921393581,2.5771658986219275,SAFE,NORMAL
7.03808933994921,0.4341280885273563,485.2521697175328,22.382690002550913,672.4901050233425,45.54394216239789,3.437041978028197,SAFE,NORMAL
6.796506296565609,0.9161241611811828,570.7198007559218,28.206274114345458,470.92829542309005,59.25122808048954,3.250878706143269,SAFE,NORMAL
8.229724283571972,7.355752558700181,559.8266355005305,28.313203529520365,615.212157826091,38.30851077589597,2.6204133593805077,WARNING,NORMAL
6.71035334588265,1.798445934100864,442.8314916224419,29.686400860893734,427.54620537610197,57.49580668011283,3.0288251716407486,SAFE,NORMAL
6.474053748501003,4.107614994082656,417.0588710852677,25.68659231237629,611.7701829632787,45.75588163763278,4.149889107896556,SAFE,NORMAL
7.665758254522981,1.3289541852910223,456.20042266805206,26.973063416950513,525.0709048127519,38.10270626248102,3.665791242985948,SAFE,NORMAL
6.642704237769453,8.083038117257658,569.0552446508473,29.82542704958115,755.9669647379815,35.86794971381959,3.9493067693804007,WARNING,NORMAL
6.534955551773711,0.6305548456594103,299.187838264859,22.765432116858136,815.7641064417662,63.080864650418626,2.6103871281128774,SAFE,NORMAL
6.189477016481165,6.871313942920295,356.70988293609696,19.82008039310671,222.29731841412064,48.390928394266474,4.035197365371557,WARNING,NORMAL
6.861963112377638,3.40505422918896,404.6680831929132,22.56420418918269,719.2709061197986,42.846118194078116,2.9399037515294353,SAFE,NORMAL
7.142099483272455,5.0471927719347764,420.9312785185119,24.442720680829872,285.4264392530652,49.65037061716578,3.9861046446495667,WARNING,NORMAL
7.370164209362489,7.428670792451947,443.4634899482746,31.289624345987306,701.1354039130654,45.42185418526722,3.3791513933046176,WARNING,NORMAL
7.865914371009638,3.788099429092639,447.0116776364616,35.117008244634725,986.4742388531326,45.69326116952178,3.514247848163092,SAFE,NORMAL
7.568828546566055,9.511959812911037,530.8829652995776,23.36222821324448,637.295051561594,46.02992893724782,3.5473257251011843,WARNING,NORMAL
7.066389446312774,7.347861377146938,238.46205333885408,26.663230435846476,746.063697167117,50.0664111671211,3.249399390164286,WARNING,NORMAL
7.0612630265341965,4.936584121742086,257.82719370265585,24.892568769309644,832.7297516759703,56.05934839824256,3.4917242531742354,SAFE,NORMAL
7.557110228240629,6.57867560058217,370.1766757842544,28.92478039655013,839.2205680688633,37.76861721406734,2.690592092255627,WARNING,NORMAL
8.090799114049998,3.163223502093159,553.6307227104119,28.119582675927475,850.1987421750961,60.80356202091282,3.1355311072512695,WARNING,NORMAL
7.28841993963824,1.4729545261138148,371.76602653733465,23.49366404626116,778.3296951304741,42.44006487850433,3.590347663760498,SAFE,NORMAL
6.871608402052714,13.27415401426306,445.0701312870858,24.51542448404239,564.3319742733187,52.049489633277034,3.254431855363515,CRITICAL,NORMAL
6.504993799240118,3.3275732691136106,465.37685076144123,26.427917794022594,815.9965381113767,49.53482057300515,3.024623987156931,SAFE,NORMAL
6.1883563149114424,3.922031996572151,487.9316106552753,31.921011927196826,968.1867436480502,43.54467311082902,3.316876640695989,SAFE,NORMAL
7.6663887704304665,0.9616721584633442,637.7490134639601,24.38483727051738,787.2899449254696,59.08253138029665,2.517989755666568,SAFE,NORMAL
7.60458496654769,7.7367250800825875,533.3573014005494,20.794563116413688,734.2266385825384,43.64669425532716,3.7230552387664173,WARNING,NORMAL
7.604154467574663,3.845758887651556,569.695577086347,32.212090520416965,398.5237702793155,61.35043201819469,2.1605358703923905,SAFE,LEAK
7.109938387553561,4.617074964531836,434.7844351055153,28.98917272853287,508.64197240528017,55.34418934885705,3.187518992473829,SAFE,NORMAL
8.184854322124226,5.064364523073292,626.8204626035904,22.34845315950907,570.6220456255198,44.00380725093106,3.5801031962727654,WARNING,NORMAL
6.861117053790628,1.7566695244478792,458.5929194720667,28.225371357481727,502.23667436626863,40.41246027241727,3.240772664821408,SAFE,NORMAL
7.868688466045044,7.597882766895205,215.36157650052104,30.246669451840003,670.4177279386388,58.52155611928336,2.9654600525175603,WARNING,NORMAL
7.17287997350732,4.149664341105623,745.0063995393199,27.374982081340963,532.8576138759446,40.87126911839621,3.749810634267609,WARNING,NORMAL
6.774154464724464,0.4673463638527377,455.54191226283297,32.45030744168825,855.927739297792,48.934972609934285,2.8555377769804147,SAFE,NORMAL
7.614771215122433,6.596449040790783,513.5727001938205,29.22131258881562,628.2270349645521,55.57443931612849,4.042353315733085,WARNING,NORMAL
7.486745283078796,2.9428863994039633,321.76686451379976,28.22198194429125,499.1790101066438,53.708573603722144,3.095054168603841,SAFE,NORMAL
7.449880931486849,1.9168663468602825,713.6543338926556,27.81553628703862,533.9104710505898,48.37726895067972,3.0773540565015267,WARNING,NORMAL
7.2568948954393395,0.7042544660285622,354.8095302383339,27.543577456747485,712.3155425418591,44.16278904418101,3.5640578650301764,SAFE,NORMAL
7.1734748427982185,2.368483551683614,403.7703827888415,30.512272035916485,649.2126426936469,55.77677879767087,3.0448714602231037,SAFE,NORMAL
8.871860395009307,2.1642540702314097,266.5086519705199,26.401671621344594,707.5184185349661,34.95237558887955,3.24799302840903,WARNING,NORMAL
8.028979651637322,7.086032712939033,493.749323523331,30.798133071559917,655.6177679585563,52.076402093680116,3.4856470962085924,WARNING,NORMAL
7.705978826489859,2.0280393311419425,416.21815448754734,28.247750502162518,1009.2382140692575,39.62656942791456,2.5873120558109584,WARNING,NORMAL
7.278259410742372,0.8611953055173635,264.7686973869554,27.422249586952354,854.1881523751571,42.98213671650697,3.5064318566152703,SAFE,NORMAL
7.905010040417668,4.65190947028522,441.89148866536226,25.767848369435935,545.1855003495773,52.946618092874935,2.3533125814272005,SAFE,NORMAL
7.562596343474016,7.327942393504926,461.37539516112855,25.805248806334994,349.7725034241681,44.00293794564948,3.193500778484572,WARNING,NORMAL
7.218343326941826,2.495178533369394,420.3028790350816,28.276078072260706,635.2052336647456,59.258386078444104,3.021728294872491,SAFE,NORMAL
6.98750497231386,10.756314478871666,231.49344294514327,31.052413708918262,495.3250689422405,55.651501655462226,2.5443925036164465,CRITICAL,NORMAL
7.143357863636118,6.540545682780725,484.8954968675708,29.017596786301816,388.8723030708817,44.419927993651456,4.0457212030703085,WARNING,NORMAL
4.9807019848853615,7.765842986296432,297.88316440238356,24.142111974456206,814.9195862157669,48.1978856221227,3.2836878519190265,CRITICAL,NORMAL
7.347420587508349,4.55841705426487,556.706041925744,20.604290536231563,698.1357410923189,41.171047682034455,2.8736557851731734,SAFE,NORMAL
6.858066743922748,4.204503311460894,383.3506815580392,29.95903273590975,902.0577031911978,53.783824365399546,3.27098849880232,SAFE,NORMAL
8.314868998798019,1.9545700661823626,561.3142668738344,37.73187310185458,686.6944550857066,62.54504554944415,4.443405245836182,WARNING,NORMAL
7.213540849568228,9.212165750782757,451.68994317621315,25.896555190375118,660.6575803002988,40.4390040468666,2.702310656931744,WARNING,NORMAL
6.367725606325527,8.219277961146469,457.8473784521944,25.145546648785587,470.57951701497944,51.50727008311411,3.5289767797157308,WARNING,NORMAL
7.165083892110318,9.344049107443908,603.1556867439128,30.28210483354918,587.3209954312242,52.58758252622682,2.7427281689448346,WARNING,NORMAL
6.467715240456247,3.1762485649984433,352.1681250768503,23.556467611665678,377.01681041927867,39.99969768152988,3.4411543203654515,SAFE,NORMAL
7.531385190998726,2.5286001094701325,318.50712802680624,32.98479341930999,887.0079181330126,41.93278341384494,2.8704329459970266,SAFE,NORMAL
7.4036631550376395,5.4954705403854796,516.68420874475,28.649240776134135,462.96860468250577,35.533344805976476,3.118219435223294,WARNING,NORMAL
7.870487741775787,2.2506785865223433,292.3141388212681,26.893552392155467,739.7300840350155,54.48680706222012,3.2790756269154597,SAFE,NORMAL
6.6463827458138045,3.2027135397625357,354.1465532762098,23.903539081925775,655.5955689473909,47.122509508570715,3.8600297117079574,SAFE,NORMAL
7.223805667359703,0.5335036390551369,260.50060638930654,30.528275989292727,769.9593422192547,44.1949791232841,2.463038783858926,SAFE,NORMAL
6.2444847432013555,3.9370865116565144,588.2187074663257,25.22321078742892,706.2026317762519,66.51455049825555,4.049832677703867,SAFE,LEAK
7.6910463473473,4.926031552286787,329.67899091831123,29.836858735547246,461.90224024010007,35.58386302850038,2.240886455683332,SAFE,NORMAL
7.563209826308086,7.882740994089016,371.4864748844103,28.59635737972915,640.1161276640706,60.28018999962178,3.363826892636301,WARNING,NORMAL
7.5470635147193,5.64168193734997,295.19370090610107,32.165696477031005,928.0194131932521,32.76747148756327,3.2301864506695117,WARNING,NORMAL
7.201133321949859,6.313598314015534,403.7494432605822,27.635910724157657,551.832263891816,45.83402358640547,3.1343336701715407,WARNING,NORMAL
7.490341023552154,10.29302269414054,432.84667625534024,39.46539213207208,908.345882875599,36.41165244976763,3.2181376880797266,CRITICAL,NORMAL
8.323037375816018,1.6674006937768935,549.1172467724408,29.21988611640055,819.0928590708379,43.43984828971597,3.4609131667057516,WARNING,NORMAL
7.000434020070591,1.4237763046838,291.36524136836067,27.58508004144735,725.0735183426256,45.672869897989315,3.4308575065474587,SAFE,NORMAL
7.2970516285970595,3.7422904180331042,377.8893680495621,25.443819719772158,566.9309018805868,44.32206457087774,3.110233401233377,SAFE,NORMAL
6.439711590573014,1.2741186091306977,620.7286161063984,30.50668214106791,749.0453732973668,52.0005440694899,3.551633280759554,SAFE,NORMAL
6.592217326881167,4.1273121445941605,574.9271765931968,25.533567620988396,608.1459937138055,57.02171337131219,3.085200480278028,SAFE,NORMAL
7.268469305165316,1.3179747903296657,368.6633669103275,23.903185555564505,898.8309817792388,49.09480010459812,3.2467275420212127,SAFE,NORMAL
7.972753482691335,1.571511963197702,444.06322376116333,25.125261153382876,468.27067261280706,52.58710587465096,3.778891575963967,SAFE,NORMAL
7.0206034230239,0.713669064996211,686.1642287169819,26.231384257972593,755.4392939735527,62.487888078923206,3.7933325965063753,SAFE,NORMAL
7.034858429481513,3.8944610669209925,306.72212759490054,35.99913609112577,705.1764203894148,44.416078323809984,3.72389006504486,SAFE,NORMAL
6.915180328846938,1.0122361206093844,219.44867906998385,28.16989216889236,759.1351644206891,57.23098612808231,2.687487218352449,SAFE,NORMAL
6.825670330408974,4.712167675831167,385.6686789098161,24.355978416417575,829.19950474058,70.20470655034987,3.413150457223782,SAFE,LEAK
7.4064800189961755,5.268336730059566,439.994653249211,31.355174532522156,540.1136969776669,64.51311824295524,3.4307429263317557,WARNING,NORMAL
6.151919648374949,1.8323613669136456,353.7365453516272,27.75403713773458,539.9568700340576,63.0345967758376,4.08380609686464,SAFE,NORMAL
8.09665770366671,5.780956515847723,567.2291920099808,32.17905372564904,738.7663079490088,55.82491174684169,3.5964282576076823,WARNING,NORMAL
6.734204391309378,5.34052076342288,475.27868280378146,34.647031205239585,873.6348244146877,59.20928039295161,2.8864748647882634,WARNING,NORMAL
7.705332439806699,6.779204307884991,377.46866784426084,21.032956949808693,655.1434490573265,46.12923849184935,3.009115200247614,WARNING,NORMAL
6.311000981824288,1.7028150155975734,385.32156139498693,17.499618910199228,958.820736584929,49.34905719226628,1.9287460114685016,SAFE,LEAK
7.668188091382353,1.6439692848534935,360.4382527923743,34.96587575952988,646.0086165730904,48.41917318247365,3.1614252721243368,SAFE,NORMAL
7.670361225470148,5.076379188718803,549.5680657184844,24.250710298970176,571.913514887581,44.69325890441888,3.015365144950345,WARNING,NORMAL
7.468941450404127,3.704182694925713,393.29592176615705,20.205960324016072,781.7658988456985,51.172637412280764,2.93766383194072,SAFE,NORMAL
6.503900034740146,3.962402542977323,306.8507424880102,24.90054824748395,601.6919283744062,45.80258560571911,2.810184662834429,SAFE,NORMAL
7.374683732718654,8.060537481713412,565.4281656616803,23.129556559280278,603.9343022498413,50.49789417248303,3.9685432432172054,WARNING,NORMAL
6.371860670685928,6.054716026368118,416.8317020114399,23.909930719340963,746.8001189576737,38.95403305027851,1.85611299927943,WARNING,LEAK
7.023065721432671,5.345416141059325,286.8120176250964,30.422973774227287,867.7369369200208,45.73247949671364,2.565561977568713,WARNING,NORMAL
7.920589170668729,4.933180897240203,655.538606383931,25.56241185642482,754.420964047702,60.525070837459985,4.39334461957729,SAFE,NORMAL
7.757691348949519,6.416176219175243,523.2656323956826,20.528508616982023,719.4941144864952,51.55963880839256,3.692041826376978,WARNING,NORMAL
7.210628059778303,2.835123266476771,455.54988744786016,27.130160405148985,1046.2448073043247,60.67764105792874,3.352946596445713,WARNING,NORMAL
6.517635396854011,1.2358647981273785,424.57847333534835,23.595393226145614,825.3617890958974,45.155360217951994,3.1976457040760566,SAFE,NORMAL
7.651911398521936,2.0218489575206027,416.35923511889035,26.002609198026118,639.0716785405281,48.01360543285275,2.907412152284434,SAFE,NORMAL
7.213566866388618,1.8161807710655367,413.9113608559962,26.231581773800418,898.4868381636951,51.71944010245574,2.5617819733326628,SAFE,NORMAL
5.575779081238704,0.17269043012717483,417.17117477867714,30.381929136580894,656.8866301540296,48.44249359910886,3.38382341076549,WARNING,NORMAL
7.747840878421563,4.9390844102194045,379.2353646586525,24.978448333451894,808.6398362619033,38.84579222266468,3.599839294606882,SAFE,NORMAL
7.183037016291216,2.552722713251461,437.5980267499768,29.791133560182296,797.2246502092685,54.534839669960164,2.853492680357393,SAFE,NORMAL
8.041715873588151,2.8745707002040324,376.8626168988711,20.619537110529897,700.4806161471747,42.11528478758686,2.291589692024081,WARNING,NORMAL
6.433310636810037,2.124201814424777,476.81451433668195,30.595058674958654,569.6512776118313,49.91661923056579,3.532343972836232,SAFE,NORMAL
4.9763073307628005,3.2141399225684957,447.1827507373465,32.19572130292855,695.0402241540141,32.956146051980056,3.587617334691684,CRITICAL,NORMAL
7.39535870084163,8.85606914800419,365.9430672318325,26.07905950026997,614.6639462761428,44.811265742690594,3.615959608289106,WARNING,NORMAL
7.404094573677381,0.7012976215645386,439.5815148854452,23.725639067003932,747.3961596737877,48.99005383503665,3.120748157232947,SAFE,NORMAL
6.016529860675484,9.939693572253857,515.1527114405866,22.689596450141128,776.0472707019925,54.490509073308026,2.120736913288451,WARNING,LEAK
6.515050317893376,3.863856127799668,179.23033219799856,26.898051851777556,345.29149227766453,40.11655492684655,2.587425775848384,SAFE,NORMAL
9.128652420603931,2.2389668969898606,519.3837969344503,31.864287676481517,760.7781408493472,42.87051392008251,3.842931771748285,CRITICAL,NORMAL
6.986072570092338,2.460410926577544,302.8343673892216,25.29688735074208,1226.5504675267289,64.11433654982014,2.524713378045209,WARNING,NORMAL
7.711671283463351,1.5475206906221588,394.93398289130755,31.445768985522633,642.9848065026466,65.72178115521324,3.549976439254344,SAFE,LEAK
6.744538120842131,0.47011100689339913,110.43812353110422,22.394465059572465,878.0059626582208,54.11764666782071,2.689378250389538,SAFE,NORMAL
5.736787970802791,1.325724437328966,517.879405267821,25.59382833420635,833.5545360610079,60.237153160833884,2.639073724773347,WARNING,NORMAL
7.080819227242866,3.2235527634082732,361.17167874060453,26.82561586219674,404.3877647844791,46.840760185804214,4.1129394287208685,SAFE,NORMAL
7.014076807799727,2.692311645779834,390.0227589573113,27.865579496991796,789.5867124792642,55.22652434983124,4.131431511051898,SAFE,NORMAL
6.9200852329321405,4.508940324269189,460.87921597370087,25.668959333163976,548.6873982939703,54.8245338197833,3.2816203598952374,SAFE,NORMAL
7.119751415145526,2.140534492531305,213.50390206881508,31.986573225145396,664.4473316769374,42.46720322689171,2.957688784015187,SAFE,NORMAL
7.384987790151945,1.9106685838841682,457.4469917646476,32.049375186960916,437.3270407356156,51.572052352081975,3.7160235006852114,SAFE,NORMAL
7.094918134122335,12.192460763108036,527.789585204089,26.300718226410332,779.6102804813288,47.637266750862175,2.4101986045387003,CRITICAL,NORMAL
6.315195682436846,1.582410176731026,470.9041610830885,24.918013164546096,638.614048206587,52.942693497667484,3.805797113829737,SAFE,NORMAL
7.540329354093357,1.6694365549546917,402.7379356652252,24.59833966193204,942.1524542251935,45.71931225961532,4.210251409593514,SAFE,NORMAL
5.835439771274304,6.344144886137813,454.9383751683797,31.137566489198246,455.2739387390769,38.361074263701106,3.4903346472889516,WARNING,NORMAL
5.76474977990106,5.331668934023195,440.94091542643963,24.339937547562847,863.5653471624003,50.138046575286516,2.6186019651811954,WARNING,NORMAL
7.717426346291098,2.367167919383088,541.0242888126118,21.154439744256983,775.8431228141433,56.6449024049291,3.962299886859718,SAFE,NORMAL
7.55491419049475,5.637473190329059,600.60122602362,21.751366864785847,545.5001921161313,56.6460805336788,3.356370167735414,WARNING,NORMAL
7.159823244448175,3.516575507790544,400.69998881134,29.66790298762143,421.7927578597744,35.79037933804702,3.1298308114437114,SAFE,NORMAL
6.22318604667145,2.1593520346475126,477.78333963605684,21.538563010574546,647.8154146646575,51.459481466386684,2.715493935708528,SAFE,NORMAL
6.7044623415281475,5.086208715281952,369.890052352926,25.404315243422584,742.5978217995239,55.508552961237804,2.6300959200031704,WARNING,NORMAL
7.0160772766194475,3.265569827586123,500.00493835691657,27.408634523798998,508.19662416650476,51.096260605206254,3.776692162638068,SAFE,NORMAL
6.082874221998121,0.504138637456282,505.2149149965804,20.271579621308778,529.1775463586938,56.91725168927681,3.161907300766439,SAFE,NORMAL
6.682679939383737,5.090129504782245,429.9847257144547,27.729090436896847,878.281674180421,38.715549474431036,3.1566838919035236,WARNING,NORMAL
7.656631236723676,2.9186771281782478,512.2820376768815,25.701725341618122,559.332661986631,40.83997641389981,3.2630407549350204,SAFE,NORMAL
8.199113755002452,8.399300148819071,450.38314180716634,19.37077835180348,804.3836910276343,54.71481792018571,2.223797742285363,WARNING,NORMAL
6.906395673139015,5.8147999401264565,444.23221874714227,27.780902600655928,919.3942898822281,47.21379649805736,3.1889790348059317,WARNING,NORMAL
7.7295418480212685,3.7200358957151374,344.35623439600863,28.58320402087,555.2338138803042,59.383829374938166,3.196755778668564,SAFE,NORMAL
5.860157950588773,2.4209526721077164,470.63553874301215,27.738706916934852,475.085805771894,52.4544061474255,3.9475762131124856,WARNING,NORMAL
7.661615868779529,3.19948728776863,380.6501368833087,29.017245965905783,856.95973487952,42.8368228725591,3.6138094471537725,SAFE,NORMAL
6.637236109690764,1.5143151108606003,554.3618117304497,28.03247046388168,646.212334724765,42.43376116161063,2.5928757640033684,SAFE,NORMAL
7.41514193169558,3.7193987167412716,348.8159682853603,29.920608456248868,621.0163185263523,34.98591151499409,3.003287864666817,SAFE,NORMAL
7.026573307232204,8.819019988606195,482.26076682701375,23.216551175871867,957.1551902131966,55.49982023252248,3.723140983839794,WARNING,NORMAL
8.124289806848685,10.738358442258336,418.72522426341163,21.412692764388314,651.7876451595457,49.066140259992125,2.5486432480439167,CRITICAL,NORMAL
6.587895046162058,7.175846453563159,481.95858903616374,22.354713560050108,749.9775026518405,57.330653269937486,4.048001819441756,WARNING,NORMAL
7.639324408293282,3.565909178127102,443.00394452843136,23.751366532483253,409.9331010623968,52.0619547332338,3.179735209182083,SAFE,NORMAL
7.004344775692426,0.8610089932936115,351.8397299616221,35.087824614380594,686.2567015256615,50.91607710181435,3.468107465179276,SAFE,NORMAL
7.089186165393236,3.054670899008984,581.2542316232932,23.786750486709938,541.3696213596988,56.52323399059466,2.9790531025025615,SAFE,NORMAL
7.071302274788553,6.076030851314505,343.5397381313996,24.912916297636713,608.7464883347706,49.216680373477075,2.9721836798935954,WARNING,NORMAL
6.608028826854121,5.621286776474007,527.1089146985594,26.062758676412027,598.1450342474152,47.341087496717584,2.739082051192165,WARNING,NORMAL
7.19013072386533,2.8388367612551915,246.19441684259218,25.573008035048492,934.2501848484753,49.9991010161462,3.9684053211707395,SAFE,NORMAL
7.1561462445147255,2.667486070759627,415.3293584924702,34.26084022415016,580.6361636945155,56.73398765785813,3.4958856866834442,SAFE,NORMAL
7.368868173884711,4.261164614202821,633.5023348164841,20.097580470482143,603.7417761685359,42.4653529179975,2.7167844550444666,SAFE,NORMAL
7.259153601985004,3.347298806099604,416.9461841562229,35.74148693313979,976.2145422757483,57.39775740391851,3.552771406128124,SAFE,NORMAL
7.758596184728566,3.0423008119503305,461.5767385361051,27.57877685277234,635.7705029535182,50.50689079704526,3.670239560436378,SAFE,NORMAL
7.846456031233158,2.931951629462374,642.3132926254983,30.845942602836676,588.3190875870255,46.92739888728528,3.740731871766624,SAFE,NORMAL
6.464563674720539,7.8475507252338605,432.8612342448701,27.081476219785163,898.0089894957437,51.465983091028676,3.340713445859325,WARNING,NORMAL
7.80814075041354,1.3415566277452746,481.0807391107981,30.26107640600629,702.8707582157874,59.41115807538941,3.2854957788239845,SAFE,NORMAL
6.369564501023103,2.5477835109225477,522.5566661459467,23.22256163781841,715.7944194884227,59.35174555532252,2.734277194176972,SAFE,NORMAL
7.611499121696415,2.661968791244699,284.4368822480519,21.580108917146227,753.7990798743385,53.136661135240274,3.8658229227139382,SAFE,NORMAL
7.633817149292009,3.636888306685634,391.7385778440676,37.37248407078464,941.1304140146669,55.00786432988534,3.5333509097965665,SAFE,NORMAL
5.862078175836247,3.269430003470975,465.5844800718177,34.65388623482529,513.8879008010663,50.3458710034597,3.6944521411700215,WARNING,NORMAL
7.265085472570587,3.1097913111880535,258.4970424040169,22.78488658148007,905.9960922535207,45.32171691886162,2.258568198296339,SAFE,NORMAL
6.872052720647779,1.4179680726921178,614.3765454231111,29.86618861093785,431.1307600832992,53.55925736585689,3.678287904362991,SAFE,NORMAL
6.6688643194452375,3.266064220971323,540.7697457662933,31.63150765790259,553.2333992661014,46.409526368544725,3.212535594157795,SAFE,NORMAL
8.145596631489305,4.998511011346565,522.8980272020168,29.640752959431776,538.6064990609681,41.78788682278204,3.6138148215428507,WARNING,NORMAL
6.742424601553807,3.728071400585063,608.3995738223607,26.166689736824353,674.6120134492054,46.621313670854775,2.601027587697084,SAFE,NORMAL
6.635536149617366,1.3193477748261828,536.7895176500638,35.09799727712967,564.9596465336831,36.86335839973124,4.106583037822424,SAFE,NORMAL
7.252986458003566,3.4706968135937153,422.4131516822325,29.75065049518006,928.779743723582,40.09183702684609,2.874003295415788,SAFE,NORMAL
7.679912822408892,3.31097268443005,254.1307692725558,23.288385336963728,793.6163773001273,66.23286599511593,3.7758969615013354,SAFE,LEAK
7.100845989792911,2.470994675127675,368.2545717994723,25.45245479544717,697.3683383069881,59.007703559696346,3.0976491746248276,SAFE,NORMAL
8.016459381968478,3.757367502466882,371.7315200313018,22.720092181504434,541.9276027749648,48.078821875684184,4.125147521254815,WARNING,NORMAL
7.5716829633748635,1.9597116344953487,524.2545972163351,26.57041259420472,952.2445574829546,54.17711986195574,3.3488592078158903,SAFE,NORMAL
5.6752520761879985,5.149246579418502,459.7073309978058,26.441018342130015,717.7045271446734,42.395817239763346,4.142369547365614,WARNING,NORMAL
6.829373125545095,10.314571016409122,262.14322052230096,30.021450463473887,654.8589539821999,55.29272610331906,3.1649911135818445,CRITICAL,NORMAL
6.8067105304538105,5.456441143117179,553.815850939198,29.962592635209734,675.5082604118982,52.08976204339203,2.6435729441958076,WARNING,NORMAL
7.535552667400596,1.7077598396736344,609.5236789457291,28.553357144876045,660.0594622275266,44.360404975551276,3.3480607066647248,SAFE,NORMAL
5.362628060538122,4.958046637447216,627.0646745002332,28.4455958850637,852.3000802055003,47.413793268325946,3.133386233601151,CRITICAL,NORMAL
8.984306796102405,5.826784690497249,314.40867822959143,31.17306702165798,903.4635993276638,46.858516515652205,2.897948097336564,WARNING,NORMAL
7.571718266425947,4.213343419876522,488.58842791832143,26.09664902514518,533.3301038946893,56.80002786025319,3.8215748011846635,SAFE,NORMAL
7.304213762742384,4.522933452247965,329.2355684383194,17.427752946478,582.5886180062947,49.34900944224951,2.523451999459167,SAFE,NORMAL
8.027097401493403,3.046780403536409,682.7021640855189,35.443871809795084,591.565998034133,37.374876430710906,4.155784447692145,WARNING,NORMAL
8.840557836968838,1.1396300835139934,453.6693057616292,23.35704051364228,757.5755086745615,46.40881603477062,3.107491947030244,WARNING,NORMAL
7.809522651211882,2.8926701169066127,405.5776256729667,29.781866564554463,879.6510727857456,43.741071599024835,2.51895613027211,SAFE,NORMAL
7.864169167530134,1.4989045978335942,383.49420567757875,25.637514997417696,452.8530101752584,38.17629570706018,3.3949109523742522,SAFE,NORMAL
7.291483017125068,2.7053732374995136,490.08421547477894,32.59212386013944,511.6528092411112,43.91048218046559,3.2913816247627987,SAFE,NORMAL
7.100931972643137,2.105766641983841,511.8737160942515,23.1532335398966,638.1524707128928,32.73197834578578,3.123105003486933,SAFE,NORMAL
6.8669431891965695,1.413245066399069,252.23315959215395,24.156858005594138,796.0764420245522,42.55374924788856,2.8850679414100675,SAFE,NORMAL
6.621721605799821,7.643748964925313,617.6236671662766,25.008932702667803,530.6249819464592,51.56883066527201,3.8570386200271916,WARNING,NORMAL
6.719090130210352,3.2198364252363096,506.5095676269542,29.21718358982588,630.50839798589,53.62984026397598,3.4696937820481892,SAFE,NORMAL
6.254610824959912,2.1637462309591093,616.6589296973985,27.892148204612404,570.1350366512564,54.027605755415465,2.9571603128941084,SAFE,NORMAL
7.146889984520484,0.7394587805026782,655.2847983400403,29.260832932299824,836.3529786333052,57.65883154231545,3.399115995081924,SAFE,NORMAL
6.020732695941529,5.6245136107600215,438.0702852821037,27.507028174956254,680.2827147455537,59.50089035036014,2.8100046509548195,WARNING,NORMAL
7.333641566900598,3.8166471056016826,552.8288469821196,30.72811557618755,568.8336245551334,41.803729949355564,3.6892690807863104,SAFE,NORMAL
7.174568574370361,11.272971370355526,380.90598847883894,30.795197621457667,488.2591936167911,38.98670455962688,4.2483756519870735,CRITICAL,NORMAL
7.302854708870681,1.8324950741790405,393.873894813907,33.05792119103306,628.7115368501379,50.34070501827705,3.753548200295455,SAFE,NORMAL
6.834507900986005,7.239473755057352,638.6854359653569,28.375186319519806,652.4880190787827,54.37285046837497,2.8697205572167728,WARNING,NORMAL
9.353802259126352,2.8919691554710094,361.30755001169564,28.356083965305302,852.5164166280892,43.31732385092439,2.7188801283189563,CRITICAL,NORMAL
8.15208113012622,1.5680586503568574,473.5762501235113,34.06803450653916,883.2713997109023,52.11715610628672,3.249426725661402,WARNING,NORMAL
6.328820249940694,2.36441777543438,341.0691975030759,31.789610445594196,487.0461968243398,64.58027418112304,2.395290873679993,SAFE,NORMAL
7.363007661198829,3.5093544540773833,371.3273631784655,29.074937743505934,877.2227244949164,39.31002741445036,3.657476379454126,SAFE,NORMAL
6.774395699943874,2.1658110016812753,389.38550575444856,21.42210657490673,828.2656615091059,50.0472976961934,3.532864919256057,SAFE,NORMAL
6.489864191304811,1.1774582768179416,623.657499344432,20.265274406244007,604.4141752700225,58.31000900833055,3.1232844949953495,SAFE,NORMAL
6.261949550213246,1.521219544153505,511.65220012821254,29.450825318477207,836.4286636074938,48.417779006125905,3.0549758767454573,SAFE,NORMAL
7.502551683531478,4.659211463683316,551.0230587250244,29.615699280803575,557.4146202982311,53.30292044622145,3.14471458853561,SAFE,NORMAL
6.723033835451298,1.3584862413789494,233.1812642591776,24.10885392135757,773.0167323013436,57.28091019122131,3.980897296325904,SAFE,NORMAL
7.877478216817643,1.9412065244360022,454.15781241116235,28.415588906679126,1136.5414042246518,47.586417614482556,2.9971961157234777,WARNING,NORMAL
7.895647550171308,1.4032343197925812,404.1006407924365,23.347417707707304,741.4987908803628,41.51065769160515,2.602021429817124,SAFE,NORMAL
8.161740069648015,3.886312324143163,509.07876766948095,29.288717534898588,638.4790351116619,49.193151688334204,2.8091116977850494,WARNING,NORMAL
6.603329263748128,14.906664756885041,738.7831042298651,29.392883252354242,463.51584320664904,41.24248717536793,3.694698182569976,CRITICAL,NORMAL
7.532755927484407,4.525302248207977,163.13306339757094,29.366970617524323,714.7806767441075,45.59672956714891,2.719613752670799,SAFE,NORMAL
7.642717951649611,1.7614252806409012,497.93389706353287,28.34214261638775,879.6226065417479,53.535585134627354,3.7992925900876995,SAFE,NORMAL
6.8680752774272245,3.8832860069215687,714.574273094538,25.82351091949856,572.3148116836298,51.44907197437731,3.099235324998426,WARNING,NORMAL
6.659759629824988,1.8518101291990403,388.82545837554187,26.153225641716414,797.3709648328766,57.98260137114755,2.303224461809866,SAFE,NORMAL
8.32666446604318,3.6276450242058966,467.98068645776254,31.636394327446695,652.6028028921962,51.856080833278355,3.5743404316372844,WARNING,NORMAL
7.3592471130124375,8.250968001046688,531.1883914067499,28.659659422864813,628.276597695896,43.762520117136766,3.064322489334963,WARNING,NORMAL
7.6451774254982166,3.0934392272015483,191.2931112928348,28.95235599867018,788.0718471243259,42.02630502732661,3.3857779671660375,SAFE,NORMAL
6.6245467917204515,4.078407219550662,481.9421197364965,27.34595926962375,359.22644760171335,55.02238050552055,2.888390149620448,SAFE,NORMAL
6.346500873434465,3.192539408458346,354.71223235882474,29.6057993440529,665.557045295865,51.92174219466122,3.815466290362701,SAFE,NORMAL
6.801385157855523,5.960561491382461,695.7322548704144,30.835722754277818,877.6702927637269,48.4631701878236,3.4228304706196786,WARNING,NORMAL
7.113185028827003,5.056663757018315,425.11545516765176,24.488131767498814,666.735221409495,52.71052938795527,4.283194275122107,WARNING,NORMAL
6.455045995227856,2.446861105836043,364.7591715997086,29.37098913803133,701.2622822825991,44.36592688060259,3.555270868951883,SAFE,NORMAL
7.193108633944732,5.058670618507349,551.5957945239786,26.095664546891705,676.110264924315,30.435985449780738,3.0836138069422283,WARNING,NORMAL
6.01804636835205,3.6496731051482105,508.5615258482241,28.255413325734153,1044.2713405260752,58.342187432429746,2.767749027746447,WARNING,NORMAL
6.41596680427109,2.2950576938229807,557.5121526441987,30.340946188111385,769.2720087207252,55.19141451866817,2.4913785543324494,SAFE,NORMAL
7.669637873793813,2.325381573151255,679.250860844871,21.193194825397022,470.30968185295694,49.30426128270517,3.1356203684178654,SAFE,NORMAL
7.622653364194526,3.570802404407731,379.7751202273196,22.664720652754983,544.1282608684811,42.81078555553965,3.1550753046267745,SAFE,NORMAL
6.925686264229194,4.036341100487753,656.2843000363076,24.362427799927232,716.9108995219151,48.29183483622977,3.995492163948579,SAFE,NORMAL
6.487564983646133,2.8392256964378415,675.2937643151355,24.078622081115522,926.4147348656579,36.162644354660316,2.9943990100653193,SAFE,NORMAL
6.480817513931792,4.1056293851525725,357.7798856040307,26.35060439638886,819.0003401153531,50.916040034261385,3.707348967521831,SAFE,NORMAL
6.93871222784108,1.7215192186026282,369.4027454236857,33.76952351384797,878.6273454387615,34.51294099770307,3.1466262043582898,SAFE,NORMAL
7.651162944151704,1.3068990176162496,455.66670258200725,31.713787541501286,496.6427491160207,50.85291462819765,4.145922150095287,SAFE,NORMAL
7.849771983941027,0.8498057603265244,426.0387237772243,24.6776407966111,813.5402686453821,44.35692786280904,2.417006410010017,SAFE,NORMAL
6.852427785162622,4.606947593068865,655.0866219988297,30.475533440354344,567.1986746837524,48.81921473119815,3.876024307129469,SAFE,NORMAL
6.392555301810652,0.7754559293120982,346.3290355409486,26.82710930524507,678.3975994068675,40.886489231213986,2.9504973910419574,SAFE,NORMAL
7.3874905465064336,4.076126336949473,479.35905955972896,28.374997139891015,853.0168664791665,62.065427402653675,3.6457821784509394,SAFE,NORMAL
6.6235255205619055,2.1902755688927797,358.14162550367143,23.07656268691779,597.6475531320107,52.88399018488861,3.9858840603749863,SAFE,NORMAL
6.837223152797159,2.5084992354830016,463.01617738065136,21.717265795822353,440.74885724967226,44.49193434171715,3.0243944642121328,SAFE,NORMAL
8.127693263305927,2.5362511932320273,707.0037596836584,29.929394135223838,633.7439688855264,48.564186432292516,2.651870362868823,WARNING,NORMAL
7.778980799996038,13.244970686777496,668.7649500727093,27.13138324512034,721.7906852452593,62.84866464626154,2.6034462009081163,CRITICAL,NORMAL
7.310582018576016,1.9870073829835107,495.42298362942637,29.090388612253456,822.9245460233063,42.401822735299355,2.773023515842295,SAFE,NORMAL
6.309656699221094,1.484576311519679,525.5723616764643,33.37499037617612,539.9633274063872,41.1016169569115,1.9854468233572065,SAFE,LEAK
7.347977597229462,9.945279205337233,506.57882141387574,26.044799858119827,600.2614719322343,40.75911330217947,3.086205486152742,WARNING,NORMAL
7.943860103551269,0.938996311978661,413.5193697453556,26.081458415990014,738.7398382937976,44.54978047205343,3.5248916595749757,SAFE,NORMAL
6.937056433964125,1.1574634249296833,679.985800400126,34.074644958316775,798.2481709119946,61.96047602164671,3.3229932310924135,SAFE,NORMAL
8.1457798629907,5.696932568824561,608.3460750541641,27.06795712153614,736.5211393825243,45.52105300399794,3.0109760356598203,WARNING,NORMAL
8.104921702662745,4.174142057693454,478.1247316006084,23.786771004963576,673.623482466194,46.66377105724804,2.7565674321840494,WARNING,NORMAL
8.364612982500432,2.317968153101137,423.97848737213457,29.94272863717034,566.8852192610947,51.613219344805984,2.9145255513404065,WARNING,NORMAL
7.413670188571947,1.3369773435132126,431.7650525330602,26.04929542290317,859.6841702478546,49.7507313312808,3.341855343690998,SAFE,NORMAL
7.611174189864209,0.44151820057656305,490.65297886795304,23.70944712903527,918.4373024298354,57.75582644609476,3.6126275848708023,SAFE,NORMAL
8.189931101831764,8.546387310374723,445.79428652135834,27.358746399817633,594.7992056488094,56.5703173079076,2.4523287052127003,WARNING,NORMAL
7.513175755948283,5.06829679647743,586.7410902244596,30.306744084431653,614.6081509533295,52.61825483614784,3.2786881830351993,WARNING,NORMAL
6.849136124546852,7.944034275560826,507.4832245595545,22.36327157587713,823.0602150211405,48.16164247602268,3.3325312715144966,WARNING,NORMAL
6.886020014430497,6.418695517125851,335.5506259786771,22.270256880922833,730.1113814418098,57.67854797692484,2.7282610595567185,WARNING,NORMAL
7.366988467641618,4.3238390331549725,312.40620219236496,26.67976376047796,804.7418992329931,43.702310319665166,3.4734690503163637,SAFE,NORMAL
6.296607004637647,1.9434217525002322,568.8959262580923,22.599869288090446,748.7829304432997,43.19003734791997,3.66672787434276,SAFE,NORMAL
7.099718759245065,1.3417061084735435,311.23957205679073,21.895709272117717,768.3491368335425,46.73645001718815,2.9149609323631607,SAFE,NORMAL
7.9675829827611775,6.840490927059937,408.16679053884434,27.024464268033775,626.7026250669065,59.293993906049934,2.7667027314377033,WARNING,NORMAL
5.666122304184304,2.1941987493463517,397.2450280158742,31.4242818943854,340.3633477823737,43.304644784805994,4.277759450097489,WARNING,NORMAL
8.27413747125616,1.409212884245674,301.38071771828317,30.152069430242555,734.7987913841089,45.19696372663611,3.6002399041753304,WARNING,NORMAL
7.985661953092212,1.8323018065472612,487.22497634941953,26.572235887834545,824.1864110733063,51.39178354824129,3.2898894886893424,SAFE,NORMAL
6.8781647689186665,7.122780816354076,435.1421588885276,32.1302879569183,751.4489812462605,49.546807585844704,2.862872059168256,WARNING,NORMAL
7.580373579510267,1.5346827254317028,373.46210802734004,33.93983830707536,565.7187096347366,46.96446806962449,2.8136237344475252,SAFE,NORMAL
7.2022034088344284,2.3279826374278163,700.2224362077097,28.96488596545437,595.8158740078466,53.73630003494013,3.4865540697176884,WARNING,NORMAL
8.060993257907079,2.8940028112248153,158.2880823581408,25.53523344540546,1142.2768075265888,46.21510651921469,2.788737402573787,WARNING,NORMAL
7.887878199938959,3.7156220836678067,346.3962285877649,33.250463298683115,763.3187812879725,58.44824026420366,2.7671120930939854,SAFE,NORMAL
6.2199504937718935,1.4340285439025708,380.79026094373467,33.07419422577841,277.4078583389028,51.89933123902216,3.13252859285735,SAFE,NORMAL
7.611083689424924,2.8225754394308287,286.9947277795151,28.013584613956898,596.6373099686167,58.13191590413577,3.519137218930142,SAFE,NORMAL
7.056060502449727,5.770707969061236,720.948923856238,31.891381960251902,660.9321832688905,43.67494345035113,4.081991111085603,WARNING,NORMAL
7.25798279936267,11.28461071379606,719.6828290619512,23.87486138431668,477.0935183968128,48.814173939386706,3.3202052067473335,CRITICAL,NORMAL
6.6902796693211295,1.2185639117899447,367.8648612702602,18.73103887736399,676.6280932678878,34.82091253786869,2.78921202953969,SAFE,NORMAL
8.423695948384585,1.3971482883641841,602.2483748555727,23.11524357357821,611.2744069498914,60.69683875046397,3.066134313417964,WARNING,NORMAL
7.928043273931803,1.5808083653140872,521.584999704537,27.826278720578276,735.2531158493409,68.35111778052692,3.852062193163999,SAFE,LEAK
6.682160185218923,4.8413887251657535,648.7337871456429,26.703281440626455,648.7367793217633,47.69497727440748,3.8015756115292323,SAFE,NORMAL
6.2657725751628375,1.2976026945614003,437.1354345482222,30.84745132260436,573.992624420317,52.98182957734789,3.823537375804313,SAFE,NORMAL
6.930029158315507,2.7486043313860136,501.79302274519165,21.05737800203161,639.0104312373365,50.90590284714414,3.70683835259767,SAFE,NORMAL
7.504151852263914,2.5376624338472493,618.30552266647,21.135553680503786,852.470656830433,39.66354221581799,4.157050903756867,SAFE,NORMAL
7.368144090762356,11.92738732343411,599.9513919884544,30.04921786232122,711.5343844097262,59.97972839479001,3.3037111815208147,CRITICAL,NORMAL
8.07719297733777,1.973350542422346,468.1961735289808,21.256293371693186,661.2669814285277,47.80326203198261,3.5758479164894754,WARNING,NORMAL
7.752943805526597,1.879782288885217,336.8909481610804,25.916986033777206,763.2239473006655,33.613500412738055,2.7967022805719592,SAFE,NORMAL
7.878698318027035,4.838500497250733,358.3971703820309,27.098251732384284,699.7145332707893,44.272985459235414,3.3164840795288497,SAFE,NORMAL
7.428798780427306,3.874622875099726,228.09786884806672,24.398043221670257,500.818516733254,38.844914508533776,3.336310001427674,SAFE,NORMAL
6.227490888852307,1.7775453691147611,544.47211992356,29.311444856385155,823.5777787317452,50.977743497531655,3.594326695743033,SAFE,NORMAL
7.063011028197169,7.454232164167252,475.45967355480144,18.752530424177323,587.6166131332105,50.92977831850611,2.88748370833357,WARNING,NORMAL
7.9420628179360655,0.9120602926951847,484.71165122598774,34.32771235973349,638.3401600144659,59.48931198175245,2.4174117102114003,SAFE,NORMAL
7.163933950032748,2.96369192760803,446.9800575112815,25.679455858850584,427.5553543420216,64.6384464658905,2.909610530555442,SAFE,NORMAL
7.552163258036623,2.4130692747239526,312.7980321888688,26.318912548589324,847.9507884686327,65.29157408720121,3.73090601572582,SAFE,LEAK
6.976876179327707,2.7745603734439377,487.5140548161312,37.774308809706305,722.4394520801425,41.797150703153065,3.093882347568009,SAFE,NORMAL
6.479131706020708,1.7643408962238014,522.630127042912,21.560398179082473,751.2738572505668,54.95411624825474,3.4347035371684247,SAFE,NORMAL
7.113659155167723,2.8215075832013734,345.81899768728016,22.819608184671097,846.4851175982967,56.374784982630864,2.9007192853960437,SAFE,NORMAL
7.416333210122858,3.5682526399173553,446.5981893528486,32.6179891123784,848.0290000859582,45.812109263360526,3.720344819914133,SAFE,NORMAL
6.74101859637699,0.2590838584801274,372.19815851894936,20.77414603266255,573.2257145146775,52.29699516390865,3.147111523203214,SAFE,NORMAL
7.035002128600333,2.1239860092888563,424.1349745835731,28.980721763394477,702.181820156581,53.1945584816067,3.1400946780699988,SAFE,NORMAL
6.5423757306098125,1.5921973175395892,313.75208577757695,24.57487500460269,684.5469306936277,46.119235088481645,3.8637643670170165,SAFE,NORMAL
7.983471442294867,9.52341910084663,417.8162843290306,20.535437752629385,667.4910429053787,60.25556773547592,3.988261331847948,WARNING,NORMAL
6.993880969688377,4.223000522328266,645.2863097509494,29.107397422829212,555.1871406475328,51.880961085919445,3.8736580369057085,SAFE,NORMAL
8.216928881588329,1.516813776542984,389.7703796233605,29.22502956483803,956.5050241004976,48.62666308012338,3.03604756886483,WARNING,NORMAL
8.270123495378636,2.0350728766588215,368.28986312143616,27.005543419372007,882.5496077974401,40.211505110027815,2.902597116355059,WARNING,NORMAL
7.14326782469478,2.484365173706967,375.8258977009915,35.276355780097475,779.8156091236477,59.21062927212918,2.7441328425523865,SAFE,NORMAL
6.494085887216856,1.9994267796586531,427.174149437864,23.914010701905354,944.2243888354466,50.59977708601519,2.455568525507675,SAFE,NORMAL
5.739871485586664,4.44897151656137,665.0785597190935,30.46629449529328,785.3983327940424,50.62631323589081,2.7335708271955226,WARNING,NORMAL
6.1695740488812465,8.47439472128404,618.6838814372142,28.3093660545082,645.4419117020169,43.23097202856529,2.77565068736567,WARNING,NORMAL
6.238315622570938,0.1,432.78959717178043,30.886087060409203,624.1334240218289,57.15036597782586,2.569082200040021,SAFE,NORMAL
8.164928739223054,2.3682147232989763,372.86166828970295,24.983652683479303,769.4302547602655,40.92194019416414,2.4414030326742884,WARNING,NORMAL
7.281077211058863,11.246064580310135,238.68237361891536,21.461322427856903,451.93661260803316,32.33543624851702,2.548178903671011,CRITICAL,NORMAL
7.472723166864392,2.442359605413635,340.64192814455123,24.271954186319796,856.0029961123854,44.329973748753005,3.174491478141869,SAFE,NORMAL
5.645705293745412,3.7181606573697374,213.05498591863432,26.744885745487608,406.87470564505827,52.77616625082882,3.4203275733254492,WARNING,NORMAL
6.361423499547917,0.3506653273747408,538.8140786017344,29.723582155843253,898.4273450567043,52.70717078626911,3.376141410247178,SAFE,NORMAL
7.820955843512401,7.397006395849806,610.2667413957486,27.069147055064857,789.4062259362066,51.123931432472496,2.9391707600593535,WARNING,NORMAL
7.4007418786678105,1.1992130917109187,404.9722618454456,27.860308085264116,1051.1322353409369,48.62327062548132,3.0256275847655356,WARNING,NORMAL
7.096956304920082,4.1496051503992195,496.0673639813289,33.902248744440385,732.4144974482593,51.26894403880724,3.383637046466137,SAFE,NORMAL
7.595389651020086,1.405015170222318,319.3214865753368,26.903111807175666,818.0722106448669,72.88237912845366,3.2962290747651473,SAFE,LEAK
8.34505846429507,0.16774547864124822,217.21368254328476,24.870505533318433,825.4584187004284,51.998259185374835,3.4808833481278927,WARNING,NORMAL
7.045270275524064,3.8806486082472293,456.6809167796072,28.761298662282922,540.5960380758129,46.6207686555987,2.718808807672921,SAFE,NORMAL
7.248558861860649,5.148439609636747,496.0010567646154,20.136737403887306,507.87344475905934,49.162408969317674,4.06695386846148,WARNING,NORMAL
7.334817843111914,2.8968224045518824,654.4768526078441,20.128171243083944,531.9198495894352,48.340831585505995,3.515712226811656,SAFE,NORMAL
8.874476744691794,1.0669552922847774,697.5820103178696,26.463790614753595,694.1084491878288,50.554552158818325,3.5713975027650107,WARNING,NORMAL
5.730450614906682,12.70441381552395,416.57182816518156,23.26839763121476,698.6934443227399,42.70810059844112,2.669546850600887,CRITICAL,NORMAL
7.678256110352166,5.012523512250766,559.4537732526791,24.56704626704924,706.1298568885721,56.391495312760625,2.657965869765567,WARNING,NORMAL
7.119638425868656,3.4599867381208904,487.810828016349,30.739093775642594,788.9473014241186,52.37488810847933,2.851330524555718,SAFE,NORMAL
7.596740208328926,6.611839959775771,450.2725524438619,29.104979790523334,566.290542578718,43.687102445645635,3.568488066734119,WARNING,NORMAL
6.739839212203693,1.9982714718342405,445.50270863676496,26.69209980551594,851.0181944137175,58.158148263979214,2.6214358931030275,SAFE,NORMAL
7.165724478399085,10.144174428849293,432.6060659492903,27.331864274527344,777.4950165029567,34.77867250348588,3.4232521709961907,CRITICAL,NORMAL
7.697987405625847,5.076638375105931,437.7690747633137,25.30194102195499,984.5248365382132,67.22058426822315,3.9293054203600457,WARNING,LEAK
9.379037140730688,6.191857274790402,648.7936457648708,30.397363616236195,777.5674628831446,65.08161567183834,2.846490861096742,CRITICAL,LEAK
7.76562533258145,2.3306813977427363,475.7494024454664,30.170167145041326,687.4987705646753,63.801138203925845,2.7317590235381366,SAFE,NORMAL
6.606354081378644,1.17068367457326,659.0233945668049,30.963731396419785,1086.5467228600774,46.02776696802507,2.8344570005180745,WARNING,NORMAL
